assigned_to_detail,id,creator_detail,resolution,creator,last_change_time,priority,status,dupe_of,component,severity,assigned_to,creation_time,product
"{'id': 2, 'real_name': 'Mikael Hallendal (hallski) (RETIRED)', 'email': 'hallski', 'name': 'hallski'}",2,"{'real_name': 'Tod M. Neidt', 'id': 4, 'email': 'tneidt', 'name': 'tneidt'}",FIXED,tneidt,2024-01-05T20:52:34Z,High,RESOLVED,,New packages,normal,hallski,2002-01-04T02:39:31Z,Gentoo Linux
"{'email': 'danarmak', 'name': 'danarmak', 'real_name': 'Dan Armak (RETIRED)', 'id': 10}",3,"{'name': 'tneidt', 'email': 'tneidt', 'id': 4, 'real_name': 'Tod M. Neidt'}",FIXED,tneidt,2006-04-11T07:36:05Z,High,RESOLVED,,[OLD] Development,normal,danarmak,2002-01-04T02:42:49Z,Gentoo Linux
"{'email': 'hallski', 'name': 'hallski', 'real_name': 'Mikael Hallendal (hallski) (RETIRED)', 'id': 2}",4,"{'real_name': 'Tod M. Neidt', 'id': 4, 'name': 'tneidt', 'email': 'tneidt'}",FIXED,tneidt,2003-02-04T19:42:18Z,High,RESOLVED,,Current packages,normal,hallski,2002-01-04T02:45:54Z,Gentoo Linux
"{'email': 'kabau', 'name': 'kabau', 'id': 1, 'real_name': 'Damon Conway (RETIRED)'}",5,"{'email': 'tneidt', 'name': 'tneidt', 'id': 4, 'real_name': 'Tod M. Neidt'}",FIXED,tneidt,2003-02-04T19:42:18Z,High,RESOLVED,,[OLD] Development,normal,kabau,2002-01-04T02:48:30Z,Gentoo Linux
"{'name': 'kabau', 'email': 'kabau', 'real_name': 'Damon Conway (RETIRED)', 'id': 1}",6,"{'real_name': 'Tod M. Neidt', 'id': 4, 'name': 'tneidt', 'email': 'tneidt'}",FIXED,tneidt,2024-04-12T09:55:35Z,High,RESOLVED,,[OLD] Development,normal,kabau,2002-01-04T02:50:31Z,Gentoo Linux
"{'email': 'hallski', 'name': 'hallski', 'real_name': 'Mikael Hallendal (hallski) (RETIRED)', 'id': 2}",7,"{'id': 4, 'real_name': 'Tod M. Neidt', 'email': 'tneidt', 'name': 'tneidt'}",FIXED,tneidt,2003-02-04T19:42:18Z,High,RESOLVED,,[OLD] GNOME,normal,hallski,2002-01-04T02:52:47Z,Gentoo Linux
"{'real_name': 'Mikael Hallendal (hallski) (RETIRED)', 'id': 2, 'email': 'hallski', 'name': 'hallski'}",8,"{'real_name': 'Einar Karttunen', 'id': 7, 'email': 'ekarttun', 'name': 'ekarttun'}",FIXED,ekarttun,2003-02-04T19:42:18Z,High,RESOLVED,,Current packages,normal,hallski,2002-01-04T07:14:44Z,Gentoo Linux
"{'id': 9, 'real_name': 'Grant Goodyear (RETIRED)', 'email': 'g2boojum', 'name': 'g2boojum'}",9,"{'name': 'g2boojum', 'email': 'g2boojum', 'id': 9, 'real_name': 'Grant Goodyear (RETIRED)'}",FIXED,g2boojum,2002-01-07T17:46:31Z,High,RESOLVED,,[OLD] Server,minor,g2boojum,2002-01-04T09:17:36Z,Gentoo Linux
"{'email': 'azarah', 'name': 'azarah', 'real_name': 'Martin Schlemmer (RETIRED)', 'id': 12}",10,"{'real_name': 'Grant Goodyear (RETIRED)', 'id': 9, 'name': 'g2boojum', 'email': 'g2boojum'}",FIXED,g2boojum,2002-05-28T07:55:42Z,High,RESOLVED,,[OLD] GNOME,minor,azarah,2002-01-04T09:19:09Z,Gentoo Linux
"{'real_name': 'Mikael Hallendal (hallski) (RETIRED)', 'id': 2, 'email': 'hallski', 'name': 'hallski'}",11,"{'name': 'hallski', 'email': 'hallski', 'id': 2, 'real_name': 'Mikael Hallendal (hallski) (RETIRED)'}",DUPLICATE,hallski,2012-03-01T12:45:12Z,High,RESOLVED,10.0,[OLD] GNOME,normal,hallski,2002-01-04T09:35:47Z,Gentoo Linux
"{'id': 2, 'real_name': 'Mikael Hallendal (hallski) (RETIRED)', 'email': 'hallski', 'name': 'hallski'}",12,"{'name': 'hallski', 'email': 'hallski', 'real_name': 'Mikael Hallendal (hallski) (RETIRED)', 'id': 2}",FIXED,hallski,2003-02-04T19:42:18Z,High,RESOLVED,,[OLD] Server,major,hallski,2002-01-04T11:02:21Z,Gentoo Linux
"{'id': 1972, 'real_name': 'John Davis (zhen) (RETIRED)', 'name': 'zhen', 'email': 'zhen'}",13,"{'name': 'damon', 'email': 'damon', 'real_name': 'Damon Conway', 'id': 3}",FIXED,damon,2011-10-30T23:11:57Z,Normal,RESOLVED,,Bugzilla,trivial,zhen,2002-01-04T15:22:20Z,Gentoo Infrastructure
"{'name': 'woodchip', 'email': 'woodchip', 'real_name': 'Donny Davies (RETIRED)', 'id': 13}",14,"{'name': 'woodchip', 'email': 'woodchip', 'id': 13, 'real_name': 'Donny Davies (RETIRED)'}",FIXED,woodchip,2020-08-10T13:07:19Z,High,RESOLVED,,[OLD] Core system,minor,woodchip,2002-01-04T15:25:14Z,Gentoo Linux
"{'id': 1972, 'real_name': 'John Davis (zhen) (RETIRED)', 'name': 'zhen', 'email': 'zhen'}",15,"{'name': 'damon', 'email': 'damon', 'real_name': 'Damon Conway', 'id': 3}",DUPLICATE,damon,2011-10-30T23:15:45Z,High,RESOLVED,13.0,Bugzilla,normal,zhen,2002-01-04T15:29:29Z,Gentoo Infrastructure
"{'email': 'hallski', 'name': 'hallski', 'real_name': 'Mikael Hallendal (hallski) (RETIRED)', 'id': 2}",16,"{'real_name': 'Geert Bevin', 'id': 5, 'name': 'gbevin', 'email': 'gbevin'}",FIXED,gbevin,2003-02-04T19:42:18Z,High,RESOLVED,,[OLD] GNOME,major,hallski,2002-01-04T16:21:20Z,Gentoo Linux
"{'name': 'azarah', 'email': 'azarah', 'real_name': 'Martin Schlemmer (RETIRED)', 'id': 12}",17,"{'id': 5, 'real_name': 'Geert Bevin', 'email': 'gbevin', 'name': 'gbevin'}",FIXED,gbevin,2003-02-04T19:42:18Z,High,RESOLVED,,[OLD] GNOME,major,azarah,2002-01-04T18:14:07Z,Gentoo Linux
"{'real_name': 'Mikael Hallendal (hallski) (RETIRED)', 'id': 2, 'email': 'hallski', 'name': 'hallski'}",18,"{'id': 4, 'real_name': 'Tod M. Neidt', 'email': 'tneidt', 'name': 'tneidt'}",FIXED,tneidt,2003-02-04T19:42:18Z,High,RESOLVED,,Current packages,normal,hallski,2002-01-04T18:48:23Z,Gentoo Linux
"{'name': 'azarah', 'email': 'azarah', 'real_name': 'Martin Schlemmer (RETIRED)', 'id': 12}",19,"{'email': 'drobbins', 'name': 'drobbins', 'id': 8, 'real_name': 'Daniel Robbins (RETIRED)'}",FIXED,drobbins,2003-02-04T19:42:18Z,High,RESOLVED,,[OLD] Development,normal,azarah,2002-01-04T18:52:46Z,Gentoo Linux
"{'id': 2, 'real_name': 'Mikael Hallendal (hallski) (RETIRED)', 'name': 'hallski', 'email': 'hallski'}",20,"{'name': 'tneidt', 'email': 'tneidt', 'real_name': 'Tod M. Neidt', 'id': 4}",FIXED,tneidt,2003-02-04T19:42:18Z,High,RESOLVED,,Current packages,normal,hallski,2002-01-04T18:58:49Z,Gentoo Linux
"{'real_name': 'Mikael Hallendal (hallski) (RETIRED)', 'id': 2, 'email': 'hallski', 'name': 'hallski'}",21,"{'email': 'tneidt', 'name': 'tneidt', 'real_name': 'Tod M. Neidt', 'id': 4}",FIXED,tneidt,2003-02-04T19:42:18Z,High,RESOLVED,,[OLD] Development,normal,hallski,2002-01-04T19:03:45Z,Gentoo Linux
"{'real_name': 'Daniel Robbins (RETIRED)', 'id': 8, 'name': 'drobbins', 'email': 'drobbins'}",22,"{'email': 'gentoo', 'name': 'gentoo', 'real_name': 'Michael Tartsch', 'id': 16}",FIXED,gentoo,2003-02-04T19:42:18Z,High,RESOLVED,,[OLD] Core system,minor,drobbins,2002-01-04T19:11:00Z,Gentoo Linux
"{'name': 'kabau', 'email': 'kabau', 'id': 1, 'real_name': 'Damon Conway (RETIRED)'}",23,"{'id': 4, 'real_name': 'Tod M. Neidt', 'email': 'tneidt', 'name': 'tneidt'}",FIXED,tneidt,2003-02-04T19:42:18Z,High,RESOLVED,,[OLD] Development,major,kabau,2002-01-04T19:13:59Z,Gentoo Linux
"{'email': 'kabau', 'name': 'kabau', 'real_name': 'Damon Conway (RETIRED)', 'id': 1}",24,"{'email': 'tneidt', 'name': 'tneidt', 'real_name': 'Tod M. Neidt', 'id': 4}",FIXED,tneidt,2003-02-04T19:42:18Z,High,RESOLVED,,[OLD] Development,major,kabau,2002-01-04T19:15:32Z,Gentoo Linux
"{'name': 'kabau', 'email': 'kabau', 'id': 1, 'real_name': 'Damon Conway (RETIRED)'}",25,"{'id': 4, 'real_name': 'Tod M. Neidt', 'email': 'tneidt', 'name': 'tneidt'}",FIXED,tneidt,2003-02-04T19:42:18Z,High,RESOLVED,,[OLD] Development,normal,kabau,2002-01-04T19:18:26Z,Gentoo Linux
"{'email': 'kabau', 'name': 'kabau', 'real_name': 'Damon Conway (RETIRED)', 'id': 1}",26,"{'email': 'tneidt', 'name': 'tneidt', 'id': 4, 'real_name': 'Tod M. Neidt'}",FIXED,tneidt,2003-05-07T08:58:34Z,High,RESOLVED,,Current packages,normal,kabau,2002-01-04T19:21:53Z,Gentoo Linux
"{'email': 'hallski', 'name': 'hallski', 'id': 2, 'real_name': 'Mikael Hallendal (hallski) (RETIRED)'}",27,"{'name': 'hallski', 'email': 'hallski', 'real_name': 'Mikael Hallendal (hallski) (RETIRED)', 'id': 2}",INVALID,hallski,2003-02-04T19:42:18Z,High,RESOLVED,,New packages,normal,hallski,2002-01-04T19:37:04Z,Gentoo Linux
"{'real_name': 'Geert Bevin', 'id': 5, 'email': 'gbevin', 'name': 'gbevin'}",28,"{'id': 4, 'real_name': 'Tod M. Neidt', 'name': 'tneidt', 'email': 'tneidt'}",FIXED,tneidt,2003-02-04T19:42:18Z,High,RESOLVED,,[OLD] Development,normal,gbevin,2002-01-04T19:44:19Z,Gentoo Linux
"{'email': 'bart', 'name': 'bart', 'id': 14, 'real_name': 'Bart Verwilst'}",29,"{'id': 4, 'real_name': 'Tod M. Neidt', 'email': 'tneidt', 'name': 'tneidt'}",FIXED,tneidt,2003-02-04T19:42:18Z,High,RESOLVED,,[OLD] Development,normal,bart,2002-01-04T19:55:27Z,Gentoo Linux
"{'id': 84, 'real_name': 'Tod M. Neidt (RETIRED)', 'email': 'tod', 'name': 'tod'}",30,"{'id': 4, 'real_name': 'Tod M. Neidt', 'name': 'tneidt', 'email': 'tneidt'}",FIXED,tneidt,2003-02-04T19:42:18Z,High,RESOLVED,,[OLD] Library,normal,tod,2002-01-04T19:58:29Z,Gentoo Linux
"{'real_name': 'Tod M. Neidt (RETIRED)', 'id': 84, 'email': 'tod', 'name': 'tod'}",31,"{'id': 4, 'real_name': 'Tod M. Neidt', 'name': 'tneidt', 'email': 'tneidt'}",FIXED,tneidt,2003-02-04T19:42:18Z,High,RESOLVED,,Current packages,normal,tod,2002-01-04T20:10:43Z,Gentoo Linux
"{'email': 'hallski', 'name': 'hallski', 'id': 2, 'real_name': 'Mikael Hallendal (hallski) (RETIRED)'}",32,"{'id': 4, 'real_name': 'Tod M. Neidt', 'name': 'tneidt', 'email': 'tneidt'}",FIXED,tneidt,2003-02-04T19:42:18Z,High,RESOLVED,,Current packages,normal,hallski,2002-01-04T20:12:51Z,Gentoo Linux
"{'real_name': 'Mikael Hallendal (hallski) (RETIRED)', 'id': 2, 'name': 'hallski', 'email': 'hallski'}",33,"{'name': 'tneidt', 'email': 'tneidt', 'id': 4, 'real_name': 'Tod M. Neidt'}",FIXED,tneidt,2022-03-26T03:17:01Z,High,RESOLVED,,Current packages,normal,hallski,2002-01-04T20:23:32Z,Gentoo Linux
"{'id': 2, 'real_name': 'Mikael Hallendal (hallski) (RETIRED)', 'name': 'hallski', 'email': 'hallski'}",34,"{'email': 'tneidt', 'name': 'tneidt', 'id': 4, 'real_name': 'Tod M. Neidt'}",FIXED,tneidt,2003-02-04T19:42:18Z,High,RESOLVED,,Current packages,normal,hallski,2002-01-04T20:44:34Z,Gentoo Linux
"{'email': 'tod', 'name': 'tod', 'id': 84, 'real_name': 'Tod M. Neidt (RETIRED)'}",35,"{'id': 4, 'real_name': 'Tod M. Neidt', 'email': 'tneidt', 'name': 'tneidt'}",FIXED,tneidt,2003-02-04T19:42:18Z,High,RESOLVED,,[OLD] Development,normal,tod,2002-01-04T20:51:40Z,Gentoo Linux
"{'real_name': 'Grant Goodyear (RETIRED)', 'id': 9, 'email': 'g2boojum', 'name': 'g2boojum'}",36,"{'email': 'hallski', 'name': 'hallski', 'real_name': 'Mikael Hallendal (hallski) (RETIRED)', 'id': 2}",INVALID,hallski,2003-02-04T19:42:18Z,High,RESOLVED,,[OLD] GNOME,normal,g2boojum,2002-01-04T22:29:59Z,Gentoo Linux
"{'email': 'danarmak', 'name': 'danarmak', 'id': 10, 'real_name': 'Dan Armak (RETIRED)'}",37,"{'id': 2, 'real_name': 'Mikael Hallendal (hallski) (RETIRED)', 'email': 'hallski', 'name': 'hallski'}",FIXED,hallski,2003-02-04T19:42:18Z,Normal,RESOLVED,,[OLD] KDE,normal,danarmak,2002-01-04T22:33:20Z,Gentoo Linux
"{'email': 'azarah', 'name': 'azarah', 'id': 12, 'real_name': 'Martin Schlemmer (RETIRED)'}",38,"{'id': 2, 'real_name': 'Mikael Hallendal (hallski) (RETIRED)', 'name': 'hallski', 'email': 'hallski'}",FIXED,hallski,2003-02-04T19:42:18Z,High,RESOLVED,,Current packages,normal,azarah,2002-01-04T22:45:34Z,Gentoo Linux
"{'email': 'azarah', 'name': 'azarah', 'real_name': 'Martin Schlemmer (RETIRED)', 'id': 12}",39,"{'id': 2, 'real_name': 'Mikael Hallendal (hallski) (RETIRED)', 'email': 'hallski', 'name': 'hallski'}",FIXED,hallski,2003-02-04T19:42:18Z,High,RESOLVED,,Current packages,normal,azarah,2002-01-04T22:47:10Z,Gentoo Linux
"{'email': 'danarmak', 'name': 'danarmak', 'real_name': 'Dan Armak (RETIRED)', 'id': 10}",40,"{'id': 20, 'real_name': 'Tom von Schwerdtner', 'email': 'tvon', 'name': 'tvon'}",FIXED,tvon,2002-01-05T11:20:49Z,High,RESOLVED,,Current packages,normal,danarmak,2002-01-05T07:07:28Z,Gentoo Linux
"{'real_name': 'Daniel Robbins (RETIRED)', 'id': 8, 'email': 'drobbins', 'name': 'drobbins'}",41,"{'email': 'lotia', 'name': 'lotia', 'id': 23, 'real_name': 'ali asad lotia'}",FIXED,lotia,2003-02-04T19:42:18Z,High,RESOLVED,,[OLD] Development,normal,drobbins,2002-01-05T14:46:43Z,Gentoo Linux
"{'id': 1, 'real_name': 'Damon Conway (RETIRED)', 'email': 'kabau', 'name': 'kabau'}",42,"{'real_name': 'Tod M. Neidt', 'id': 4, 'email': 'tneidt', 'name': 'tneidt'}",FIXED,tneidt,2003-02-04T19:42:18Z,High,RESOLVED,,[OLD] Development,normal,kabau,2002-01-05T15:12:24Z,Gentoo Linux
"{'name': 'mbutcher', 'email': 'mbutcher', 'real_name': 'Matt Butcher', 'id': 26}",43,"{'real_name': 'Matt Butcher', 'id': 26, 'name': 'mbutcher', 'email': 'mbutcher'}",FIXED,mbutcher,2003-02-04T19:42:18Z,Normal,RESOLVED,,Current packages,normal,mbutcher,2002-01-05T16:20:52Z,Gentoo Linux
"{'name': 'kabau', 'email': 'kabau', 'id': 1, 'real_name': 'Damon Conway (RETIRED)'}",44,"{'id': 4, 'real_name': 'Tod M. Neidt', 'name': 'tneidt', 'email': 'tneidt'}",FIXED,tneidt,2007-03-28T12:33:35Z,High,RESOLVED,,[OLD] Development,normal,kabau,2002-01-05T17:03:55Z,Gentoo Linux
"{'id': 8, 'real_name': 'Daniel Robbins (RETIRED)', 'name': 'drobbins', 'email': 'drobbins'}",45,"{'id': 4, 'real_name': 'Tod M. Neidt', 'email': 'tneidt', 'name': 'tneidt'}",FIXED,tneidt,2007-02-28T11:36:07Z,High,RESOLVED,,[OLD] Development,normal,drobbins,2002-01-05T23:19:11Z,Gentoo Linux
"{'name': 'azarah', 'email': 'azarah', 'id': 12, 'real_name': 'Martin Schlemmer (RETIRED)'}",46,"{'name': 'hallski', 'email': 'hallski', 'real_name': 'Mikael Hallendal (hallski) (RETIRED)', 'id': 2}",DUPLICATE,hallski,2005-07-17T13:06:51Z,High,RESOLVED,2355.0,[OLD] Core system,normal,azarah,2002-01-06T03:59:04Z,Gentoo Linux
"{'email': 'hallski', 'name': 'hallski', 'id': 2, 'real_name': 'Mikael Hallendal (hallski) (RETIRED)'}",47,"{'real_name': 'Shahar Goldin', 'id': 31, 'name': 'aldarsior', 'email': 'aldarsior'}",INVALID,aldarsior,2003-02-04T19:42:18Z,High,RESOLVED,,Current packages,normal,hallski,2002-01-06T04:52:51Z,Gentoo Linux
"{'real_name': 'Daniel Robbins (RETIRED)', 'id': 8, 'email': 'drobbins', 'name': 'drobbins'}",48,"{'email': 'vitaly_kushneriuk', 'name': 'vitaly_kushneriuk', 'id': 32, 'real_name': 'Vitaly Kushneriuk'}",FIXED,vitaly_kushneriuk,2003-02-04T19:42:18Z,High,RESOLVED,,[OLD] Core system,normal,drobbins,2002-01-06T05:24:09Z,Gentoo Linux
"{'email': 'danarmak', 'name': 'danarmak', 'real_name': 'Dan Armak (RETIRED)', 'id': 10}",49,"{'email': 'protrans', 'name': 'protrans', 'real_name': '', 'id': 33}",FIXED,protrans,2003-02-04T19:42:18Z,High,RESOLVED,,[OLD] KDE,normal,danarmak,2002-01-06T05:51:35Z,Gentoo Linux
"{'id': 8, 'real_name': 'Daniel Robbins (RETIRED)', 'email': 'drobbins', 'name': 'drobbins'}",50,"{'name': 'vitaly_kushneriuk', 'email': 'vitaly_kushneriuk', 'real_name': 'Vitaly Kushneriuk', 'id': 32}",FIXED,vitaly_kushneriuk,2003-02-04T19:42:18Z,High,RESOLVED,,[OLD] Core system,normal,drobbins,2002-01-06T07:08:22Z,Gentoo Linux
"{'email': 'hallski', 'name': 'hallski', 'real_name': 'Mikael Hallendal (hallski) (RETIRED)', 'id': 2}",51,"{'real_name': 'Geert Bevin', 'id': 5, 'email': 'gbevin', 'name': 'gbevin'}",FIXED,gbevin,2003-02-04T19:42:18Z,High,RESOLVED,,[OLD] GNOME,normal,hallski,2002-01-06T08:09:22Z,Gentoo Linux
"{'email': 'hallski', 'name': 'hallski', 'real_name': 'Mikael Hallendal (hallski) (RETIRED)', 'id': 2}",52,"{'name': 'sebastian', 'email': 'sebastian', 'id': 34, 'real_name': 'Sebastian Werner'}",INVALID,sebastian,2021-08-18T10:30:01Z,High,RESOLVED,,[OLD] GNOME,normal,hallski,2002-01-06T08:24:47Z,Gentoo Linux
"{'email': 'zhen', 'name': 'zhen', 'id': 1972, 'real_name': 'John Davis (zhen) (RETIRED)'}",53,"{'real_name': 'Dan Armak (RETIRED)', 'id': 10, 'email': 'danarmak', 'name': 'danarmak'}",FIXED,danarmak,2024-05-18T16:20:32Z,Lowest,RESOLVED,,Bugzilla,blocker,zhen,2002-01-06T12:05:43Z,Gentoo Infrastructure
"{'real_name': 'Daniel Robbins (RETIRED)', 'id': 8, 'email': 'drobbins', 'name': 'drobbins'}",54,"{'real_name': 'Mikael Hallendal (hallski) (RETIRED)', 'id': 2, 'name': 'hallski', 'email': 'hallski'}",REMIND,hallski,2005-08-22T15:25:42Z,High,VERIFIED,,[OLD] Core system,normal,drobbins,2002-01-06T15:04:50Z,Gentoo Linux
"{'id': 8, 'real_name': 'Daniel Robbins (RETIRED)', 'name': 'drobbins', 'email': 'drobbins'}",55,"{'real_name': 'TheMadHatter', 'id': 36, 'name': 'jean-baptiste.note', 'email': 'jean-baptiste.note'}",FIXED,jean-baptiste.note,2003-01-28T00:30:44Z,High,RESOLVED,,[OLD] Core system,normal,drobbins,2002-01-06T17:29:23Z,Gentoo Linux
"{'email': 'kain', 'name': 'kain', 'real_name': 'Bryon Roche (RETIRED)', 'id': 573}",56,"{'email': 'jean-baptiste.note', 'name': 'jean-baptiste.note', 'real_name': 'TheMadHatter', 'id': 36}",FIXED,jean-baptiste.note,2009-08-21T11:14:08Z,High,RESOLVED,,[OLD] Core system,major,kain,2002-01-06T17:53:30Z,Gentoo Linux
"{'name': 'hallski', 'email': 'hallski', 'real_name': 'Mikael Hallendal (hallski) (RETIRED)', 'id': 2}",57,"{'real_name': 'Tod M. Neidt', 'id': 4, 'name': 'tneidt', 'email': 'tneidt'}",FIXED,tneidt,2003-02-04T19:42:18Z,High,RESOLVED,,[OLD] GNOME,normal,hallski,2002-01-06T18:00:34Z,Gentoo Linux
"{'real_name': 'Mikael Hallendal (hallski) (RETIRED)', 'id': 2, 'name': 'hallski', 'email': 'hallski'}",58,"{'name': 'karl', 'email': 'karl', 'real_name': 'Karl Haines', 'id': 37}",FIXED,karl,2003-02-04T19:42:18Z,High,RESOLVED,,Current packages,major,hallski,2002-01-06T18:01:06Z,Gentoo Linux
"{'name': 'kabau', 'email': 'kabau', 'id': 1, 'real_name': 'Damon Conway (RETIRED)'}",59,"{'real_name': 'TheMadHatter', 'id': 36, 'email': 'jean-baptiste.note', 'name': 'jean-baptiste.note'}",FIXED,jean-baptiste.note,2002-12-15T21:08:50Z,High,VERIFIED,,Other,normal,kabau,2002-01-06T18:11:15Z,[OLD] Docs-user
"{'id': 2, 'real_name': 'Mikael Hallendal (hallski) (RETIRED)', 'name': 'hallski', 'email': 'hallski'}",60,"{'real_name': 'Nils Ohlmeier', 'id': 38, 'name': 'develop', 'email': 'develop'}",FIXED,develop,2003-02-04T19:42:18Z,High,RESOLVED,,Current packages,normal,hallski,2002-01-06T22:11:25Z,Gentoo Linux
"{'real_name': 'Thilo Bangert (RETIRED) (RETIRED)', 'id': 324, 'name': 'bangert', 'email': 'bangert'}",61,"{'real_name': 'Daniel Robbins (RETIRED)', 'id': 8, 'email': 'drobbins', 'name': 'drobbins'}",FIXED,drobbins,2011-10-30T22:21:52Z,High,RESOLVED,,Unclassified,major,bangert,2002-01-06T22:33:15Z,Portage Development
"{'id': 5, 'real_name': 'Geert Bevin', 'name': 'gbevin', 'email': 'gbevin'}",62,"{'id': 8, 'real_name': 'Daniel Robbins (RETIRED)', 'email': 'drobbins', 'name': 'drobbins'}",FIXED,drobbins,2011-10-30T22:20:51Z,High,RESOLVED,,Unclassified,normal,gbevin,2002-01-06T22:33:58Z,Portage Development
"{'name': 'gbevin', 'email': 'gbevin', 'id': 5, 'real_name': 'Geert Bevin'}",63,"{'email': 'drobbins', 'name': 'drobbins', 'id': 8, 'real_name': 'Daniel Robbins (RETIRED)'}",FIXED,drobbins,2011-10-30T22:20:27Z,High,RESOLVED,,Unclassified,normal,gbevin,2002-01-06T22:34:20Z,Portage Development
"{'email': 'danarmak', 'name': 'danarmak', 'real_name': 'Dan Armak (RETIRED)', 'id': 10}",64,"{'id': 38, 'real_name': 'Nils Ohlmeier', 'email': 'develop', 'name': 'develop'}",INVALID,develop,2003-02-04T19:42:18Z,High,RESOLVED,,[OLD] KDE,normal,danarmak,2002-01-06T23:29:06Z,Gentoo Linux
"{'email': 'gbevin', 'name': 'gbevin', 'id': 5, 'real_name': 'Geert Bevin'}",65,"{'email': 'hallski', 'name': 'hallski', 'real_name': 'Mikael Hallendal (hallski) (RETIRED)', 'id': 2}",FIXED,hallski,2003-02-04T19:42:18Z,High,RESOLVED,,[OLD] Development,normal,gbevin,2002-01-07T01:23:14Z,Gentoo Linux
"{'name': 'hallski', 'email': 'hallski', 'real_name': 'Mikael Hallendal (hallski) (RETIRED)', 'id': 2}",66,"{'email': 'ceed', 'name': 'ceed', 'real_name': 'Christian Rubbert', 'id': 39}",INVALID,ceed,2003-02-04T19:42:18Z,High,RESOLVED,,Current packages,minor,hallski,2002-01-07T02:25:42Z,Gentoo Linux
"{'real_name': 'Donny Davies (RETIRED)', 'id': 13, 'name': 'woodchip', 'email': 'woodchip'}",67,"{'real_name': 'Mikael Hallendal (hallski) (RETIRED)', 'id': 2, 'email': 'hallski', 'name': 'hallski'}",FIXED,hallski,2003-02-04T19:42:18Z,High,RESOLVED,,[OLD] Server,major,woodchip,2002-01-07T02:57:31Z,Gentoo Linux
"{'email': 'kabau', 'name': 'kabau', 'id': 1, 'real_name': 'Damon Conway (RETIRED)'}",68,"{'id': 23, 'real_name': 'ali asad lotia', 'email': 'lotia', 'name': 'lotia'}",FIXED,lotia,2003-02-04T19:42:18Z,High,RESOLVED,,[OLD] Server,normal,kabau,2002-01-07T09:17:06Z,Gentoo Linux
"{'name': 'hallski', 'email': 'hallski', 'real_name': 'Mikael Hallendal (hallski) (RETIRED)', 'id': 2}",69,"{'name': 'mbutcher', 'email': 'mbutcher', 'id': 26, 'real_name': 'Matt Butcher'}",INVALID,mbutcher,2003-02-04T19:42:18Z,High,RESOLVED,,New packages,normal,hallski,2002-01-07T11:57:21Z,Gentoo Linux
"{'name': 'drobbins', 'email': 'drobbins', 'real_name': 'Daniel Robbins (RETIRED)', 'id': 8}",70,"{'email': 'mbutcher', 'name': 'mbutcher', 'id': 26, 'real_name': 'Matt Butcher'}",FIXED,mbutcher,2003-02-04T19:42:18Z,High,VERIFIED,,Other,enhancement,drobbins,2002-01-07T13:22:14Z,[OLD] Docs-user
"{'name': 'zhen', 'email': 'zhen', 'real_name': 'John Davis (zhen) (RETIRED)', 'id': 1972}",71,"{'real_name': 'Tod M. Neidt', 'id': 4, 'name': 'tneidt', 'email': 'tneidt'}",FIXED,tneidt,2011-10-30T23:16:39Z,High,RESOLVED,,Bugzilla,normal,zhen,2002-01-07T13:34:34Z,Gentoo Infrastructure
"{'id': 9, 'real_name': 'Grant Goodyear (RETIRED)', 'email': 'g2boojum', 'name': 'g2boojum'}",72,"{'real_name': 'Gontran Zepeda', 'id': 43, 'name': 'gontran', 'email': 'gontran'}",FIXED,gontran,2003-02-04T19:42:18Z,High,RESOLVED,,[OLD] Development,normal,g2boojum,2002-01-07T13:37:47Z,Gentoo Linux
"{'id': 19, 'real_name': 'Karl Trygve Kalleberg (RETIRED)', 'name': 'karltk', 'email': 'karltk'}",73,"{'real_name': 'Dan Armak (RETIRED)', 'id': 10, 'email': 'danarmak', 'name': 'danarmak'}",FIXED,danarmak,2002-01-12T19:40:08Z,High,RESOLVED,,[OLD] Development,normal,karltk,2002-01-07T15:53:15Z,Gentoo Linux
"{'email': 'azarah', 'name': 'azarah', 'id': 12, 'real_name': 'Martin Schlemmer (RETIRED)'}",74,"{'name': 'thezulk', 'email': 'thezulk', 'id': 44, 'real_name': 'Andreas'}",FIXED,thezulk,2003-02-04T19:42:18Z,High,RESOLVED,,Current packages,major,azarah,2002-01-07T18:38:47Z,Gentoo Linux
"{'id': 2, 'real_name': 'Mikael Hallendal (hallski) (RETIRED)', 'name': 'hallski', 'email': 'hallski'}",75,"{'real_name': 'Charles Kerr', 'id': 42, 'name': 'punt', 'email': 'punt'}",DUPLICATE,punt,2005-07-17T13:06:51Z,High,RESOLVED,74.0,New packages,normal,hallski,2002-01-07T19:00:36Z,Gentoo Linux
"{'name': 'danarmak', 'email': 'danarmak', 'id': 10, 'real_name': 'Dan Armak (RETIRED)'}",76,"{'id': 43, 'real_name': 'Gontran Zepeda', 'name': 'gontran', 'email': 'gontran'}",FIXED,gontran,2003-02-04T19:42:18Z,High,RESOLVED,,[OLD] KDE,normal,danarmak,2002-01-07T20:41:47Z,Gentoo Linux
"{'name': 'azarah', 'email': 'azarah', 'id': 12, 'real_name': 'Martin Schlemmer (RETIRED)'}",77,"{'email': 'aforgue', 'name': 'aforgue', 'real_name': 'Andrew J Forgue', 'id': 45}",FIXED,aforgue,2003-02-04T19:42:18Z,High,RESOLVED,,[OLD] GNOME,major,azarah,2002-01-07T21:29:13Z,Gentoo Linux
"{'email': 'hallski', 'name': 'hallski', 'id': 2, 'real_name': 'Mikael Hallendal (hallski) (RETIRED)'}",78,"{'real_name': 'Andrew J Forgue', 'id': 45, 'email': 'aforgue', 'name': 'aforgue'}",FIXED,aforgue,2003-02-04T19:42:18Z,High,RESOLVED,,[OLD] GNOME,trivial,hallski,2002-01-07T21:35:47Z,Gentoo Linux
"{'name': 'drobbins', 'email': 'drobbins', 'id': 8, 'real_name': 'Daniel Robbins (RETIRED)'}",79,"{'real_name': '', 'id': 49, 'name': 'cami', 'email': 'cami'}",FIXED,cami,2003-02-04T19:42:18Z,High,RESOLVED,,[OLD] Core system,blocker,drobbins,2002-01-08T04:27:37Z,Gentoo Linux
"{'email': 'hallski', 'name': 'hallski', 'id': 2, 'real_name': 'Mikael Hallendal (hallski) (RETIRED)'}",80,"{'email': 'stalker', 'name': 'stalker', 'id': 24, 'real_name': 'John Stalker'}",FIXED,stalker,2003-02-04T19:42:18Z,Normal,RESOLVED,,Current packages,major,hallski,2002-01-08T11:03:05Z,Gentoo Linux
"{'real_name': 'Daniel Robbins (RETIRED)', 'id': 8, 'name': 'drobbins', 'email': 'drobbins'}",81,"{'real_name': 'Charles Kerr', 'id': 42, 'name': 'punt', 'email': 'punt'}",FIXED,punt,2002-01-08T12:26:51Z,High,RESOLVED,,[OLD] Core system,normal,drobbins,2002-01-08T12:05:56Z,Gentoo Linux
"{'name': 'gbevin', 'email': 'gbevin', 'real_name': 'Geert Bevin', 'id': 5}",82,"{'id': 42, 'real_name': 'Charles Kerr', 'email': 'punt', 'name': 'punt'}",FIXED,punt,2002-01-08T17:46:58Z,High,RESOLVED,,[OLD] Development,normal,gbevin,2002-01-08T12:09:09Z,Gentoo Linux
"{'id': 5, 'real_name': 'Geert Bevin', 'email': 'gbevin', 'name': 'gbevin'}",83,"{'id': 42, 'real_name': 'Charles Kerr', 'email': 'punt', 'name': 'punt'}",FIXED,punt,2002-01-08T17:47:24Z,High,RESOLVED,,[OLD] Development,normal,gbevin,2002-01-08T12:14:03Z,Gentoo Linux
"{'name': 'kabau', 'email': 'kabau', 'real_name': 'Damon Conway (RETIRED)', 'id': 1}",84,"{'real_name': 'Tod M. Neidt', 'id': 4, 'email': 'tneidt', 'name': 'tneidt'}",FIXED,tneidt,2003-02-04T19:42:18Z,High,RESOLVED,,[OLD] Server,minor,kabau,2002-01-08T13:12:56Z,Gentoo Linux
"{'email': 'hallski', 'name': 'hallski', 'id': 2, 'real_name': 'Mikael Hallendal (hallski) (RETIRED)'}",85,"{'email': 'datadevil', 'name': 'datadevil', 'real_name': 'Maarten Stolte', 'id': 50}",FIXED,datadevil,2003-02-04T19:42:18Z,High,RESOLVED,,[OLD] GNOME,normal,hallski,2002-01-08T13:34:15Z,Gentoo Linux
"{'real_name': 'Geert Bevin', 'id': 5, 'email': 'gbevin', 'name': 'gbevin'}",86,"{'email': 'woodchip', 'name': 'woodchip', 'id': 13, 'real_name': 'Donny Davies (RETIRED)'}",FIXED,woodchip,2011-10-30T22:20:11Z,High,RESOLVED,,Unclassified,normal,gbevin,2002-01-08T14:14:27Z,Portage Development
"{'id': 8, 'real_name': 'Daniel Robbins (RETIRED)', 'name': 'drobbins', 'email': 'drobbins'}",87,"{'email': 'drobbins', 'name': 'drobbins', 'real_name': 'Daniel Robbins (RETIRED)', 'id': 8}",FIXED,drobbins,2003-02-04T19:42:18Z,High,RESOLVED,,[OLD] Core system,normal,drobbins,2002-01-08T15:38:48Z,Gentoo Linux
"{'name': 'gbevin', 'email': 'gbevin', 'id': 5, 'real_name': 'Geert Bevin'}",88,"{'id': 42, 'real_name': 'Charles Kerr', 'email': 'punt', 'name': 'punt'}",FIXED,punt,2023-01-16T23:57:00Z,High,RESOLVED,,[OLD] Development,normal,gbevin,2002-01-08T15:45:49Z,Gentoo Linux
"{'email': 'zhen', 'name': 'zhen', 'real_name': 'John Davis (zhen) (RETIRED)', 'id': 1972}",89,"{'real_name': 'Achim Gottinger (RETIRED)', 'id': 51, 'email': 'achim', 'name': 'achim'}",FIXED,achim,2011-10-30T23:16:38Z,High,RESOLVED,,Bugzilla,normal,zhen,2002-01-08T16:31:38Z,Gentoo Infrastructure
"{'email': 'kabau', 'name': 'kabau', 'id': 1, 'real_name': 'Damon Conway (RETIRED)'}",90,"{'name': 'g2boojum', 'email': 'g2boojum', 'id': 9, 'real_name': 'Grant Goodyear (RETIRED)'}",FIXED,g2boojum,2003-02-04T19:42:18Z,High,RESOLVED,,[OLD] Server,normal,kabau,2002-01-08T16:45:05Z,Gentoo Linux
"{'id': 2, 'real_name': 'Mikael Hallendal (hallski) (RETIRED)', 'email': 'hallski', 'name': 'hallski'}",91,"{'id': 25, 'real_name': 'Ilian Zarov', 'email': 'coder', 'name': 'coder'}",FIXED,coder,2003-02-04T19:42:18Z,High,RESOLVED,,[OLD] GNOME,enhancement,hallski,2002-01-08T19:01:06Z,Gentoo Linux
"{'id': 84, 'real_name': 'Tod M. Neidt (RETIRED)', 'email': 'tod', 'name': 'tod'}",92,"{'email': 'tneidt', 'name': 'tneidt', 'id': 4, 'real_name': 'Tod M. Neidt'}",FIXED,tneidt,2003-02-04T19:42:18Z,High,RESOLVED,,[OLD] Development,normal,tod,2002-01-08T19:26:17Z,Gentoo Linux
"{'id': 8, 'real_name': 'Daniel Robbins (RETIRED)', 'email': 'drobbins', 'name': 'drobbins'}",93,"{'name': 'drobbins', 'email': 'drobbins', 'real_name': 'Daniel Robbins (RETIRED)', 'id': 8}",FIXED,drobbins,2011-10-30T22:20:07Z,High,RESOLVED,,Unclassified,normal,drobbins,2002-01-08T21:18:36Z,Portage Development
"{'email': 'hallski', 'name': 'hallski', 'id': 2, 'real_name': 'Mikael Hallendal (hallski) (RETIRED)'}",94,"{'id': 24, 'real_name': 'John Stalker', 'name': 'stalker', 'email': 'stalker'}",FIXED,stalker,2002-01-10T07:41:08Z,High,RESOLVED,,Current packages,normal,hallski,2002-01-08T22:31:07Z,Gentoo Linux
"{'email': 'danarmak', 'name': 'danarmak', 'id': 10, 'real_name': 'Dan Armak (RETIRED)'}",95,"{'email': 'punt', 'name': 'punt', 'id': 42, 'real_name': 'Charles Kerr'}",FIXED,punt,2002-01-09T13:03:16Z,High,RESOLVED,,[OLD] KDE,normal,danarmak,2002-01-09T08:57:48Z,Gentoo Linux
"{'name': 'gbevin', 'email': 'gbevin', 'id': 5, 'real_name': 'Geert Bevin'}",96,"{'id': 32, 'real_name': 'Vitaly Kushneriuk', 'name': 'vitaly_kushneriuk', 'email': 'vitaly_kushneriuk'}",FIXED,vitaly_kushneriuk,2011-10-30T22:17:53Z,High,RESOLVED,,Unclassified,normal,gbevin,2002-01-09T10:40:59Z,Portage Development
"{'name': 'g2boojum', 'email': 'g2boojum', 'real_name': 'Grant Goodyear (RETIRED)', 'id': 9}",97,"{'real_name': 'Grant Goodyear (RETIRED)', 'id': 9, 'email': 'g2boojum', 'name': 'g2boojum'}",FIXED,g2boojum,2003-02-04T19:42:18Z,High,RESOLVED,,[OLD] Development,normal,g2boojum,2002-01-09T11:45:08Z,Gentoo Linux
"{'real_name': 'Tod M. Neidt', 'id': 4, 'name': 'tneidt', 'email': 'tneidt'}",98,"{'id': 9, 'real_name': 'Grant Goodyear (RETIRED)', 'email': 'g2boojum', 'name': 'g2boojum'}",FIXED,g2boojum,2003-02-04T19:42:18Z,High,RESOLVED,,[OLD] Unspecified,normal,tneidt,2002-01-09T11:55:55Z,Gentoo Linux
"{'name': 'tod', 'email': 'tod', 'real_name': 'Tod M. Neidt (RETIRED)', 'id': 84}",99,"{'name': 'tneidt', 'email': 'tneidt', 'real_name': 'Tod M. Neidt', 'id': 4}",FIXED,tneidt,2003-02-04T19:42:18Z,High,RESOLVED,,[OLD] Development,normal,tod,2002-01-09T12:40:49Z,Gentoo Linux
"{'real_name': 'Grant Goodyear (RETIRED)', 'id': 9, 'email': 'g2boojum', 'name': 'g2boojum'}",100,"{'id': 9, 'real_name': 'Grant Goodyear (RETIRED)', 'email': 'g2boojum', 'name': 'g2boojum'}",FIXED,g2boojum,2003-02-04T19:42:18Z,High,RESOLVED,,[OLD] Development,normal,g2boojum,2002-01-09T12:54:02Z,Gentoo Linux
"{'email': 'kabau', 'name': 'kabau', 'real_name': 'Damon Conway (RETIRED)', 'id': 1}",101,"{'name': 'kabau', 'email': 'kabau', 'id': 1, 'real_name': 'Damon Conway (RETIRED)'}",FIXED,kabau,2003-02-04T19:42:18Z,High,RESOLVED,,[OLD] Development,major,kabau,2002-01-09T14:47:50Z,Gentoo Linux
"{'real_name': 'Damon Conway (RETIRED)', 'id': 1, 'email': 'kabau', 'name': 'kabau'}",102,"{'name': 'kabau', 'email': 'kabau', 'id': 1, 'real_name': 'Damon Conway (RETIRED)'}",INVALID,kabau,2003-05-07T09:00:28Z,High,RESOLVED,,Current packages,normal,kabau,2002-01-09T14:49:46Z,Gentoo Linux
"{'name': 'zhen', 'email': 'zhen', 'real_name': 'John Davis (zhen) (RETIRED)', 'id': 1972}",103,"{'id': 4, 'real_name': 'Tod M. Neidt', 'name': 'tneidt', 'email': 'tneidt'}",FIXED,tneidt,2011-10-30T23:15:11Z,High,RESOLVED,,Bugzilla,trivial,zhen,2002-01-09T14:53:47Z,Gentoo Infrastructure
"{'id': 8, 'real_name': 'Daniel Robbins (RETIRED)', 'email': 'drobbins', 'name': 'drobbins'}",104,"{'name': 'jeld', 'email': 'jeld', 'real_name': 'Jeld The Dark Elf', 'id': 55}",FIXED,jeld,2003-02-04T19:42:18Z,High,RESOLVED,,[OLD] Core system,normal,drobbins,2002-01-09T17:25:27Z,Gentoo Linux
"{'email': 'drobbins', 'name': 'drobbins', 'real_name': 'Daniel Robbins (RETIRED)', 'id': 8}",105,"{'real_name': 'Mark Bolusmjak', 'id': 56, 'name': 'z5h', 'email': 'z5h'}",FIXED,z5h,2003-02-04T19:42:18Z,High,RESOLVED,,[OLD] Core system,major,drobbins,2002-01-09T17:39:29Z,Gentoo Linux
"{'real_name': 'Daniel Robbins (RETIRED)', 'id': 8, 'name': 'drobbins', 'email': 'drobbins'}",106,"{'real_name': 'Mark Bolusmjak', 'id': 56, 'email': 'z5h', 'name': 'z5h'}",FIXED,z5h,2003-02-04T19:42:18Z,High,RESOLVED,,[OLD] Core system,minor,drobbins,2002-01-09T17:46:51Z,Gentoo Linux
"{'id': 8, 'real_name': 'Daniel Robbins (RETIRED)', 'email': 'drobbins', 'name': 'drobbins'}",107,"{'name': 'dholm', 'email': 'dholm', 'id': 53, 'real_name': 'David Holm'}",FIXED,dholm,2011-10-30T22:21:25Z,High,RESOLVED,,Unclassified,enhancement,drobbins,2002-01-09T17:52:07Z,Portage Development
"{'id': 8, 'real_name': 'Daniel Robbins (RETIRED)', 'email': 'drobbins', 'name': 'drobbins'}",108,"{'real_name': 'David Holm', 'id': 53, 'name': 'dholm', 'email': 'dholm'}",FIXED,dholm,2011-10-30T22:18:52Z,High,RESOLVED,,Unclassified,normal,drobbins,2002-01-09T17:54:01Z,Portage Development
"{'name': 'hallski', 'email': 'hallski', 'id': 2, 'real_name': 'Mikael Hallendal (hallski) (RETIRED)'}",109,"{'email': 'jeld', 'name': 'jeld', 'id': 55, 'real_name': 'Jeld The Dark Elf'}",FIXED,jeld,2003-02-04T19:42:18Z,High,RESOLVED,,Current packages,normal,hallski,2002-01-09T18:02:23Z,Gentoo Linux
"{'real_name': 'Dan Armak (RETIRED)', 'id': 10, 'email': 'danarmak', 'name': 'danarmak'}",110,"{'real_name': 'Chris Arndt', 'id': 57, 'name': 'arndtc', 'email': 'arndtc'}",FIXED,arndtc,2003-02-04T19:42:18Z,High,RESOLVED,,Current packages,normal,danarmak,2002-01-09T19:34:40Z,Gentoo Linux
"{'email': 'bart', 'name': 'bart', 'real_name': 'Bart Verwilst', 'id': 14}",111,"{'name': 'arndtc', 'email': 'arndtc', 'real_name': 'Chris Arndt', 'id': 57}",FIXED,arndtc,2017-09-12T17:36:24Z,High,RESOLVED,,Current packages,normal,bart,2002-01-09T19:37:28Z,Gentoo Linux
"{'email': 'bart', 'name': 'bart', 'id': 14, 'real_name': 'Bart Verwilst'}",112,"{'name': 'arndtc', 'email': 'arndtc', 'id': 57, 'real_name': 'Chris Arndt'}",FIXED,arndtc,2003-02-04T19:42:18Z,High,RESOLVED,,[OLD] Server,normal,bart,2002-01-09T19:39:01Z,Gentoo Linux
"{'real_name': 'Bart Verwilst', 'id': 14, 'name': 'bart', 'email': 'bart'}",113,"{'name': 'arndtc', 'email': 'arndtc', 'id': 57, 'real_name': 'Chris Arndt'}",FIXED,arndtc,2003-02-04T19:42:18Z,High,RESOLVED,,[OLD] Server,normal,bart,2002-01-09T19:40:29Z,Gentoo Linux
"{'email': 'bart', 'name': 'bart', 'real_name': 'Bart Verwilst', 'id': 14}",114,"{'id': 57, 'real_name': 'Chris Arndt', 'email': 'arndtc', 'name': 'arndtc'}",FIXED,arndtc,2003-02-04T19:42:18Z,High,RESOLVED,,Current packages,normal,bart,2002-01-09T19:42:14Z,Gentoo Linux
"{'name': 'hallski', 'email': 'hallski', 'id': 2, 'real_name': 'Mikael Hallendal (hallski) (RETIRED)'}",115,"{'id': 24, 'real_name': 'John Stalker', 'email': 'stalker', 'name': 'stalker'}",FIXED,stalker,2002-01-10T08:12:41Z,High,RESOLVED,,Current packages,normal,hallski,2002-01-09T19:57:38Z,Gentoo Linux
"{'name': 'hallski', 'email': 'hallski', 'real_name': 'Mikael Hallendal (hallski) (RETIRED)', 'id': 2}",116,"{'name': 'tchan', 'email': 'tchan', 'id': 21, 'real_name': 'Terry Chan'}",FIXED,tchan,2002-01-10T16:22:55Z,High,RESOLVED,,Current packages,normal,hallski,2002-01-10T01:50:04Z,Gentoo Linux
"{'email': 'hallski', 'name': 'hallski', 'id': 2, 'real_name': 'Mikael Hallendal (hallski) (RETIRED)'}",117,"{'email': 'ceed', 'name': 'ceed', 'real_name': 'Christian Rubbert', 'id': 39}",FIXED,ceed,2006-04-07T01:10:35Z,High,RESOLVED,,New packages,normal,hallski,2002-01-10T02:50:23Z,Gentoo Linux
"{'email': 'gbevin', 'name': 'gbevin', 'id': 5, 'real_name': 'Geert Bevin'}",118,"{'email': 'vitaly_kushneriuk', 'name': 'vitaly_kushneriuk', 'id': 32, 'real_name': 'Vitaly Kushneriuk'}",FIXED,vitaly_kushneriuk,2003-02-04T19:42:18Z,High,RESOLVED,,[OLD] Server,normal,gbevin,2002-01-10T05:19:22Z,Gentoo Linux
"{'id': 8, 'real_name': 'Daniel Robbins (RETIRED)', 'email': 'drobbins', 'name': 'drobbins'}",119,"{'real_name': 'Christian Rubbert', 'id': 39, 'email': 'ceed', 'name': 'ceed'}",FIXED,ceed,2011-10-30T22:18:06Z,High,RESOLVED,,Unclassified,normal,drobbins,2002-01-10T07:02:32Z,Portage Development
"{'email': 'danarmak', 'name': 'danarmak', 'real_name': 'Dan Armak (RETIRED)', 'id': 10}",120,"{'real_name': 'Charles Kerr', 'id': 42, 'email': 'punt', 'name': 'punt'}",FIXED,punt,2012-11-08T18:14:33Z,High,RESOLVED,,Current packages,normal,danarmak,2002-01-10T07:08:26Z,Gentoo Linux
"{'email': 'karltk', 'name': 'karltk', 'id': 19, 'real_name': 'Karl Trygve Kalleberg (RETIRED)'}",121,"{'real_name': 'Charles Kerr', 'id': 42, 'email': 'punt', 'name': 'punt'}",FIXED,punt,2002-02-21T14:20:02Z,High,RESOLVED,,[OLD] Development,normal,karltk,2002-01-10T09:13:31Z,Gentoo Linux
"{'email': 'drobbins', 'name': 'drobbins', 'id': 8, 'real_name': 'Daniel Robbins (RETIRED)'}",122,"{'email': 'drobbins', 'name': 'drobbins', 'id': 8, 'real_name': 'Daniel Robbins (RETIRED)'}",FIXED,drobbins,2011-10-30T22:18:21Z,High,RESOLVED,,Unclassified,normal,drobbins,2002-01-10T10:14:46Z,Portage Development
"{'email': 'danarmak', 'name': 'danarmak', 'real_name': 'Dan Armak (RETIRED)', 'id': 10}",123,"{'id': 42, 'real_name': 'Charles Kerr', 'name': 'punt', 'email': 'punt'}",FIXED,punt,2010-01-01T20:49:37Z,High,RESOLVED,,[OLD] KDE,normal,danarmak,2002-01-10T10:54:31Z,Gentoo Linux
"{'email': 'chouser', 'name': 'chouser', 'id': 11, 'real_name': 'chouser (RETIRED)'}",124,"{'name': 'punt', 'email': 'punt', 'real_name': 'Charles Kerr', 'id': 42}",FIXED,punt,2002-02-24T18:39:01Z,High,RESOLVED,,[OLD] Development,normal,chouser,2002-01-10T12:06:43Z,Gentoo Linux
"{'id': 8, 'real_name': 'Daniel Robbins (RETIRED)', 'email': 'drobbins', 'name': 'drobbins'}",125,"{'email': 'dholm', 'name': 'dholm', 'real_name': 'David Holm', 'id': 53}",FIXED,dholm,2003-02-04T19:42:18Z,Highest,RESOLVED,,[OLD] Core system,normal,drobbins,2002-01-10T15:56:30Z,Gentoo Linux
"{'name': 'hallski', 'email': 'hallski', 'real_name': 'Mikael Hallendal (hallski) (RETIRED)', 'id': 2}",126,"{'real_name': 'Tod M. Neidt', 'id': 4, 'name': 'tneidt', 'email': 'tneidt'}",FIXED,tneidt,2003-02-04T19:42:18Z,High,RESOLVED,,[OLD] GNOME,normal,hallski,2002-01-10T17:38:07Z,Gentoo Linux
"{'real_name': 'Damon Conway (RETIRED)', 'id': 1, 'name': 'kabau', 'email': 'kabau'}",127,"{'name': 'tneidt', 'email': 'tneidt', 'real_name': 'Tod M. Neidt', 'id': 4}",FIXED,tneidt,2003-02-04T19:42:18Z,High,RESOLVED,,[OLD] Development,normal,kabau,2002-01-10T19:43:25Z,Gentoo Linux
"{'email': 'bart', 'name': 'bart', 'id': 14, 'real_name': 'Bart Verwilst'}",128,"{'name': 'stalker', 'email': 'stalker', 'real_name': 'John Stalker', 'id': 24}",FIXED,stalker,2002-01-12T15:00:39Z,High,RESOLVED,,[OLD] Games,normal,bart,2002-01-10T21:24:58Z,Gentoo Linux
"{'name': 'bart', 'email': 'bart', 'id': 14, 'real_name': 'Bart Verwilst'}",129,"{'id': 24, 'real_name': 'John Stalker', 'email': 'stalker', 'name': 'stalker'}",FIXED,stalker,2002-01-12T15:08:16Z,High,RESOLVED,,[OLD] Games,normal,bart,2002-01-10T22:10:18Z,Gentoo Linux
"{'email': 'bart', 'name': 'bart', 'id': 14, 'real_name': 'Bart Verwilst'}",130,"{'name': 'oliver', 'email': 'oliver', 'id': 18, 'real_name': 'Ollie Rutherfurd'}",FIXED,oliver,2003-02-04T19:42:18Z,High,RESOLVED,,[OLD] Development,normal,bart,2002-01-10T22:29:23Z,Gentoo Linux
"{'real_name': 'Damon Conway (RETIRED)', 'id': 1, 'email': 'kabau', 'name': 'kabau'}",131,"{'name': 'oliver', 'email': 'oliver', 'id': 18, 'real_name': 'Ollie Rutherfurd'}",FIXED,oliver,2003-02-04T19:42:18Z,High,RESOLVED,,[OLD] Development,normal,kabau,2002-01-10T22:48:48Z,Gentoo Linux
"{'email': 'hallski', 'name': 'hallski', 'id': 2, 'real_name': 'Mikael Hallendal (hallski) (RETIRED)'}",132,"{'real_name': 'Naresh Donti', 'id': 63, 'email': 'ndonti', 'name': 'ndonti'}",FIXED,ndonti,2003-02-04T19:42:18Z,High,RESOLVED,,[OLD] GNOME,normal,hallski,2002-01-10T23:55:42Z,Gentoo Linux
"{'real_name': 'Mikael Hallendal (hallski) (RETIRED)', 'id': 2, 'name': 'hallski', 'email': 'hallski'}",133,"{'name': 'tneidt', 'email': 'tneidt', 'id': 4, 'real_name': 'Tod M. Neidt'}",FIXED,tneidt,2003-02-04T19:42:18Z,High,RESOLVED,,Current packages,normal,hallski,2002-01-11T00:16:36Z,Gentoo Linux
"{'email': 'azarah', 'name': 'azarah', 'id': 12, 'real_name': 'Martin Schlemmer (RETIRED)'}",134,"{'real_name': 'Grant Goodyear (RETIRED)', 'id': 9, 'name': 'g2boojum', 'email': 'g2boojum'}",FIXED,g2boojum,2003-02-04T19:42:18Z,High,RESOLVED,,Current packages,normal,azarah,2002-01-11T08:10:15Z,Gentoo Linux
"{'email': 'danarmak', 'name': 'danarmak', 'real_name': 'Dan Armak (RETIRED)', 'id': 10}",135,"{'name': 'bebbo', 'email': 'bebbo', 'id': 22, 'real_name': 'Calle Lennartsson'}",DUPLICATE,bebbo,2005-07-17T13:06:51Z,High,RESOLVED,72.0,[OLD] Server,normal,danarmak,2002-01-11T08:39:21Z,Gentoo Linux
"{'name': 'gbevin', 'email': 'gbevin', 'real_name': 'Geert Bevin', 'id': 5}",136,"{'id': 34, 'real_name': 'Sebastian Werner', 'email': 'sebastian', 'name': 'sebastian'}",FIXED,sebastian,2003-02-04T19:42:18Z,High,RESOLVED,,[OLD] Library,enhancement,gbevin,2002-01-11T12:28:14Z,Gentoo Linux
"{'real_name': 'Bart Verwilst', 'id': 14, 'name': 'bart', 'email': 'bart'}",137,"{'real_name': 'Brent Cook', 'id': 40, 'email': 'busterb', 'name': 'busterb'}",FIXED,busterb,2003-02-04T19:42:18Z,High,RESOLVED,,[OLD] Library,enhancement,bart,2002-01-11T14:44:14Z,Gentoo Linux
"{'real_name': 'Bart Verwilst', 'id': 14, 'name': 'bart', 'email': 'bart'}",138,"{'name': 'tchan', 'email': 'tchan', 'id': 21, 'real_name': 'Terry Chan'}",FIXED,tchan,2002-01-13T23:49:25Z,High,RESOLVED,,Current packages,enhancement,bart,2002-01-12T01:34:37Z,Gentoo Linux
"{'id': 19, 'real_name': 'Karl Trygve Kalleberg (RETIRED)', 'name': 'karltk', 'email': 'karltk'}",139,"{'id': 19, 'real_name': 'Karl Trygve Kalleberg (RETIRED)', 'email': 'karltk', 'name': 'karltk'}",FIXED,karltk,2003-02-04T19:42:18Z,High,RESOLVED,,Current packages,normal,karltk,2002-01-12T02:36:27Z,Gentoo Linux
"{'name': 'hallski', 'email': 'hallski', 'real_name': 'Mikael Hallendal (hallski) (RETIRED)', 'id': 2}",140,"{'id': 64, 'real_name': 'Greg Horne', 'name': 'horne', 'email': 'horne'}",FIXED,horne,2003-02-04T19:42:18Z,Highest,RESOLVED,,Current packages,normal,hallski,2002-01-12T07:49:00Z,Gentoo Linux
"{'name': 'drobbins', 'email': 'drobbins', 'id': 8, 'real_name': 'Daniel Robbins (RETIRED)'}",141,"{'real_name': 'Joshua Pierre', 'id': 6, 'name': 'joshua', 'email': 'joshua'}",FIXED,joshua,2003-02-04T19:42:18Z,High,RESOLVED,,[OLD] Core system,normal,drobbins,2002-01-12T08:40:58Z,Gentoo Linux
"{'id': 2, 'real_name': 'Mikael Hallendal (hallski) (RETIRED)', 'email': 'hallski', 'name': 'hallski'}",142,"{'real_name': 'Tod M. Neidt', 'id': 4, 'name': 'tneidt', 'email': 'tneidt'}",FIXED,tneidt,2003-02-04T19:42:18Z,High,RESOLVED,,Current packages,normal,hallski,2002-01-12T19:01:52Z,Gentoo Linux
"{'real_name': 'Bruce A. Locke', 'id': 41, 'email': 'blocke', 'name': 'blocke'}",143,"{'name': 'gentoo', 'email': 'gentoo', 'id': 65, 'real_name': 'Benjamin Ritcey'}",FIXED,gentoo,2003-02-04T19:42:18Z,High,RESOLVED,,Current packages,enhancement,blocke,2002-01-12T21:40:07Z,Gentoo Linux
"{'email': 'drobbins', 'name': 'drobbins', 'real_name': 'Daniel Robbins (RETIRED)', 'id': 8}",144,"{'id': 32, 'real_name': 'Vitaly Kushneriuk', 'email': 'vitaly_kushneriuk', 'name': 'vitaly_kushneriuk'}",FIXED,vitaly_kushneriuk,2021-07-30T07:30:44Z,High,RESOLVED,,[OLD] Core system,normal,drobbins,2002-01-13T06:11:59Z,Gentoo Linux
"{'name': 'hallski', 'email': 'hallski', 'id': 2, 'real_name': 'Mikael Hallendal (hallski) (RETIRED)'}",145,"{'id': 37, 'real_name': 'Karl Haines', 'name': 'karl', 'email': 'karl'}",FIXED,karl,2021-07-22T09:22:31Z,High,RESOLVED,,[OLD] GNOME,major,hallski,2002-01-13T10:30:54Z,Gentoo Linux
"{'name': 'gbevin', 'email': 'gbevin', 'real_name': 'Geert Bevin', 'id': 5}",146,"{'name': 'arjan', 'email': 'arjan', 'id': 67, 'real_name': 'arjan timmerman'}",FIXED,arjan,2021-07-20T07:55:45Z,High,RESOLVED,,[OLD] Development,normal,gbevin,2002-01-13T11:02:53Z,Gentoo Linux
"{'name': 'gbevin', 'email': 'gbevin', 'real_name': 'Geert Bevin', 'id': 5}",147,"{'real_name': '', 'id': 33, 'email': 'protrans', 'name': 'protrans'}",FIXED,protrans,2003-02-04T19:42:18Z,High,RESOLVED,,[OLD] Library,normal,gbevin,2002-01-13T13:25:44Z,Gentoo Linux
"{'id': 12, 'real_name': 'Martin Schlemmer (RETIRED)', 'name': 'azarah', 'email': 'azarah'}",148,"{'name': 'drobbins', 'email': 'drobbins', 'id': 8, 'real_name': 'Daniel Robbins (RETIRED)'}",FIXED,drobbins,2003-02-04T19:42:18Z,High,RESOLVED,,Current packages,normal,azarah,2002-01-13T14:17:39Z,Gentoo Linux
"{'real_name': 'Mikael Hallendal (hallski) (RETIRED)', 'id': 2, 'name': 'hallski', 'email': 'hallski'}",149,"{'real_name': 'Tod M. Neidt', 'id': 4, 'name': 'tneidt', 'email': 'tneidt'}",FIXED,tneidt,2003-02-04T19:42:18Z,High,RESOLVED,,[OLD] GNOME,normal,hallski,2002-01-13T14:50:20Z,Gentoo Linux
"{'real_name': 'Geert Bevin', 'id': 5, 'email': 'gbevin', 'name': 'gbevin'}",150,"{'email': 'drobbins', 'name': 'drobbins', 'real_name': 'Daniel Robbins (RETIRED)', 'id': 8}",FIXED,drobbins,2011-10-30T22:19:28Z,High,RESOLVED,,Unclassified,normal,gbevin,2002-01-13T15:54:58Z,Portage Development
"{'id': 10, 'real_name': 'Dan Armak (RETIRED)', 'name': 'danarmak', 'email': 'danarmak'}",151,"{'email': 'bart', 'name': 'bart', 'real_name': 'Bart Verwilst', 'id': 14}",FIXED,bart,2003-02-04T19:42:18Z,High,RESOLVED,,[OLD] KDE,major,danarmak,2002-01-13T16:49:42Z,Gentoo Linux
"{'name': 'blocke', 'email': 'blocke', 'id': 41, 'real_name': 'Bruce A. Locke'}",152,"{'id': 69, 'real_name': 'Joao Schim', 'name': 'joao', 'email': 'joao'}",FIXED,joao,2003-02-04T19:42:18Z,High,RESOLVED,,Current packages,enhancement,blocke,2002-01-13T18:35:22Z,Gentoo Linux
"{'id': 12, 'real_name': 'Martin Schlemmer (RETIRED)', 'name': 'azarah', 'email': 'azarah'}",153,"{'real_name': 'Daniel Robbins (RETIRED)', 'id': 8, 'name': 'drobbins', 'email': 'drobbins'}",DUPLICATE,drobbins,2005-07-17T13:06:51Z,High,RESOLVED,51.0,[OLD] GNOME,normal,azarah,2002-01-13T20:36:40Z,Gentoo Linux
"{'real_name': 'Karl Trygve Kalleberg (RETIRED)', 'id': 19, 'email': 'karltk', 'name': 'karltk'}",154,"{'id': 57, 'real_name': 'Chris Arndt', 'name': 'arndtc', 'email': 'arndtc'}",INVALID,arndtc,2003-02-04T19:42:18Z,High,RESOLVED,,[OLD] Development,normal,karltk,2002-01-13T23:35:44Z,Gentoo Linux
"{'name': 'karltk', 'email': 'karltk', 'real_name': 'Karl Trygve Kalleberg (RETIRED)', 'id': 19}",155,"{'name': 'arndtc', 'email': 'arndtc', 'real_name': 'Chris Arndt', 'id': 57}",FIXED,arndtc,2003-02-04T19:42:18Z,High,RESOLVED,,[OLD] Development,normal,karltk,2002-01-13T23:45:46Z,Gentoo Linux
"{'real_name': 'Martin Schlemmer (RETIRED)', 'id': 12, 'email': 'azarah', 'name': 'azarah'}",156,"{'email': 'jano', 'name': 'jano', 'id': 70, 'real_name': 'jano lukac'}",DUPLICATE,jano,2005-07-17T13:06:51Z,Lowest,RESOLVED,38.0,Current packages,minor,azarah,2002-01-14T00:04:43Z,Gentoo Linux
"{'id': 2, 'real_name': 'Mikael Hallendal (hallski) (RETIRED)', 'email': 'hallski', 'name': 'hallski'}",157,"{'id': 4, 'real_name': 'Tod M. Neidt', 'name': 'tneidt', 'email': 'tneidt'}",FIXED,tneidt,2003-02-04T19:42:18Z,High,RESOLVED,,[OLD] GNOME,minor,hallski,2002-01-14T00:48:36Z,Gentoo Linux
"{'email': 'seemant', 'name': 'seemant', 'id': 399, 'real_name': 'Seemant Kulleen (RETIRED)'}",158,"{'id': 32, 'real_name': 'Vitaly Kushneriuk', 'name': 'vitaly_kushneriuk', 'email': 'vitaly_kushneriuk'}",FIXED,vitaly_kushneriuk,2003-02-04T19:42:18Z,High,RESOLVED,,[OLD] Core system,normal,seemant,2002-01-14T04:12:24Z,Gentoo Linux
"{'email': 'drobbins', 'name': 'drobbins', 'id': 8, 'real_name': 'Daniel Robbins (RETIRED)'}",159,"{'real_name': 'Laurent Sinitambirivoutin', 'id': 71, 'email': 'laurent', 'name': 'laurent'}",FIXED,laurent,2003-02-04T19:42:18Z,Lowest,RESOLVED,,Current packages,normal,drobbins,2002-01-14T08:30:41Z,Gentoo Linux
"{'real_name': 'Geert Bevin', 'id': 5, 'email': 'gbevin', 'name': 'gbevin'}",160,"{'email': 'jasonr', 'name': 'jasonr', 'id': 61, 'real_name': 'Jason Draugluin Ritchie'}",FIXED,jasonr,2003-02-04T19:42:18Z,Lowest,RESOLVED,,[OLD] Core system,trivial,gbevin,2002-01-14T12:50:42Z,Gentoo Linux
"{'real_name': 'Geert Bevin', 'id': 5, 'email': 'gbevin', 'name': 'gbevin'}",161,"{'id': 5, 'real_name': 'Geert Bevin', 'email': 'gbevin', 'name': 'gbevin'}",FIXED,gbevin,2003-02-04T19:42:18Z,High,RESOLVED,,[OLD] Development,normal,gbevin,2002-01-14T12:56:18Z,Gentoo Linux
"{'id': 1, 'real_name': 'Damon Conway (RETIRED)', 'name': 'kabau', 'email': 'kabau'}",162,"{'real_name': 'jim', 'id': 74, 'name': 'jim', 'email': 'jim'}",FIXED,jim,2003-02-04T19:42:18Z,High,RESOLVED,,[OLD] Server,normal,kabau,2002-01-14T14:00:55Z,Gentoo Linux
"{'id': 35, 'real_name': 'Aron Griffis (RETIRED)', 'email': 'agriffis', 'name': 'agriffis'}",163,"{'email': 'azarah', 'name': 'azarah', 'real_name': 'Martin Schlemmer (RETIRED)', 'id': 12}",FIXED,azarah,2003-02-04T19:42:18Z,Normal,RESOLVED,,[OLD] GNOME,normal,agriffis,2002-01-14T14:15:36Z,Gentoo Linux
"{'real_name': 'Dan Armak (RETIRED)', 'id': 10, 'email': 'danarmak', 'name': 'danarmak'}",164,"{'name': 'ceed', 'email': 'ceed', 'real_name': 'Christian Rubbert', 'id': 39}",FIXED,ceed,2003-02-04T19:42:18Z,High,RESOLVED,,[OLD] KDE,normal,danarmak,2002-01-14T16:03:32Z,Gentoo Linux
"{'real_name': 'Geert Bevin', 'id': 5, 'email': 'gbevin', 'name': 'gbevin'}",165,"{'id': 75, 'real_name': 'Luke Graham', 'name': 'spooq', 'email': 'spooq'}",FIXED,spooq,2011-10-30T22:21:23Z,High,RESOLVED,,Unclassified,normal,gbevin,2002-01-14T17:43:41Z,Portage Development
"{'name': 'hallski', 'email': 'hallski', 'real_name': 'Mikael Hallendal (hallski) (RETIRED)', 'id': 2}",166,"{'real_name': 'Luke Graham', 'id': 75, 'email': 'spooq', 'name': 'spooq'}",INVALID,spooq,2021-08-04T11:54:44Z,High,RESOLVED,,New packages,normal,hallski,2002-01-14T21:17:03Z,Gentoo Linux
"{'real_name': 'Geert Bevin', 'id': 5, 'email': 'gbevin', 'name': 'gbevin'}",167,"{'email': 'spooq', 'name': 'spooq', 'real_name': 'Luke Graham', 'id': 75}",FIXED,spooq,2003-02-04T19:42:18Z,High,RESOLVED,,[OLD] Library,normal,gbevin,2002-01-14T23:07:46Z,Gentoo Linux
"{'real_name': 'Dan Armak (RETIRED)', 'id': 10, 'email': 'danarmak', 'name': 'danarmak'}",168,"{'id': 75, 'real_name': 'Luke Graham', 'email': 'spooq', 'name': 'spooq'}",FIXED,spooq,2002-02-11T13:52:39Z,High,RESOLVED,,[OLD] Games,normal,danarmak,2002-01-14T23:14:36Z,Gentoo Linux
"{'name': 'kabau', 'email': 'kabau', 'real_name': 'Damon Conway (RETIRED)', 'id': 1}",169,"{'email': 'spooq', 'name': 'spooq', 'id': 75, 'real_name': 'Luke Graham'}",DUPLICATE,spooq,2002-12-15T21:08:55Z,High,VERIFIED,71.0,Other,normal,kabau,2002-01-14T23:37:00Z,[OLD] Docs-user
"{'name': 'bart', 'email': 'bart', 'id': 14, 'real_name': 'Bart Verwilst'}",170,"{'id': 39, 'real_name': 'Christian Rubbert', 'name': 'ceed', 'email': 'ceed'}",FIXED,ceed,2003-02-04T19:42:18Z,High,RESOLVED,,[OLD] Core system,normal,bart,2002-01-15T04:48:37Z,Gentoo Linux
"{'id': 2, 'real_name': 'Mikael Hallendal (hallski) (RETIRED)', 'name': 'hallski', 'email': 'hallski'}",171,"{'id': 66, 'real_name': 'Anders Rune Jensen', 'email': 'root', 'name': 'root'}",INVALID,root,2003-02-04T19:42:18Z,High,RESOLVED,,[OLD] GNOME,normal,hallski,2002-01-15T05:29:44Z,Gentoo Linux
"{'name': 'drobbins', 'email': 'drobbins', 'id': 8, 'real_name': 'Daniel Robbins (RETIRED)'}",172,"{'real_name': 'Lars S. Jensen', 'id': 76, 'email': 'larssj', 'name': 'larssj'}",FIXED,larssj,2003-02-04T19:42:18Z,High,RESOLVED,,[OLD] Core system,normal,drobbins,2002-01-15T06:40:50Z,Gentoo Linux
"{'name': 'danarmak', 'email': 'danarmak', 'real_name': 'Dan Armak (RETIRED)', 'id': 10}",173,"{'email': 'larssj', 'name': 'larssj', 'id': 76, 'real_name': 'Lars S. Jensen'}",FIXED,larssj,2003-02-04T19:42:18Z,High,RESOLVED,,[OLD] KDE,normal,danarmak,2002-01-15T06:51:21Z,Gentoo Linux
"{'id': 2, 'real_name': 'Mikael Hallendal (hallski) (RETIRED)', 'name': 'hallski', 'email': 'hallski'}",174,"{'email': 'ceed', 'name': 'ceed', 'real_name': 'Christian Rubbert', 'id': 39}",FIXED,ceed,2003-02-04T19:42:18Z,High,RESOLVED,,Current packages,normal,hallski,2002-01-15T07:40:07Z,Gentoo Linux
"{'id': 5, 'real_name': 'Geert Bevin', 'email': 'gbevin', 'name': 'gbevin'}",175,"{'real_name': 'Christian Rubbert', 'id': 39, 'name': 'ceed', 'email': 'ceed'}",FIXED,ceed,2003-02-04T19:42:18Z,High,RESOLVED,,[OLD] Library,normal,gbevin,2002-01-15T08:25:44Z,Gentoo Linux
"{'real_name': 'Grant Goodyear (RETIRED)', 'id': 9, 'name': 'g2boojum', 'email': 'g2boojum'}",176,"{'email': 'ceed', 'name': 'ceed', 'real_name': 'Christian Rubbert', 'id': 39}",FIXED,ceed,2003-02-04T19:42:18Z,High,RESOLVED,,[OLD] Development,normal,g2boojum,2002-01-15T08:37:17Z,Gentoo Linux
"{'real_name': 'Martin Schlemmer (RETIRED)', 'id': 12, 'name': 'azarah', 'email': 'azarah'}",177,"{'real_name': 'Daniel Robbins (RETIRED)', 'id': 8, 'email': 'drobbins', 'name': 'drobbins'}",FIXED,drobbins,2003-02-04T19:42:18Z,High,RESOLVED,,[OLD] Core system,major,azarah,2002-01-15T10:17:48Z,Gentoo Linux
"{'name': 'gbevin', 'email': 'gbevin', 'real_name': 'Geert Bevin', 'id': 5}",178,"{'real_name': 'Vitaly Kushneriuk', 'id': 32, 'email': 'vitaly_kushneriuk', 'name': 'vitaly_kushneriuk'}",INVALID,vitaly_kushneriuk,2003-02-04T19:42:18Z,High,RESOLVED,,[OLD] Development,normal,gbevin,2002-01-15T10:45:23Z,Gentoo Linux
"{'email': 'drobbins', 'name': 'drobbins', 'real_name': 'Daniel Robbins (RETIRED)', 'id': 8}",179,"{'name': 'jeld', 'email': 'jeld', 'id': 55, 'real_name': 'Jeld The Dark Elf'}",INVALID,jeld,2003-02-04T19:42:18Z,High,VERIFIED,,[OLD] Core system,normal,drobbins,2002-01-15T11:59:23Z,Gentoo Linux
"{'id': 8, 'real_name': 'Daniel Robbins (RETIRED)', 'email': 'drobbins', 'name': 'drobbins'}",180,"{'email': 'jeld', 'name': 'jeld', 'id': 55, 'real_name': 'Jeld The Dark Elf'}",FIXED,jeld,2003-02-04T19:42:18Z,High,RESOLVED,,[OLD] Core system,normal,drobbins,2002-01-15T12:00:35Z,Gentoo Linux
"{'real_name': 'Geert Bevin', 'id': 5, 'email': 'gbevin', 'name': 'gbevin'}",181,"{'email': 'g2boojum', 'name': 'g2boojum', 'real_name': 'Grant Goodyear (RETIRED)', 'id': 9}",FIXED,g2boojum,2003-02-04T19:42:18Z,High,RESOLVED,,[OLD] Server,normal,gbevin,2002-01-15T12:37:38Z,Gentoo Linux
"{'real_name': 'Donny Davies (RETIRED)', 'id': 13, 'name': 'woodchip', 'email': 'woodchip'}",182,"{'id': 78, 'real_name': 'Jeffry', 'email': 'gila', 'name': 'gila'}",FIXED,gila,2003-02-04T19:42:18Z,High,RESOLVED,,Current packages,normal,woodchip,2002-01-15T14:11:39Z,Gentoo Linux
"{'email': 'azarah', 'name': 'azarah', 'id': 12, 'real_name': 'Martin Schlemmer (RETIRED)'}",183,"{'email': 'drobbins', 'name': 'drobbins', 'id': 8, 'real_name': 'Daniel Robbins (RETIRED)'}",FIXED,drobbins,2003-02-04T19:42:18Z,High,RESOLVED,,[OLD] Core system,normal,azarah,2002-01-15T14:55:04Z,Gentoo Linux
"{'email': 'drobbins', 'name': 'drobbins', 'id': 8, 'real_name': 'Daniel Robbins (RETIRED)'}",184,"{'real_name': 'aeoo', 'id': 80, 'name': 'aeoo', 'email': 'aeoo'}",FIXED,aeoo,2011-10-30T22:20:01Z,High,RESOLVED,,Unclassified,minor,drobbins,2002-01-15T15:46:20Z,Portage Development
"{'email': 'drobbins', 'name': 'drobbins', 'id': 8, 'real_name': 'Daniel Robbins (RETIRED)'}",185,"{'id': 80, 'real_name': 'aeoo', 'name': 'aeoo', 'email': 'aeoo'}",FIXED,aeoo,2011-10-30T22:20:45Z,High,RESOLVED,,Unclassified,enhancement,drobbins,2002-01-15T16:10:33Z,Portage Development
"{'real_name': 'Geert Bevin', 'id': 5, 'email': 'gbevin', 'name': 'gbevin'}",186,"{'id': 80, 'real_name': 'aeoo', 'email': 'aeoo', 'name': 'aeoo'}",FIXED,aeoo,2002-02-04T06:53:42Z,High,RESOLVED,,[OLD] Core system,minor,gbevin,2002-01-15T16:36:34Z,Gentoo Linux
"{'id': 8, 'real_name': 'Daniel Robbins (RETIRED)', 'email': 'drobbins', 'name': 'drobbins'}",187,"{'email': 'gontran', 'name': 'gontran', 'real_name': 'Gontran Zepeda', 'id': 43}",FIXED,gontran,2003-02-04T19:42:18Z,High,RESOLVED,,[OLD] Core system,normal,drobbins,2002-01-15T17:14:20Z,Gentoo Linux
"{'real_name': 'Bart Verwilst', 'id': 14, 'name': 'bart', 'email': 'bart'}",188,"{'real_name': 'Michael Tartsch', 'id': 16, 'name': 'gentoo', 'email': 'gentoo'}",FIXED,gentoo,2003-02-04T19:42:18Z,High,RESOLVED,,[OLD] Library,normal,bart,2002-01-15T17:29:42Z,Gentoo Linux
"{'name': 'danarmak', 'email': 'danarmak', 'real_name': 'Dan Armak (RETIRED)', 'id': 10}",189,"{'id': 38, 'real_name': 'Nils Ohlmeier', 'name': 'develop', 'email': 'develop'}",FIXED,develop,2003-02-04T19:42:18Z,High,RESOLVED,,[OLD] KDE,normal,danarmak,2002-01-15T18:36:53Z,Gentoo Linux
"{'name': 'drobbins', 'email': 'drobbins', 'real_name': 'Daniel Robbins (RETIRED)', 'id': 8}",190,"{'id': 80, 'real_name': 'aeoo', 'name': 'aeoo', 'email': 'aeoo'}",FIXED,aeoo,2011-10-30T22:21:43Z,High,RESOLVED,,Unclassified,enhancement,drobbins,2002-01-15T19:12:25Z,Portage Development
"{'real_name': 'Bart Verwilst', 'id': 14, 'name': 'bart', 'email': 'bart'}",191,"{'real_name': 'John Stalker', 'id': 24, 'email': 'stalker', 'name': 'stalker'}",FIXED,stalker,2002-01-23T08:21:07Z,High,RESOLVED,,[OLD] Games,normal,bart,2002-01-15T21:47:01Z,Gentoo Linux
"{'name': 'woodchip', 'email': 'woodchip', 'real_name': 'Donny Davies (RETIRED)', 'id': 13}",192,"{'name': 'jhhudso', 'email': 'jhhudso', 'real_name': 'Jared H. Hudson', 'id': 52}",FIXED,jhhudso,2003-02-04T19:42:18Z,High,RESOLVED,,Current packages,major,woodchip,2002-01-15T22:09:24Z,Gentoo Linux
"{'name': 'drobbins', 'email': 'drobbins', 'real_name': 'Daniel Robbins (RETIRED)', 'id': 8}",193,"{'real_name': 'aeoo', 'id': 80, 'name': 'aeoo', 'email': 'aeoo'}",INVALID,aeoo,2002-01-16T00:07:33Z,High,RESOLVED,,[OLD] Core system,normal,drobbins,2002-01-15T22:42:11Z,Gentoo Linux
"{'email': 'gbevin', 'name': 'gbevin', 'id': 5, 'real_name': 'Geert Bevin'}",194,"{'name': 'aeoo', 'email': 'aeoo', 'real_name': 'aeoo', 'id': 80}",FIXED,aeoo,2011-10-30T22:19:17Z,High,RESOLVED,,Unclassified,enhancement,gbevin,2002-01-15T23:15:19Z,Portage Development
"{'email': 'drobbins', 'name': 'drobbins', 'real_name': 'Daniel Robbins (RETIRED)', 'id': 8}",195,"{'name': 'aeoo', 'email': 'aeoo', 'real_name': 'aeoo', 'id': 80}",FIXED,aeoo,2011-10-30T22:21:56Z,High,RESOLVED,,Unclassified,enhancement,drobbins,2002-01-16T00:01:12Z,Portage Development
"{'email': 'gbevin', 'name': 'gbevin', 'real_name': 'Geert Bevin', 'id': 5}",196,"{'email': 'jhhudso', 'name': 'jhhudso', 'id': 52, 'real_name': 'Jared H. Hudson'}",FIXED,jhhudso,2003-02-04T19:42:18Z,High,RESOLVED,,[OLD] Development,major,gbevin,2002-01-16T00:37:04Z,Gentoo Linux
"{'email': 'azarah', 'name': 'azarah', 'id': 12, 'real_name': 'Martin Schlemmer (RETIRED)'}",197,"{'name': 'vitaly_kushneriuk', 'email': 'vitaly_kushneriuk', 'id': 32, 'real_name': 'Vitaly Kushneriuk'}",FIXED,vitaly_kushneriuk,2003-12-30T02:53:47Z,High,RESOLVED,,[OLD] Core system,normal,azarah,2002-01-16T03:36:27Z,Gentoo Linux
"{'id': 8, 'real_name': 'Daniel Robbins (RETIRED)', 'name': 'drobbins', 'email': 'drobbins'}",198,"{'name': 'ralf', 'email': 'ralf', 'id': 83, 'real_name': ''}",FIXED,ralf,2003-02-04T19:42:18Z,High,RESOLVED,,Current packages,normal,drobbins,2002-01-16T05:01:11Z,Gentoo Linux
"{'id': 10, 'real_name': 'Dan Armak (RETIRED)', 'name': 'danarmak', 'email': 'danarmak'}",199,"{'name': 'coder', 'email': 'coder', 'real_name': 'Ilian Zarov', 'id': 25}",FIXED,coder,2003-02-04T19:42:18Z,High,RESOLVED,,Current packages,enhancement,danarmak,2002-01-16T11:30:53Z,Gentoo Linux
"{'name': 'hallski', 'email': 'hallski', 'real_name': 'Mikael Hallendal (hallski) (RETIRED)', 'id': 2}",200,"{'name': 'tod', 'email': 'tod', 'id': 84, 'real_name': 'Tod M. Neidt (RETIRED)'}",FIXED,tod,2003-02-04T19:42:18Z,High,RESOLVED,,[OLD] GNOME,minor,hallski,2002-01-16T19:19:28Z,Gentoo Linux
"{'real_name': 'Bart Verwilst', 'id': 14, 'name': 'bart', 'email': 'bart'}",201,"{'name': 'stalker', 'email': 'stalker', 'id': 24, 'real_name': 'John Stalker'}",FIXED,stalker,2002-02-07T09:38:35Z,High,RESOLVED,,Current packages,normal,bart,2002-01-16T20:35:47Z,Gentoo Linux
"{'id': 2, 'real_name': 'Mikael Hallendal (hallski) (RETIRED)', 'email': 'hallski', 'name': 'hallski'}",202,"{'name': 'cami', 'email': 'cami', 'real_name': '', 'id': 49}",FIXED,cami,2003-02-04T19:42:18Z,Highest,RESOLVED,,Current packages,normal,hallski,2002-01-17T00:04:42Z,Gentoo Linux
"{'email': 'hallski', 'name': 'hallski', 'id': 2, 'real_name': 'Mikael Hallendal (hallski) (RETIRED)'}",203,"{'name': 'cami', 'email': 'cami', 'id': 49, 'real_name': ''}",FIXED,cami,2003-02-04T19:42:18Z,Normal,RESOLVED,,Current packages,normal,hallski,2002-01-17T00:06:45Z,Gentoo Linux
"{'id': 8, 'real_name': 'Daniel Robbins (RETIRED)', 'name': 'drobbins', 'email': 'drobbins'}",204,"{'id': 2, 'real_name': 'Mikael Hallendal (hallski) (RETIRED)', 'email': 'hallski', 'name': 'hallski'}",FIXED,hallski,2003-02-04T19:42:18Z,High,RESOLVED,,[OLD] Core system,normal,drobbins,2002-01-17T03:19:00Z,Gentoo Linux
"{'real_name': 'Geert Bevin', 'id': 5, 'email': 'gbevin', 'name': 'gbevin'}",205,"{'real_name': 'aeoo', 'id': 80, 'name': 'aeoo', 'email': 'aeoo'}",DUPLICATE,aeoo,2011-10-30T22:19:13Z,High,RESOLVED,278.0,Unclassified,enhancement,gbevin,2002-01-17T03:33:52Z,Portage Development
"{'email': 'hallski', 'name': 'hallski', 'real_name': 'Mikael Hallendal (hallski) (RETIRED)', 'id': 2}",206,"{'email': 'm0rpheus', 'name': 'm0rpheus', 'id': 59, 'real_name': 'Ferry Meyndert'}",FIXED,m0rpheus,2007-09-13T20:44:51Z,High,RESOLVED,,[OLD] Core system,normal,hallski,2002-01-17T04:31:33Z,Gentoo Linux
"{'real_name': 'Mikael Hallendal (hallski) (RETIRED)', 'id': 2, 'email': 'hallski', 'name': 'hallski'}",207,"{'name': 'm0rpheus', 'email': 'm0rpheus', 'real_name': 'Ferry Meyndert', 'id': 59}",FIXED,m0rpheus,2003-02-04T19:42:18Z,High,RESOLVED,,Current packages,normal,hallski,2002-01-17T06:50:37Z,Gentoo Linux
"{'name': 'woodchip', 'email': 'woodchip', 'real_name': 'Donny Davies (RETIRED)', 'id': 13}",208,"{'id': 87, 'real_name': 'Sander Balkenende', 'name': 'sbalk', 'email': 'sbalk'}",FIXED,sbalk,2003-02-04T19:42:18Z,High,RESOLVED,,[OLD] Core system,normal,woodchip,2002-01-17T10:17:17Z,Gentoo Linux
"{'real_name': 'Donny Davies (RETIRED)', 'id': 13, 'email': 'woodchip', 'name': 'woodchip'}",209,"{'name': 'karltk', 'email': 'karltk', 'real_name': 'Karl Trygve Kalleberg (RETIRED)', 'id': 19}",FIXED,karltk,2003-02-04T19:42:18Z,High,RESOLVED,,[OLD] Server,normal,woodchip,2002-01-17T10:44:19Z,Gentoo Linux
"{'real_name': 'John Davis (zhen) (RETIRED)', 'id': 1972, 'name': 'zhen', 'email': 'zhen'}",210,"{'id': 80, 'real_name': 'aeoo', 'email': 'aeoo', 'name': 'aeoo'}",DUPLICATE,aeoo,2011-10-30T23:14:36Z,High,RESOLVED,71.0,Bugzilla,major,zhen,2002-01-17T11:17:28Z,Gentoo Infrastructure
"{'id': 2, 'real_name': 'Mikael Hallendal (hallski) (RETIRED)', 'name': 'hallski', 'email': 'hallski'}",211,"{'id': 59, 'real_name': 'Ferry Meyndert', 'name': 'm0rpheus', 'email': 'm0rpheus'}",FIXED,m0rpheus,2003-02-04T19:42:18Z,High,RESOLVED,,New packages,normal,hallski,2002-01-17T12:52:38Z,Gentoo Linux
"{'email': 'hallski', 'name': 'hallski', 'real_name': 'Mikael Hallendal (hallski) (RETIRED)', 'id': 2}",212,"{'email': 'm0rpheus', 'name': 'm0rpheus', 'real_name': 'Ferry Meyndert', 'id': 59}",FIXED,m0rpheus,2003-02-04T19:42:18Z,High,RESOLVED,,Current packages,trivial,hallski,2002-01-17T13:13:45Z,Gentoo Linux
"{'email': 'drobbins', 'name': 'drobbins', 'real_name': 'Daniel Robbins (RETIRED)', 'id': 8}",213,"{'id': 61, 'real_name': 'Jason Draugluin Ritchie', 'email': 'jasonr', 'name': 'jasonr'}",FIXED,jasonr,2011-10-30T22:20:10Z,Low,RESOLVED,,Unclassified,minor,drobbins,2002-01-17T13:27:40Z,Portage Development
"{'id': 5, 'real_name': 'Geert Bevin', 'name': 'gbevin', 'email': 'gbevin'}",214,"{'name': 'gila', 'email': 'gila', 'real_name': 'Jeffry', 'id': 78}",FIXED,gila,2003-01-28T00:30:44Z,High,RESOLVED,,[OLD] Library,normal,gbevin,2002-01-17T16:09:55Z,Gentoo Linux
"{'name': 'woodchip', 'email': 'woodchip', 'real_name': 'Donny Davies (RETIRED)', 'id': 13}",215,"{'name': 'jan.sabbe', 'email': 'jan.sabbe', 'id': 68, 'real_name': 'Jan Sabbe'}",FIXED,jan.sabbe,2002-02-08T18:02:55Z,High,RESOLVED,,[OLD] Server,normal,woodchip,2002-01-17T16:35:40Z,Gentoo Linux
"{'real_name': 'Dan Armak (RETIRED)', 'id': 10, 'email': 'danarmak', 'name': 'danarmak'}",216,"{'real_name': 'Daniel Mettler', 'id': 88, 'name': 'mettlerd', 'email': 'mettlerd'}",FIXED,mettlerd,2003-02-04T19:42:18Z,High,RESOLVED,,[OLD] KDE,major,danarmak,2002-01-17T18:52:05Z,Gentoo Linux
"{'real_name': 'Mikael Hallendal (hallski) (RETIRED)', 'id': 2, 'name': 'hallski', 'email': 'hallski'}",217,"{'id': 2, 'real_name': 'Mikael Hallendal (hallski) (RETIRED)', 'email': 'hallski', 'name': 'hallski'}",FIXED,hallski,2003-02-04T19:42:18Z,High,RESOLVED,,Current packages,normal,hallski,2002-01-18T03:33:09Z,Gentoo Linux
"{'id': 5, 'real_name': 'Geert Bevin', 'email': 'gbevin', 'name': 'gbevin'}",218,"{'real_name': 'Vitaly Kushneriuk', 'id': 32, 'name': 'vitaly_kushneriuk', 'email': 'vitaly_kushneriuk'}",FIXED,vitaly_kushneriuk,2003-02-04T19:42:18Z,High,RESOLVED,,Current packages,normal,gbevin,2002-01-18T03:40:34Z,Gentoo Linux
"{'email': 'gbevin', 'name': 'gbevin', 'real_name': 'Geert Bevin', 'id': 5}",219,"{'real_name': 'Jan Sabbe', 'id': 68, 'name': 'jan.sabbe', 'email': 'jan.sabbe'}",FIXED,jan.sabbe,2011-10-30T22:20:53Z,High,RESOLVED,,Unclassified,enhancement,gbevin,2002-01-18T05:34:45Z,Portage Development
"{'real_name': 'Martin Schlemmer (RETIRED)', 'id': 12, 'name': 'azarah', 'email': 'azarah'}",220,"{'id': 90, 'real_name': 'Maciek', 'email': 'MacBerry', 'name': 'MacBerry'}",FIXED,MacBerry,2003-02-04T19:42:18Z,High,RESOLVED,,[OLD] Core system,enhancement,azarah,2002-01-18T06:23:04Z,Gentoo Linux
"{'id': 8, 'real_name': 'Daniel Robbins (RETIRED)', 'name': 'drobbins', 'email': 'drobbins'}",221,"{'name': 'carlos', 'email': 'carlos', 'real_name': 'Carlos Eberhardt', 'id': 92}",FIXED,carlos,2011-10-30T22:20:47Z,Normal,RESOLVED,,Unclassified,minor,drobbins,2002-01-18T11:06:37Z,Portage Development
"{'id': 1311, 'real_name': 'Eric Stockbridge', 'name': 'stocke2', 'email': 'stocke2'}",222,"{'real_name': 'Stephen', 'id': 93, 'name': 'ween', 'email': 'ween'}",DUPLICATE,ween,2005-07-17T13:06:51Z,High,RESOLVED,11267.0,Other,normal,stocke2,2002-01-18T12:31:51Z,[OLD] Docs-user
"{'real_name': 'Karl Trygve Kalleberg (RETIRED)', 'id': 19, 'email': 'karltk', 'name': 'karltk'}",223,"{'id': 94, 'real_name': 'Kevin Gordon (New Zealand)', 'name': 'kgordon', 'email': 'kgordon'}",FIXED,kgordon,2003-02-04T19:42:18Z,High,RESOLVED,,Current packages,normal,karltk,2002-01-18T13:22:08Z,Gentoo Linux
"{'email': 'hallski', 'name': 'hallski', 'id': 2, 'real_name': 'Mikael Hallendal (hallski) (RETIRED)'}",224,"{'id': 63, 'real_name': 'Naresh Donti', 'email': 'ndonti', 'name': 'ndonti'}",FIXED,ndonti,2003-02-04T19:42:18Z,High,RESOLVED,,[OLD] GNOME,critical,hallski,2002-01-18T16:44:46Z,Gentoo Linux
"{'real_name': 'Martin Schlemmer (RETIRED)', 'id': 12, 'name': 'azarah', 'email': 'azarah'}",225,"{'name': 'kalenp', 'email': 'kalenp', 'id': 96, 'real_name': 'Kalen Petersen'}",FIXED,kalenp,2003-02-04T19:42:18Z,High,RESOLVED,,[OLD] Core system,normal,azarah,2002-01-18T17:33:58Z,Gentoo Linux
"{'email': 'hallski', 'name': 'hallski', 'real_name': 'Mikael Hallendal (hallski) (RETIRED)', 'id': 2}",226,"{'id': 97, 'real_name': 'Aniruddha Shankar', 'name': 'k', 'email': 'k'}",FIXED,k,2003-02-04T19:42:18Z,High,RESOLVED,,[OLD] GNOME,normal,hallski,2002-01-18T19:35:22Z,Gentoo Linux
"{'email': 'gbevin', 'name': 'gbevin', 'id': 5, 'real_name': 'Geert Bevin'}",227,"{'id': 99, 'real_name': 'Kent Pirkle', 'name': 'kentpirkle', 'email': 'kentpirkle'}",FIXED,kentpirkle,2003-02-04T19:42:18Z,High,RESOLVED,,[OLD] Library,normal,gbevin,2002-01-18T22:56:12Z,Gentoo Linux
"{'id': 2, 'real_name': 'Mikael Hallendal (hallski) (RETIRED)', 'name': 'hallski', 'email': 'hallski'}",228,"{'email': 'taras.glek', 'name': 'taras.glek', 'id': 100, 'real_name': 'Taras Glek[judge]'}",FIXED,taras.glek,2003-02-04T19:42:18Z,High,RESOLVED,,Current packages,normal,hallski,2002-01-18T23:30:22Z,Gentoo Linux
"{'email': 'danarmak', 'name': 'danarmak', 'real_name': 'Dan Armak (RETIRED)', 'id': 10}",229,"{'real_name': '', 'id': 98, 'name': 'nitram.obregad', 'email': 'nitram.obregad'}",DUPLICATE,nitram.obregad,2005-07-17T13:06:51Z,High,RESOLVED,164.0,[OLD] KDE,normal,danarmak,2002-01-18T23:49:11Z,Gentoo Linux
"{'name': 'hallski', 'email': 'hallski', 'id': 2, 'real_name': 'Mikael Hallendal (hallski) (RETIRED)'}",230,"{'real_name': 'Thomas Berton', 'id': 91, 'name': 'kreno', 'email': 'kreno'}",INVALID,kreno,2003-02-04T19:42:18Z,High,RESOLVED,,Current packages,normal,hallski,2002-01-19T04:33:36Z,Gentoo Linux
"{'real_name': 'Geert Bevin', 'id': 5, 'email': 'gbevin', 'name': 'gbevin'}",231,"{'real_name': 'Mikael Hallendal (hallski) (RETIRED)', 'id': 2, 'email': 'hallski', 'name': 'hallski'}",FIXED,hallski,2011-10-30T22:20:15Z,High,RESOLVED,,Unclassified,enhancement,gbevin,2002-01-19T04:56:28Z,Portage Development
"{'real_name': 'Martin Schlemmer (RETIRED)', 'id': 12, 'name': 'azarah', 'email': 'azarah'}",232,"{'email': 'kreno', 'name': 'kreno', 'id': 91, 'real_name': 'Thomas Berton'}",FIXED,kreno,2003-02-04T19:42:18Z,High,RESOLVED,,[OLD] Library,minor,azarah,2002-01-19T05:24:20Z,Gentoo Linux
"{'email': 'rac', 'name': 'rac', 'real_name': 'Robert Coie (RETIRED)', 'id': 1212}",233,"{'name': 'hallski', 'email': 'hallski', 'real_name': 'Mikael Hallendal (hallski) (RETIRED)', 'id': 2}",TEST-REQUEST,hallski,2005-07-13T06:02:03Z,High,RESOLVED,,Current packages,critical,rac,2002-01-19T06:46:32Z,Gentoo Linux
"{'id': 156, 'real_name': 'Leo Lipelis (RETIRED)', 'email': 'aeoo', 'name': 'aeoo'}",234,"{'name': 'ekarttun', 'email': 'ekarttun', 'real_name': 'Einar Karttunen', 'id': 7}",FIXED,ekarttun,2004-02-04T23:14:25Z,High,RESOLVED,,Current packages,minor,aeoo,2002-01-19T07:25:32Z,Gentoo Linux
"{'email': 'azarah', 'name': 'azarah', 'real_name': 'Martin Schlemmer (RETIRED)', 'id': 12}",235,"{'real_name': 'Owain Hopkins', 'id': 101, 'name': 'erazor', 'email': 'erazor'}",FIXED,erazor,2003-02-04T19:42:18Z,High,RESOLVED,,[OLD] Core system,major,azarah,2002-01-19T09:41:15Z,Gentoo Linux
"{'id': 5, 'real_name': 'Geert Bevin', 'email': 'gbevin', 'name': 'gbevin'}",236,"{'email': 'danarmak', 'name': 'danarmak', 'real_name': 'Dan Armak (RETIRED)', 'id': 10}",FIXED,danarmak,2003-01-28T00:30:44Z,High,VERIFIED,,[OLD] Library,normal,gbevin,2002-01-19T11:41:33Z,Gentoo Linux
"{'real_name': 'Daniel Robbins (RETIRED)', 'id': 8, 'name': 'drobbins', 'email': 'drobbins'}",237,"{'id': 59, 'real_name': 'Ferry Meyndert', 'name': 'm0rpheus', 'email': 'm0rpheus'}",FIXED,m0rpheus,2003-02-04T19:42:18Z,High,RESOLVED,,[OLD] Core system,major,drobbins,2002-01-19T13:19:16Z,Gentoo Linux
"{'email': 'g2boojum', 'name': 'g2boojum', 'real_name': 'Grant Goodyear (RETIRED)', 'id': 9}",238,"{'real_name': 'aeoo', 'id': 80, 'email': 'aeoo', 'name': 'aeoo'}",FIXED,aeoo,2002-12-15T21:08:48Z,High,VERIFIED,,Other,normal,g2boojum,2002-01-19T14:26:59Z,[OLD] Docs-user
"{'email': 'bart', 'name': 'bart', 'real_name': 'Bart Verwilst', 'id': 14}",239,"{'name': 'jano', 'email': 'jano', 'real_name': 'jano lukac', 'id': 70}",FIXED,jano,2003-02-04T19:42:18Z,High,RESOLVED,,[OLD] Games,enhancement,bart,2002-01-19T15:26:52Z,Gentoo Linux
"{'email': 'drobbins', 'name': 'drobbins', 'real_name': 'Daniel Robbins (RETIRED)', 'id': 8}",240,"{'id': 103, 'real_name': 'Wesley Moxam', 'name': 'wmoxam', 'email': 'wmoxam'}",FIXED,wmoxam,2003-02-04T19:42:18Z,High,RESOLVED,,[OLD] Core system,normal,drobbins,2002-01-19T16:26:39Z,Gentoo Linux
"{'id': 2, 'real_name': 'Mikael Hallendal (hallski) (RETIRED)', 'email': 'hallski', 'name': 'hallski'}",241,"{'name': 'ekarttun', 'email': 'ekarttun', 'real_name': 'Einar Karttunen', 'id': 7}",FIXED,ekarttun,2002-01-20T07:42:23Z,High,RESOLVED,,[OLD] GNOME,normal,hallski,2002-01-20T05:42:06Z,Gentoo Linux
"{'email': 'azarah', 'name': 'azarah', 'id': 12, 'real_name': 'Martin Schlemmer (RETIRED)'}",242,"{'real_name': 'Vitaly Kushneriuk', 'id': 32, 'name': 'vitaly_kushneriuk', 'email': 'vitaly_kushneriuk'}",FIXED,vitaly_kushneriuk,2003-02-04T19:42:18Z,High,RESOLVED,,[OLD] Core system,major,azarah,2002-01-20T07:23:09Z,Gentoo Linux
"{'id': 12, 'real_name': 'Martin Schlemmer (RETIRED)', 'email': 'azarah', 'name': 'azarah'}",243,"{'email': 'hallski', 'name': 'hallski', 'id': 2, 'real_name': 'Mikael Hallendal (hallski) (RETIRED)'}",FIXED,hallski,2003-02-04T19:42:18Z,High,RESOLVED,,Current packages,normal,azarah,2002-01-20T09:18:41Z,Gentoo Linux
"{'real_name': 'Daniel Robbins (RETIRED)', 'id': 8, 'name': 'drobbins', 'email': 'drobbins'}",244,"{'email': 'busterb', 'name': 'busterb', 'id': 40, 'real_name': 'Brent Cook'}",FIXED,busterb,2003-02-04T19:42:18Z,High,RESOLVED,,New packages,trivial,drobbins,2002-01-20T11:14:44Z,Gentoo Linux
"{'id': 12, 'real_name': 'Martin Schlemmer (RETIRED)', 'email': 'azarah', 'name': 'azarah'}",245,"{'real_name': 'Lars S. Jensen', 'id': 76, 'name': 'larssj', 'email': 'larssj'}",FIXED,larssj,2003-02-04T19:42:18Z,High,RESOLVED,,[OLD] Core system,normal,azarah,2002-01-20T11:21:56Z,Gentoo Linux
"{'id': 8, 'real_name': 'Daniel Robbins (RETIRED)', 'name': 'drobbins', 'email': 'drobbins'}",246,"{'email': 'mkrainer', 'name': 'mkrainer', 'real_name': 'Markus Krainer', 'id': 107}",FIXED,mkrainer,2003-02-04T19:42:18Z,High,RESOLVED,,[OLD] Core system,normal,drobbins,2002-01-20T13:32:00Z,Gentoo Linux
"{'real_name': 'Leo Lipelis (RETIRED)', 'id': 156, 'name': 'aeoo', 'email': 'aeoo'}",247,"{'real_name': '', 'id': 108, 'name': 'bnl', 'email': 'bnl'}",FIXED,bnl,2002-02-02T03:03:38Z,High,RESOLVED,,[OLD] GNOME,enhancement,aeoo,2002-01-20T18:00:40Z,Gentoo Linux
"{'name': 'hallski', 'email': 'hallski', 'real_name': 'Mikael Hallendal (hallski) (RETIRED)', 'id': 2}",248,"{'real_name': '', 'id': 108, 'email': 'bnl', 'name': 'bnl'}",DUPLICATE,bnl,2005-07-17T13:06:51Z,High,RESOLVED,250.0,New packages,enhancement,hallski,2002-01-20T18:02:49Z,Gentoo Linux
"{'email': 'hallski', 'name': 'hallski', 'real_name': 'Mikael Hallendal (hallski) (RETIRED)', 'id': 2}",249,"{'name': 'bnl', 'email': 'bnl', 'id': 108, 'real_name': ''}",DUPLICATE,bnl,2005-07-17T13:06:51Z,High,RESOLVED,250.0,New packages,enhancement,hallski,2002-01-20T18:03:53Z,Gentoo Linux
"{'real_name': 'Mikael Hallendal (hallski) (RETIRED)', 'id': 2, 'name': 'hallski', 'email': 'hallski'}",250,"{'real_name': '', 'id': 108, 'email': 'bnl', 'name': 'bnl'}",DUPLICATE,bnl,2005-07-17T13:06:51Z,High,RESOLVED,367.0,[OLD] Library,enhancement,hallski,2002-01-20T18:04:59Z,Gentoo Linux
"{'name': 'blocke', 'email': 'blocke', 'real_name': 'Bruce A. Locke (RETIRED)', 'id': 171}",251,"{'real_name': 'jano lukac', 'id': 70, 'name': 'jano', 'email': 'jano'}",FIXED,jano,2003-02-04T19:42:18Z,High,RESOLVED,,[OLD] Games,enhancement,blocke,2002-01-20T18:39:33Z,Gentoo Linux
"{'id': 140, 'real_name': 'Michael Cohen (RETIRED)', 'name': 'mjc', 'email': 'mjc'}",252,"{'id': 111, 'real_name': 'Ingo Luetkebohle', 'email': 'gentoo', 'name': 'gentoo'}",FIXED,gentoo,2003-02-04T19:42:18Z,High,RESOLVED,,[OLD] Core system,normal,mjc,2002-01-20T21:19:10Z,Gentoo Linux
"{'name': 'aeoo', 'email': 'aeoo', 'real_name': 'Leo Lipelis (RETIRED)', 'id': 156}",253,"{'id': 109, 'real_name': 'Matthew Jimenez', 'name': 'Jimmermouse', 'email': 'Jimmermouse'}",FIXED,Jimmermouse,2003-02-04T19:42:18Z,High,RESOLVED,,Current packages,enhancement,aeoo,2002-01-20T21:21:52Z,Gentoo Linux
"{'email': 'drobbins', 'name': 'drobbins', 'id': 8, 'real_name': 'Daniel Robbins (RETIRED)'}",254,"{'id': 112, 'real_name': 'Shawn Starr', 'email': 'spstarr', 'name': 'spstarr'}",FIXED,spstarr,2002-01-20T22:19:24Z,High,RESOLVED,,[OLD] Core system,blocker,drobbins,2002-01-20T21:36:23Z,Gentoo Linux
"{'name': 'hallski', 'email': 'hallski', 'id': 2, 'real_name': 'Mikael Hallendal (hallski) (RETIRED)'}",255,"{'real_name': 'jano lukac', 'id': 70, 'email': 'jano', 'name': 'jano'}",FIXED,jano,2003-02-04T19:42:18Z,High,RESOLVED,,Current packages,normal,hallski,2002-01-20T21:41:21Z,Gentoo Linux
"{'id': 290, 'real_name': 'Brandon Low (RETIRED)', 'name': 'lostlogic', 'email': 'lostlogic'}",256,"{'id': 114, 'real_name': 'Sergei Rodionov', 'email': 'sergei', 'name': 'sergei'}",INVALID,sergei,2003-02-04T19:42:18Z,High,RESOLVED,,[OLD] Core system,major,lostlogic,2002-01-21T00:10:45Z,Gentoo Linux
"{'real_name': 'Mikael Hallendal (hallski) (RETIRED)', 'id': 2, 'name': 'hallski', 'email': 'hallski'}",257,"{'id': 102, 'real_name': 'JP Sartre', 'name': 'jpsartre', 'email': 'jpsartre'}",FIXED,jpsartre,2003-02-04T19:42:18Z,High,RESOLVED,,Current packages,normal,hallski,2002-01-21T01:15:56Z,Gentoo Linux
"{'email': 'm0rpheus', 'name': 'm0rpheus', 'real_name': 'Ferry Meyndert (RETIRED)', 'id': 224}",258,"{'email': 'ekarttun', 'name': 'ekarttun', 'real_name': 'Einar Karttunen', 'id': 7}",FIXED,ekarttun,2002-02-04T15:23:04Z,High,RESOLVED,,Current packages,normal,m0rpheus,2002-01-21T01:21:54Z,Gentoo Linux
"{'name': 'azarah', 'email': 'azarah', 'real_name': 'Martin Schlemmer (RETIRED)', 'id': 12}",259,"{'name': 'Sandy', 'email': 'Sandy', 'id': 115, 'real_name': 'Sandy McArthur'}",FIXED,Sandy,2003-02-04T19:42:18Z,High,RESOLVED,,New packages,blocker,azarah,2002-01-21T01:39:03Z,Gentoo Linux
"{'email': 'bcowan', 'name': 'bcowan', 'id': 1920, 'real_name': 'Brad Cowan (RETIRED)'}",260,"{'email': 'nrb23', 'name': 'nrb23', 'real_name': 'Nicholas Burlett', 'id': 116}",FIXED,nrb23,2003-02-04T19:42:18Z,High,RESOLVED,,[OLD] Core system,normal,bcowan,2002-01-21T09:34:49Z,Gentoo Linux
"{'real_name': 'Michael Cohen (RETIRED)', 'id': 140, 'email': 'mjc', 'name': 'mjc'}",261,"{'email': 'busterb', 'name': 'busterb', 'real_name': 'Brent Cook', 'id': 40}",FIXED,busterb,2003-02-04T19:42:18Z,High,RESOLVED,,[OLD] Core system,critical,mjc,2002-01-21T11:59:19Z,Gentoo Linux
"{'real_name': 'Geert Bevin', 'id': 5, 'name': 'gbevin', 'email': 'gbevin'}",262,"{'email': 'danarmak', 'name': 'danarmak', 'real_name': 'Dan Armak (RETIRED)', 'id': 10}",FIXED,danarmak,2002-01-29T15:28:00Z,High,RESOLVED,,[OLD] Library,normal,gbevin,2002-01-21T12:35:49Z,Gentoo Linux
"{'name': 'woodchip', 'email': 'woodchip', 'real_name': 'Donny Davies (RETIRED)', 'id': 13}",263,"{'id': 16, 'real_name': 'Michael Tartsch', 'name': 'gentoo', 'email': 'gentoo'}",DUPLICATE,gentoo,2005-07-17T13:06:51Z,High,RESOLVED,589.0,[OLD] Server,enhancement,woodchip,2002-01-21T17:36:13Z,Gentoo Linux
"{'name': 'drobbins', 'email': 'drobbins', 'real_name': 'Daniel Robbins (RETIRED)', 'id': 8}",264,"{'id': 123, 'real_name': 'Aaron Malone', 'email': 'aaron', 'name': 'aaron'}",FIXED,aaron,2003-02-04T19:42:18Z,Normal,RESOLVED,,[OLD] Core system,minor,drobbins,2002-01-21T17:51:57Z,Gentoo Linux
"{'real_name': 'Martin Schlemmer (RETIRED)', 'id': 12, 'name': 'azarah', 'email': 'azarah'}",265,"{'name': 'gentoo', 'email': 'gentoo', 'real_name': 'Ingo Luetkebohle', 'id': 111}",FIXED,gentoo,2003-02-04T19:42:18Z,High,RESOLVED,,Current packages,normal,azarah,2002-01-21T22:15:39Z,Gentoo Linux
"{'email': 'mjc', 'name': 'mjc', 'real_name': 'Michael Cohen (RETIRED)', 'id': 140}",266,"{'name': 'jasonc', 'email': 'jasonc', 'id': 127, 'real_name': 'Jason Cook'}",FIXED,jasonc,2003-02-04T19:42:18Z,High,RESOLVED,,[OLD] Core system,major,mjc,2002-01-21T22:48:29Z,Gentoo Linux
"{'name': 'hallski', 'email': 'hallski', 'id': 2, 'real_name': 'Mikael Hallendal (hallski) (RETIRED)'}",267,"{'id': 123, 'real_name': 'Aaron Malone', 'email': 'aaron', 'name': 'aaron'}",FIXED,aaron,2003-02-04T19:42:18Z,Low,RESOLVED,,[OLD] GNOME,minor,hallski,2002-01-21T23:06:16Z,Gentoo Linux
"{'name': 'gbevin', 'email': 'gbevin', 'real_name': 'Geert Bevin', 'id': 5}",268,"{'real_name': 'Vitaly Kushneriuk', 'id': 32, 'email': 'vitaly_kushneriuk', 'name': 'vitaly_kushneriuk'}",FIXED,vitaly_kushneriuk,2003-02-04T19:42:18Z,High,RESOLVED,,[OLD] Core system,normal,gbevin,2002-01-22T02:57:46Z,Gentoo Linux
"{'id': 1972, 'real_name': 'John Davis (zhen) (RETIRED)', 'name': 'zhen', 'email': 'zhen'}",269,"{'id': 129, 'real_name': 'Martin Dalum', 'name': 'garfield', 'email': 'garfield'}",FIXED,garfield,2011-10-30T23:15:50Z,High,RESOLVED,,Bugzilla,major,zhen,2002-01-22T10:20:21Z,Gentoo Infrastructure
"{'real_name': 'Dan Armak (RETIRED)', 'id': 10, 'name': 'danarmak', 'email': 'danarmak'}",270,"{'real_name': 'Christian Rubbert', 'id': 39, 'email': 'ceed', 'name': 'ceed'}",FIXED,ceed,2003-02-04T19:42:18Z,High,RESOLVED,,[OLD] GNOME,normal,danarmak,2002-01-22T12:00:35Z,Gentoo Linux
"{'real_name': 'Dan Armak (RETIRED)', 'id': 10, 'name': 'danarmak', 'email': 'danarmak'}",271,"{'id': 39, 'real_name': 'Christian Rubbert', 'email': 'ceed', 'name': 'ceed'}",FIXED,ceed,2003-02-04T19:42:18Z,High,RESOLVED,,[OLD] KDE,normal,danarmak,2002-01-22T12:04:57Z,Gentoo Linux
"{'id': 8, 'real_name': 'Daniel Robbins (RETIRED)', 'email': 'drobbins', 'name': 'drobbins'}",272,"{'real_name': 'Jules Gagnon', 'id': 95, 'email': 'eonwe', 'name': 'eonwe'}",FIXED,eonwe,2003-02-04T19:42:18Z,High,VERIFIED,,Other,normal,drobbins,2002-01-22T13:41:45Z,[OLD] Docs-user
"{'real_name': 'Donny Davies (RETIRED)', 'id': 13, 'name': 'woodchip', 'email': 'woodchip'}",273,"{'name': 'karltk', 'email': 'karltk', 'id': 19, 'real_name': 'Karl Trygve Kalleberg (RETIRED)'}",FIXED,karltk,2011-10-30T22:20:14Z,High,RESOLVED,,Unclassified,normal,woodchip,2002-01-22T14:33:44Z,Portage Development
"{'name': 'drobbins', 'email': 'drobbins', 'id': 8, 'real_name': 'Daniel Robbins (RETIRED)'}",274,"{'name': 'karltk', 'email': 'karltk', 'id': 19, 'real_name': 'Karl Trygve Kalleberg (RETIRED)'}",FIXED,karltk,2003-02-04T19:42:18Z,High,RESOLVED,,[OLD] Core system,normal,drobbins,2002-01-22T14:40:26Z,Gentoo Linux
"{'id': 8, 'real_name': 'Daniel Robbins (RETIRED)', 'name': 'drobbins', 'email': 'drobbins'}",275,"{'id': 115, 'real_name': 'Sandy McArthur', 'name': 'Sandy', 'email': 'Sandy'}",FIXED,Sandy,2003-02-04T19:42:18Z,Lowest,RESOLVED,,[OLD] Core system,enhancement,drobbins,2002-01-22T15:47:50Z,Gentoo Linux
"{'real_name': 'Martin Schlemmer (RETIRED)', 'id': 12, 'email': 'azarah', 'name': 'azarah'}",276,"{'id': 68, 'real_name': 'Jan Sabbe', 'email': 'jan.sabbe', 'name': 'jan.sabbe'}",FIXED,jan.sabbe,2002-01-23T12:46:58Z,High,RESOLVED,,[OLD] Core system,normal,azarah,2002-01-22T16:37:56Z,Gentoo Linux
"{'name': 'danarmak', 'email': 'danarmak', 'real_name': 'Dan Armak (RETIRED)', 'id': 10}",277,"{'id': 90, 'real_name': 'Maciek', 'email': 'MacBerry', 'name': 'MacBerry'}",FIXED,MacBerry,2002-01-25T13:28:10Z,High,RESOLVED,,[OLD] KDE,enhancement,danarmak,2002-01-22T16:38:14Z,Gentoo Linux
"{'id': 8, 'real_name': 'Daniel Robbins (RETIRED)', 'email': 'drobbins', 'name': 'drobbins'}",278,"{'id': 5, 'real_name': 'Geert Bevin', 'name': 'gbevin', 'email': 'gbevin'}",FIXED,gbevin,2003-02-04T19:42:18Z,High,RESOLVED,,[OLD] Core system,normal,drobbins,2002-01-22T17:34:17Z,Gentoo Linux
"{'id': 8, 'real_name': 'Daniel Robbins (RETIRED)', 'name': 'drobbins', 'email': 'drobbins'}",279,"{'name': 'jeld', 'email': 'jeld', 'id': 55, 'real_name': 'Jeld The Dark Elf'}",FIXED,jeld,2003-02-04T19:42:18Z,High,VERIFIED,,Other,normal,drobbins,2002-01-22T18:11:12Z,[OLD] Docs-user
"{'name': 'mkennedy', 'email': 'mkennedy', 'id': 538, 'real_name': 'Matthew Kennedy (RETIRED)'}",280,"{'real_name': 'Jared H. Hudson', 'id': 52, 'email': 'jhhudso', 'name': 'jhhudso'}",FIXED,jhhudso,2003-02-04T19:42:18Z,High,RESOLVED,,[OLD] GCC Porting,normal,mkennedy,2002-01-22T22:29:35Z,Gentoo Linux
"{'real_name': 'Mikael Hallendal (hallski) (RETIRED)', 'id': 2, 'name': 'hallski', 'email': 'hallski'}",281,"{'name': 'hallski', 'email': 'hallski', 'real_name': 'Mikael Hallendal (hallski) (RETIRED)', 'id': 2}",FIXED,hallski,2003-02-04T19:42:18Z,High,RESOLVED,,Current packages,normal,hallski,2002-01-23T03:05:56Z,Gentoo Linux
"{'id': 5, 'real_name': 'Geert Bevin', 'email': 'gbevin', 'name': 'gbevin'}",282,"{'real_name': 'Todd Punderson', 'id': 133, 'email': 'todd', 'name': 'todd'}",FIXED,todd,2011-10-30T22:20:48Z,High,RESOLVED,,Unclassified,normal,gbevin,2002-01-23T03:20:05Z,Portage Development
"{'email': 'tod', 'name': 'tod', 'id': 84, 'real_name': 'Tod M. Neidt (RETIRED)'}",283,"{'name': 'vitaly_kushneriuk', 'email': 'vitaly_kushneriuk', 'id': 32, 'real_name': 'Vitaly Kushneriuk'}",FIXED,vitaly_kushneriuk,2003-02-04T19:42:18Z,High,VERIFIED,,[OLD] GNOME,normal,tod,2002-01-23T05:21:39Z,Gentoo Linux
"{'real_name': 'Mikael Hallendal (hallski) (RETIRED)', 'id': 2, 'name': 'hallski', 'email': 'hallski'}",284,"{'real_name': 'Paul de Vrieze (RETIRED)', 'id': 134, 'name': 'pauldv', 'email': 'pauldv'}",INVALID,pauldv,2004-08-19T12:37:40Z,High,VERIFIED,,New packages,minor,hallski,2002-01-23T08:23:59Z,Gentoo Linux
"{'email': 'blocke', 'name': 'blocke', 'real_name': 'Bruce A. Locke', 'id': 41}",285,"{'id': 39, 'real_name': 'Christian Rubbert', 'email': 'ceed', 'name': 'ceed'}",FIXED,ceed,2002-01-27T04:53:18Z,High,RESOLVED,,Current packages,normal,blocke,2002-01-23T09:52:35Z,Gentoo Linux
"{'email': 'hallski', 'name': 'hallski', 'id': 2, 'real_name': 'Mikael Hallendal (hallski) (RETIRED)'}",286,"{'real_name': 'Karl Trygve Kalleberg (RETIRED)', 'id': 19, 'name': 'karltk', 'email': 'karltk'}",FIXED,karltk,2003-02-04T19:42:18Z,High,RESOLVED,,[OLD] Library,minor,hallski,2002-01-23T10:11:50Z,Gentoo Linux
"{'real_name': 'Geert Bevin', 'id': 5, 'email': 'gbevin', 'name': 'gbevin'}",287,"{'id': 19, 'real_name': 'Karl Trygve Kalleberg (RETIRED)', 'email': 'karltk', 'name': 'karltk'}",FIXED,karltk,2003-02-04T19:42:18Z,High,RESOLVED,,[OLD] Core system,normal,gbevin,2002-01-23T11:52:37Z,Gentoo Linux
"{'name': 'drobbins', 'email': 'drobbins', 'real_name': 'Daniel Robbins (RETIRED)', 'id': 8}",288,"{'id': 43, 'real_name': 'Gontran Zepeda', 'email': 'gontran', 'name': 'gontran'}",FIXED,gontran,2002-01-23T12:33:18Z,High,RESOLVED,,[OLD] Core system,minor,drobbins,2002-01-23T12:31:14Z,Gentoo Linux
"{'email': 'azarah', 'name': 'azarah', 'id': 12, 'real_name': 'Martin Schlemmer (RETIRED)'}",289,"{'email': 'insyte', 'name': 'insyte', 'id': 136, 'real_name': 'Ben Beuchler'}",FIXED,insyte,2003-02-04T19:42:18Z,High,RESOLVED,,Current packages,normal,azarah,2002-01-23T13:56:06Z,Gentoo Linux
"{'id': 19, 'real_name': 'Karl Trygve Kalleberg (RETIRED)', 'email': 'karltk', 'name': 'karltk'}",290,"{'email': 'karltk', 'name': 'karltk', 'real_name': 'Karl Trygve Kalleberg (RETIRED)', 'id': 19}",FIXED,karltk,2003-02-04T19:42:18Z,High,RESOLVED,,[OLD] KDE,normal,karltk,2002-01-23T15:31:13Z,Gentoo Linux
"{'real_name': 'Martin Schlemmer (RETIRED)', 'id': 12, 'email': 'azarah', 'name': 'azarah'}",291,"{'name': 'ykoehler', 'email': 'ykoehler', 'real_name': 'Yannick Koehler (RETIRED)', 'id': 137}",FIXED,ykoehler,2003-02-04T19:42:18Z,Low,RESOLVED,,[OLD] Core system,minor,azarah,2002-01-23T16:33:55Z,Gentoo Linux
"{'name': 'kabau', 'email': 'kabau', 'real_name': 'Damon Conway (RETIRED)', 'id': 1}",292,"{'id': 137, 'real_name': 'Yannick Koehler (RETIRED)', 'name': 'ykoehler', 'email': 'ykoehler'}",FIXED,ykoehler,2003-02-04T19:42:18Z,Normal,RESOLVED,,Current packages,normal,kabau,2002-01-23T16:35:53Z,Gentoo Linux
"{'id': 2, 'real_name': 'Mikael Hallendal (hallski) (RETIRED)', 'email': 'hallski', 'name': 'hallski'}",293,"{'id': 2, 'real_name': 'Mikael Hallendal (hallski) (RETIRED)', 'email': 'hallski', 'name': 'hallski'}",FIXED,hallski,2003-02-04T19:42:18Z,High,RESOLVED,,[OLD] GNOME,critical,hallski,2002-01-23T17:46:20Z,Gentoo Linux
"{'email': 'hallski', 'name': 'hallski', 'real_name': 'Mikael Hallendal (hallski) (RETIRED)', 'id': 2}",294,"{'id': 115, 'real_name': 'Sandy McArthur', 'name': 'Sandy', 'email': 'Sandy'}",FIXED,Sandy,2002-01-26T20:06:38Z,Normal,RESOLVED,,Current packages,enhancement,hallski,2002-01-23T18:07:46Z,Gentoo Linux
"{'id': 156, 'real_name': 'Leo Lipelis (RETIRED)', 'email': 'aeoo', 'name': 'aeoo'}",295,"{'email': 'busterb', 'name': 'busterb', 'real_name': 'Brent Cook', 'id': 40}",FIXED,busterb,2003-02-04T19:42:18Z,High,RESOLVED,,Current packages,enhancement,aeoo,2002-01-23T19:19:19Z,Gentoo Linux
"{'id': 12, 'real_name': 'Martin Schlemmer (RETIRED)', 'email': 'azarah', 'name': 'azarah'}",296,"{'name': 'brysonborg', 'email': 'brysonborg', 'id': 138, 'real_name': 'brysonborg'}",FIXED,brysonborg,2003-02-04T19:42:18Z,High,RESOLVED,,Current packages,major,azarah,2002-01-23T19:27:25Z,Gentoo Linux
"{'email': 'karltk', 'name': 'karltk', 'real_name': 'Karl Trygve Kalleberg (RETIRED)', 'id': 19}",297,"{'id': 20, 'real_name': 'Tom von Schwerdtner', 'email': 'tvon', 'name': 'tvon'}",FIXED,tvon,2002-01-25T10:38:53Z,High,RESOLVED,,[OLD] Development,normal,karltk,2002-01-23T20:51:04Z,Gentoo Linux
"{'real_name': 'Geert Bevin', 'id': 5, 'name': 'gbevin', 'email': 'gbevin'}",298,"{'id': 20, 'real_name': 'Tom von Schwerdtner', 'email': 'tvon', 'name': 'tvon'}",FIXED,tvon,2011-10-30T22:20:36Z,High,RESOLVED,,Unclassified,major,gbevin,2002-01-23T20:58:35Z,Portage Development
"{'name': 'woodchip', 'email': 'woodchip', 'real_name': 'Donny Davies (RETIRED)', 'id': 13}",299,"{'name': 'spooq', 'email': 'spooq', 'id': 75, 'real_name': 'Luke Graham'}",FIXED,spooq,2002-01-25T17:25:46Z,High,RESOLVED,,Current packages,normal,woodchip,2002-01-23T21:47:15Z,Gentoo Linux
"{'name': 'woodchip', 'email': 'woodchip', 'id': 13, 'real_name': 'Donny Davies (RETIRED)'}",300,"{'email': 'arndtc', 'name': 'arndtc', 'real_name': 'Chris Arndt', 'id': 57}",FIXED,arndtc,2003-02-04T19:42:18Z,High,RESOLVED,,[OLD] Server,normal,woodchip,2002-01-23T22:10:13Z,Gentoo Linux
"{'real_name': 'Martin Schlemmer (RETIRED)', 'id': 12, 'name': 'azarah', 'email': 'azarah'}",301,"{'email': 'tmdraney', 'name': 'tmdraney', 'real_name': 'Merritt Draney', 'id': 139}",FIXED,tmdraney,2003-02-04T19:42:18Z,High,RESOLVED,,Current packages,critical,azarah,2002-01-23T22:55:46Z,Gentoo Linux
"{'name': 'pm', 'email': 'pm', 'real_name': 'Parag Mehta (RETIRED)', 'id': 29}",302,"{'id': 115, 'real_name': 'Sandy McArthur', 'email': 'Sandy', 'name': 'Sandy'}",FIXED,Sandy,2003-02-04T19:42:18Z,Low,RESOLVED,,Current packages,minor,pm,2002-01-24T02:54:54Z,Gentoo Linux
"{'name': 'gbevin', 'email': 'gbevin', 'real_name': 'Geert Bevin', 'id': 5}",303,"{'id': 115, 'real_name': 'Sandy McArthur', 'name': 'Sandy', 'email': 'Sandy'}",INVALID,Sandy,2003-02-04T19:42:18Z,Normal,RESOLVED,,[OLD] Development,normal,gbevin,2002-01-24T03:01:44Z,Gentoo Linux
"{'email': 'gbevin', 'name': 'gbevin', 'real_name': 'Geert Bevin', 'id': 5}",304,"{'real_name': 'Sandy McArthur', 'id': 115, 'email': 'Sandy', 'name': 'Sandy'}",FIXED,Sandy,2011-10-30T22:19:35Z,Low,RESOLVED,,Unclassified,enhancement,gbevin,2002-01-24T03:22:33Z,Portage Development
"{'email': 'blocke', 'name': 'blocke', 'id': 41, 'real_name': 'Bruce A. Locke'}",305,"{'id': 39, 'real_name': 'Christian Rubbert', 'name': 'ceed', 'email': 'ceed'}",FIXED,ceed,2002-01-26T20:03:04Z,High,RESOLVED,,Current packages,normal,blocke,2002-01-24T03:34:10Z,Gentoo Linux
"{'id': 12, 'real_name': 'Martin Schlemmer (RETIRED)', 'email': 'azarah', 'name': 'azarah'}",306,"{'real_name': 'Sandy McArthur', 'id': 115, 'email': 'Sandy', 'name': 'Sandy'}",FIXED,Sandy,2003-02-04T19:42:18Z,Lowest,RESOLVED,,[OLD] Core system,trivial,azarah,2002-01-24T04:18:54Z,Gentoo Linux
"{'name': 'gbevin', 'email': 'gbevin', 'real_name': 'Geert Bevin', 'id': 5}",307,"{'email': 'm0rpheus', 'name': 'm0rpheus', 'id': 59, 'real_name': 'Ferry Meyndert'}",FIXED,m0rpheus,2003-02-04T19:42:18Z,High,RESOLVED,,[OLD] Library,trivial,gbevin,2002-01-24T06:50:50Z,Gentoo Linux
"{'email': 'hallski', 'name': 'hallski', 'real_name': 'Mikael Hallendal (hallski) (RETIRED)', 'id': 2}",308,"{'email': 'oliver', 'name': 'oliver', 'id': 18, 'real_name': 'Ollie Rutherfurd'}",DUPLICATE,oliver,2005-07-17T13:06:51Z,High,RESOLVED,286.0,New packages,normal,hallski,2002-01-24T07:18:21Z,Gentoo Linux
"{'real_name': 'Martin Schlemmer (RETIRED)', 'id': 12, 'name': 'azarah', 'email': 'azarah'}",309,"{'real_name': 'Dan Miller', 'id': 141, 'name': 'danm', 'email': 'danm'}",FIXED,danm,2003-02-04T19:42:18Z,Low,RESOLVED,,New packages,minor,azarah,2002-01-24T07:55:36Z,Gentoo Linux
"{'name': 'drobbins', 'email': 'drobbins', 'real_name': 'Daniel Robbins (RETIRED)', 'id': 8}",310,"{'real_name': 'David Monk', 'id': 142, 'email': 'david', 'name': 'david'}",FIXED,david,2011-10-30T22:20:30Z,High,RESOLVED,,Unclassified,normal,drobbins,2002-01-24T08:38:32Z,Portage Development
"{'email': 'releng', 'name': 'releng', 'real_name': 'Gentoo Release Team', 'id': 2590}",311,"{'real_name': 'Grant Goodyear (RETIRED)', 'id': 9, 'name': 'g2boojum', 'email': 'g2boojum'}",FIXED,g2boojum,2004-03-15T11:49:46Z,High,RESOLVED,,[OLD] Core system,enhancement,releng,2002-01-24T09:04:35Z,Gentoo Linux
"{'email': 'g2boojum', 'name': 'g2boojum', 'real_name': 'Grant Goodyear (RETIRED)', 'id': 9}",312,"{'email': 'g2boojum', 'name': 'g2boojum', 'real_name': 'Grant Goodyear (RETIRED)', 'id': 9}",FIXED,g2boojum,2006-04-06T21:48:09Z,High,RESOLVED,,[OLD] Core system,normal,g2boojum,2002-01-24T10:10:17Z,Gentoo Linux
"{'id': 8, 'real_name': 'Daniel Robbins (RETIRED)', 'email': 'drobbins', 'name': 'drobbins'}",313,"{'id': 63, 'real_name': 'Naresh Donti', 'name': 'ndonti', 'email': 'ndonti'}",FIXED,ndonti,2003-02-04T19:42:18Z,High,RESOLVED,,[OLD] Core system,major,drobbins,2002-01-24T13:34:20Z,Gentoo Linux
"{'email': 'drobbins', 'name': 'drobbins', 'id': 8, 'real_name': 'Daniel Robbins (RETIRED)'}",314,"{'name': 'jeld', 'email': 'jeld', 'real_name': 'Jeld The Dark Elf', 'id': 55}",FIXED,jeld,2003-02-04T19:42:18Z,High,RESOLVED,,[OLD] Core system,normal,drobbins,2002-01-24T13:41:03Z,Gentoo Linux
"{'real_name': 'Daniel Robbins (RETIRED)', 'id': 8, 'name': 'drobbins', 'email': 'drobbins'}",315,"{'email': 'jeld', 'name': 'jeld', 'id': 55, 'real_name': 'Jeld The Dark Elf'}",FIXED,jeld,2003-02-04T19:42:18Z,High,RESOLVED,,[OLD] Core system,normal,drobbins,2002-01-24T14:09:27Z,Gentoo Linux
"{'real_name': 'Daniel Robbins (RETIRED)', 'id': 8, 'email': 'drobbins', 'name': 'drobbins'}",316,"{'name': 'jeld', 'email': 'jeld', 'real_name': 'Jeld The Dark Elf', 'id': 55}",DUPLICATE,jeld,2005-07-17T13:06:51Z,High,RESOLVED,315.0,[OLD] Core system,normal,drobbins,2002-01-24T14:10:10Z,Gentoo Linux
"{'id': 8, 'real_name': 'Daniel Robbins (RETIRED)', 'email': 'drobbins', 'name': 'drobbins'}",317,"{'email': 'jeld', 'name': 'jeld', 'id': 55, 'real_name': 'Jeld The Dark Elf'}",DUPLICATE,jeld,2005-07-17T13:06:51Z,High,RESOLVED,315.0,[OLD] Core system,normal,drobbins,2002-01-24T14:14:14Z,Gentoo Linux
"{'id': 12, 'real_name': 'Martin Schlemmer (RETIRED)', 'name': 'azarah', 'email': 'azarah'}",318,"{'real_name': 'Mikael Hallendal (hallski) (RETIRED)', 'id': 2, 'name': 'hallski', 'email': 'hallski'}",FIXED,hallski,2003-02-04T19:42:18Z,High,RESOLVED,,[OLD] GNOME,critical,azarah,2002-01-24T15:13:37Z,Gentoo Linux
"{'id': 2, 'real_name': 'Mikael Hallendal (hallski) (RETIRED)', 'email': 'hallski', 'name': 'hallski'}",319,"{'real_name': 'Tod M. Neidt (RETIRED)', 'id': 84, 'name': 'tod', 'email': 'tod'}",FIXED,tod,2003-02-04T19:42:18Z,High,RESOLVED,,Current packages,normal,hallski,2002-01-24T17:12:46Z,Gentoo Linux
"{'real_name': 'Vitaly Kushneriuk (RETIRED)', 'id': 167, 'email': 'vitaly', 'name': 'vitaly'}",320,"{'id': 32, 'real_name': 'Vitaly Kushneriuk', 'name': 'vitaly_kushneriuk', 'email': 'vitaly_kushneriuk'}",FIXED,vitaly_kushneriuk,2003-02-04T19:42:18Z,High,RESOLVED,,Current packages,normal,vitaly,2002-01-24T17:55:25Z,Gentoo Linux
"{'id': 140, 'real_name': 'Michael Cohen (RETIRED)', 'name': 'mjc', 'email': 'mjc'}",321,"{'name': 'plymale', 'email': 'plymale', 'id': 146, 'real_name': 'George Plymale'}",FIXED,plymale,2003-02-04T19:42:18Z,Highest,RESOLVED,,[OLD] Core system,blocker,mjc,2002-01-24T21:02:57Z,Gentoo Linux
"{'email': 'bart', 'name': 'bart', 'real_name': 'Bart Verwilst', 'id': 14}",322,"{'real_name': 'Shahar Goldin', 'id': 31, 'email': 'aldarsior', 'name': 'aldarsior'}",FIXED,aldarsior,2003-02-04T19:42:18Z,High,RESOLVED,,Current packages,normal,bart,2002-01-24T21:18:15Z,Gentoo Linux
"{'id': 14, 'real_name': 'Bart Verwilst', 'name': 'bart', 'email': 'bart'}",323,"{'email': 'bigdaddy', 'name': 'bigdaddy', 'real_name': 'Brian Crouch', 'id': 147}",FIXED,bigdaddy,2003-02-04T19:42:18Z,High,RESOLVED,,Current packages,normal,bart,2002-01-24T23:43:32Z,Gentoo Linux
"{'real_name': 'John Davis (zhen) (RETIRED)', 'id': 1972, 'name': 'zhen', 'email': 'zhen'}",324,"{'id': 2, 'real_name': 'Mikael Hallendal (hallski) (RETIRED)', 'name': 'hallski', 'email': 'hallski'}",FIXED,hallski,2011-10-30T23:15:52Z,High,RESOLVED,,Bugzilla,normal,zhen,2002-01-25T04:15:32Z,Gentoo Infrastructure
"{'name': 'drobbins', 'email': 'drobbins', 'id': 8, 'real_name': 'Daniel Robbins (RETIRED)'}",325,"{'real_name': 'Rodney Gordon II', 'id': 148, 'email': 'mrsirmeff', 'name': 'mrsirmeff'}",FIXED,mrsirmeff,2002-12-15T21:08:46Z,High,VERIFIED,,Other,minor,drobbins,2002-01-25T05:24:56Z,[OLD] Docs-user
"{'email': 'zhen', 'name': 'zhen', 'real_name': 'John Davis (zhen) (RETIRED)', 'id': 1972}",326,"{'name': 'mrsirmeff', 'email': 'mrsirmeff', 'real_name': 'Rodney Gordon II', 'id': 148}",FIXED,mrsirmeff,2011-10-30T23:16:13Z,High,RESOLVED,,Bugzilla,normal,zhen,2002-01-25T05:36:57Z,Gentoo Infrastructure
"{'name': 'blocke', 'email': 'blocke', 'real_name': 'Bruce A. Locke', 'id': 41}",327,"{'name': 'm0rpheus', 'email': 'm0rpheus', 'id': 59, 'real_name': 'Ferry Meyndert'}",FIXED,m0rpheus,2003-02-04T19:42:18Z,High,RESOLVED,,Current packages,normal,blocke,2002-01-25T07:25:57Z,Gentoo Linux
"{'email': 'gbevin', 'name': 'gbevin', 'id': 5, 'real_name': 'Geert Bevin'}",328,"{'email': 'protrans', 'name': 'protrans', 'id': 33, 'real_name': ''}",FIXED,protrans,2003-02-04T19:42:18Z,High,RESOLVED,,[OLD] Library,enhancement,gbevin,2002-01-25T08:33:12Z,Gentoo Linux
"{'real_name': 'Bart Verwilst', 'id': 14, 'name': 'bart', 'email': 'bart'}",329,"{'name': 'uname', 'email': 'uname', 'id': 149, 'real_name': 'Heitham Omar'}",FIXED,uname,2003-02-04T19:42:18Z,High,RESOLVED,,Current packages,enhancement,bart,2002-01-25T09:23:51Z,Gentoo Linux
"{'email': 'g2boojum', 'name': 'g2boojum', 'real_name': 'Grant Goodyear (RETIRED)', 'id': 9}",330,"{'email': 'hallski', 'name': 'hallski', 'id': 2, 'real_name': 'Mikael Hallendal (hallski) (RETIRED)'}",FIXED,hallski,2003-02-04T19:42:18Z,High,RESOLVED,,[OLD] Core system,normal,g2boojum,2002-01-25T10:35:52Z,Gentoo Linux
"{'email': 'karltk', 'name': 'karltk', 'real_name': 'Karl Trygve Kalleberg (RETIRED)', 'id': 19}",331,"{'name': 'ndonti', 'email': 'ndonti', 'id': 63, 'real_name': 'Naresh Donti'}",FIXED,ndonti,2003-02-04T19:42:18Z,High,RESOLVED,,Current packages,normal,karltk,2002-01-25T10:58:50Z,Gentoo Linux
"{'real_name': 'Martin Schlemmer (RETIRED)', 'id': 12, 'email': 'azarah', 'name': 'azarah'}",332,"{'name': 'ttongue', 'email': 'ttongue', 'real_name': 'Thomas Tongue', 'id': 150}",FIXED,ttongue,2003-02-04T19:42:18Z,High,RESOLVED,,Current packages,major,azarah,2002-01-25T14:20:13Z,Gentoo Linux
"{'id': 12, 'real_name': 'Martin Schlemmer (RETIRED)', 'email': 'azarah', 'name': 'azarah'}",333,"{'id': 76, 'real_name': 'Lars S. Jensen', 'name': 'larssj', 'email': 'larssj'}",FIXED,larssj,2003-02-04T19:42:18Z,High,RESOLVED,,Current packages,normal,azarah,2002-01-25T14:47:45Z,Gentoo Linux
"{'real_name': 'Grant Goodyear (RETIRED)', 'id': 9, 'name': 'g2boojum', 'email': 'g2boojum'}",334,"{'name': 'optilude', 'email': 'optilude', 'id': 151, 'real_name': 'Martin Aspeli'}",FIXED,optilude,2003-02-04T19:42:18Z,High,RESOLVED,,[OLD] GNOME,normal,g2boojum,2002-01-25T15:14:22Z,Gentoo Linux
"{'real_name': 'Bruce A. Locke (RETIRED)', 'id': 171, 'email': 'blocke', 'name': 'blocke'}",335,"{'id': 125, 'real_name': 'JR Boyens', 'email': 'jboyens', 'name': 'jboyens'}",FIXED,jboyens,2003-02-04T19:42:18Z,High,RESOLVED,,Current packages,normal,blocke,2002-01-25T15:56:21Z,Gentoo Linux
"{'email': 'drobbins', 'name': 'drobbins', 'real_name': 'Daniel Robbins (RETIRED)', 'id': 8}",336,"{'id': 38, 'real_name': 'Nils Ohlmeier', 'email': 'develop', 'name': 'develop'}",FIXED,develop,2002-12-15T21:08:28Z,High,VERIFIED,,Other,minor,drobbins,2002-01-25T16:40:19Z,[OLD] Docs-user
"{'name': 'drobbins', 'email': 'drobbins', 'real_name': 'Daniel Robbins (RETIRED)', 'id': 8}",337,"{'name': 'develop', 'email': 'develop', 'id': 38, 'real_name': 'Nils Ohlmeier'}",FIXED,develop,2011-10-30T22:18:55Z,High,RESOLVED,,Unclassified,minor,drobbins,2002-01-25T17:23:02Z,Portage Development
"{'name': 'gbevin', 'email': 'gbevin', 'real_name': 'Geert Bevin', 'id': 5}",338,"{'id': 15, 'real_name': 'Chad Huneycutt (RETIRED)', 'email': 'chadh', 'name': 'chadh'}",DUPLICATE,chadh,2005-07-17T13:06:51Z,High,RESOLVED,262.0,[OLD] Development,normal,gbevin,2002-01-25T21:41:37Z,Gentoo Linux
"{'real_name': 'Martin Schlemmer (RETIRED)', 'id': 12, 'email': 'azarah', 'name': 'azarah'}",339,"{'name': 'drobbins', 'email': 'drobbins', 'id': 8, 'real_name': 'Daniel Robbins (RETIRED)'}",FIXED,drobbins,2003-02-04T19:42:18Z,High,RESOLVED,,[OLD] Library,normal,azarah,2002-01-25T23:24:59Z,Gentoo Linux
"{'id': 5, 'real_name': 'Geert Bevin', 'name': 'gbevin', 'email': 'gbevin'}",340,"{'email': 'aeoo', 'name': 'aeoo', 'real_name': 'Leo Lipelis (RETIRED)', 'id': 156}",FIXED,aeoo,2011-10-30T22:19:52Z,High,RESOLVED,,Unclassified,normal,gbevin,2002-01-26T03:40:37Z,Portage Development
"{'email': 'hallski', 'name': 'hallski', 'real_name': 'Mikael Hallendal (hallski) (RETIRED)', 'id': 2}",341,"{'name': 'timmy', 'email': 'timmy', 'real_name': 'Tim Dodge', 'id': 154}",DUPLICATE,timmy,2005-07-17T13:06:51Z,High,RESOLVED,301.0,New packages,normal,hallski,2002-01-26T04:31:20Z,Gentoo Linux
"{'id': 10, 'real_name': 'Dan Armak (RETIRED)', 'email': 'danarmak', 'name': 'danarmak'}",342,"{'id': 2, 'real_name': 'Mikael Hallendal (hallski) (RETIRED)', 'name': 'hallski', 'email': 'hallski'}",FIXED,hallski,2003-02-04T19:42:18Z,High,RESOLVED,,[OLD] Development,normal,danarmak,2002-01-26T09:05:19Z,Gentoo Linux
"{'id': 12, 'real_name': 'Martin Schlemmer (RETIRED)', 'email': 'azarah', 'name': 'azarah'}",343,"{'email': 'mrsirmeff', 'name': 'mrsirmeff', 'id': 148, 'real_name': 'Rodney Gordon II'}",FIXED,mrsirmeff,2003-02-01T23:29:16Z,High,RESOLVED,,Current packages,normal,azarah,2002-01-26T10:36:50Z,Gentoo Linux
"{'email': 'danarmak', 'name': 'danarmak', 'real_name': 'Dan Armak (RETIRED)', 'id': 10}",344,"{'id': 159, 'real_name': 'Michael Jones', 'name': 'jonemi', 'email': 'jonemi'}",FIXED,jonemi,2024-03-14T03:58:44Z,High,RESOLVED,,[OLD] KDE,major,danarmak,2002-01-26T13:29:42Z,Gentoo Linux
"{'real_name': 'Dan Armak (RETIRED)', 'id': 10, 'name': 'danarmak', 'email': 'danarmak'}",345,"{'id': 20, 'real_name': 'Tom von Schwerdtner', 'email': 'tvon', 'name': 'tvon'}",FIXED,tvon,2003-01-28T00:30:44Z,High,RESOLVED,,[OLD] KDE,normal,danarmak,2002-01-26T19:17:41Z,Gentoo Linux
"{'real_name': 'Mikael Hallendal (hallski) (RETIRED)', 'id': 2, 'email': 'hallski', 'name': 'hallski'}",346,"{'email': 'edwardam', 'name': 'edwardam', 'real_name': 'Edward Muller', 'id': 162}",INVALID,edwardam,2003-02-04T19:42:18Z,High,RESOLVED,,[OLD] GNOME,normal,hallski,2002-01-26T19:34:15Z,Gentoo Linux
"{'name': 'azarah', 'email': 'azarah', 'id': 12, 'real_name': 'Martin Schlemmer (RETIRED)'}",347,"{'real_name': 'Daniel Robbins (RETIRED)', 'id': 8, 'name': 'drobbins', 'email': 'drobbins'}",FIXED,drobbins,2003-02-04T19:42:18Z,High,RESOLVED,,[OLD] Core system,normal,azarah,2002-01-26T20:41:27Z,Gentoo Linux
"{'real_name': 'Martin Schlemmer (RETIRED)', 'id': 12, 'email': 'azarah', 'name': 'azarah'}",348,"{'email': 'mrsirmeff', 'name': 'mrsirmeff', 'id': 148, 'real_name': 'Rodney Gordon II'}",FIXED,mrsirmeff,2002-02-17T14:57:24Z,High,RESOLVED,,Current packages,normal,azarah,2002-01-26T20:51:33Z,Gentoo Linux
"{'name': 'azarah', 'email': 'azarah', 'id': 12, 'real_name': 'Martin Schlemmer (RETIRED)'}",349,"{'id': 162, 'real_name': 'Edward Muller', 'email': 'edwardam', 'name': 'edwardam'}",FIXED,edwardam,2003-02-04T19:42:18Z,High,RESOLVED,,Current packages,major,azarah,2002-01-26T21:54:58Z,Gentoo Linux
"{'email': 'karltk', 'name': 'karltk', 'real_name': 'Karl Trygve Kalleberg (RETIRED)', 'id': 19}",350,"{'real_name': 'Jesse', 'id': 164, 'name': 'jesse', 'email': 'jesse'}",REMIND,jesse,2003-02-04T19:42:18Z,High,RESOLVED,,[OLD] Development,enhancement,karltk,2002-01-27T00:39:23Z,Gentoo Linux
"{'id': 8, 'real_name': 'Daniel Robbins (RETIRED)', 'email': 'drobbins', 'name': 'drobbins'}",351,"{'name': 'mrsirmeff', 'email': 'mrsirmeff', 'real_name': 'Rodney Gordon II', 'id': 148}",FIXED,mrsirmeff,2002-01-29T20:26:53Z,High,RESOLVED,,[OLD] Core system,enhancement,drobbins,2002-01-27T01:35:46Z,Gentoo Linux
"{'real_name': 'Mikael Hallendal (hallski) (RETIRED)', 'id': 2, 'name': 'hallski', 'email': 'hallski'}",352,"{'email': 'ndonti', 'name': 'ndonti', 'real_name': 'Naresh Donti', 'id': 63}",INVALID,ndonti,2003-02-04T19:42:18Z,High,RESOLVED,,[OLD] GNOME,normal,hallski,2002-01-27T02:15:30Z,Gentoo Linux
"{'email': 'drobbins', 'name': 'drobbins', 'id': 8, 'real_name': 'Daniel Robbins (RETIRED)'}",353,"{'email': 'mrsirmeff', 'name': 'mrsirmeff', 'id': 148, 'real_name': 'Rodney Gordon II'}",FIXED,mrsirmeff,2003-01-28T00:30:44Z,High,RESOLVED,,[OLD] Core system,normal,drobbins,2002-01-27T02:24:54Z,Gentoo Linux
"{'real_name': 'Grant Goodyear (RETIRED)', 'id': 9, 'name': 'g2boojum', 'email': 'g2boojum'}",354,"{'real_name': 'Ferry Meyndert', 'id': 59, 'email': 'm0rpheus', 'name': 'm0rpheus'}",FIXED,m0rpheus,2003-02-04T19:42:18Z,High,RESOLVED,,Current packages,normal,g2boojum,2002-01-27T04:25:25Z,Gentoo Linux
"{'name': 'hallski', 'email': 'hallski', 'id': 2, 'real_name': 'Mikael Hallendal (hallski) (RETIRED)'}",355,"{'real_name': 'Ferry Meyndert', 'id': 59, 'name': 'm0rpheus', 'email': 'm0rpheus'}",DUPLICATE,m0rpheus,2005-07-17T13:06:51Z,High,RESOLVED,354.0,Current packages,normal,hallski,2002-01-27T04:25:26Z,Gentoo Linux
"{'id': 2, 'real_name': 'Mikael Hallendal (hallski) (RETIRED)', 'email': 'hallski', 'name': 'hallski'}",356,"{'id': 166, 'real_name': 'Fred Bulthuis', 'email': 'bulthuis', 'name': 'bulthuis'}",DUPLICATE,bulthuis,2005-07-17T13:06:51Z,High,RESOLVED,324.0,Current packages,normal,hallski,2002-01-27T06:48:49Z,Gentoo Linux
"{'email': 'azarah', 'name': 'azarah', 'id': 12, 'real_name': 'Martin Schlemmer (RETIRED)'}",357,"{'email': 'vitaly', 'name': 'vitaly', 'id': 167, 'real_name': 'Vitaly Kushneriuk (RETIRED)'}",FIXED,vitaly,2003-02-04T19:42:18Z,High,RESOLVED,,[OLD] Core system,normal,azarah,2002-01-27T06:57:04Z,Gentoo Linux
"{'id': 171, 'real_name': 'Bruce A. Locke (RETIRED)', 'email': 'blocke', 'name': 'blocke'}",358,"{'name': 'bigdaddy', 'email': 'bigdaddy', 'id': 147, 'real_name': 'Brian Crouch'}",INVALID,bigdaddy,2003-02-04T19:42:18Z,High,RESOLVED,,[OLD] Development,normal,blocke,2002-01-27T09:18:21Z,Gentoo Linux
"{'real_name': 'Bart Verwilst', 'id': 14, 'name': 'bart', 'email': 'bart'}",359,"{'email': 'robin', 'name': 'robin', 'real_name': 'Robin Bakels', 'id': 169}",FIXED,robin,2003-02-04T19:42:18Z,High,RESOLVED,,[OLD] Games,normal,bart,2002-01-27T09:44:24Z,Gentoo Linux
"{'name': 'danarmak', 'email': 'danarmak', 'real_name': 'Dan Armak (RETIRED)', 'id': 10}",360,"{'name': 'timhaughton', 'email': 'timhaughton', 'real_name': 'Tim Haughton', 'id': 168}",FIXED,timhaughton,2003-02-04T19:42:18Z,Normal,RESOLVED,,[OLD] KDE,normal,danarmak,2002-01-27T09:48:29Z,Gentoo Linux
"{'email': 'drobbins', 'name': 'drobbins', 'real_name': 'Daniel Robbins (RETIRED)', 'id': 8}",361,"{'email': 'tod', 'name': 'tod', 'id': 84, 'real_name': 'Tod M. Neidt (RETIRED)'}",FIXED,tod,2003-02-04T19:42:18Z,High,RESOLVED,,[OLD] Core system,normal,drobbins,2002-01-27T12:50:54Z,Gentoo Linux
"{'email': 'hallski', 'name': 'hallski', 'id': 2, 'real_name': 'Mikael Hallendal (hallski) (RETIRED)'}",362,"{'email': 'edibiase', 'name': 'edibiase', 'id': 157, 'real_name': 'Evan DiBiase'}",FIXED,edibiase,2003-02-04T19:42:18Z,High,RESOLVED,,[OLD] GNOME,major,hallski,2002-01-27T13:06:12Z,Gentoo Linux
"{'name': 'agriffis', 'email': 'agriffis', 'id': 35, 'real_name': 'Aron Griffis (RETIRED)'}",363,"{'id': 169, 'real_name': 'Robin Bakels', 'name': 'robin', 'email': 'robin'}",FIXED,robin,2003-02-04T19:42:18Z,High,RESOLVED,,[OLD] Games,normal,agriffis,2002-01-27T13:20:13Z,Gentoo Linux
"{'real_name': 'Bruce A. Locke (RETIRED)', 'id': 171, 'email': 'blocke', 'name': 'blocke'}",364,"{'email': 'robin', 'name': 'robin', 'id': 169, 'real_name': 'Robin Bakels'}",FIXED,robin,2003-02-04T19:42:18Z,High,RESOLVED,,[OLD] Games,normal,blocke,2002-01-27T13:25:50Z,Gentoo Linux
"{'email': 'bart', 'name': 'bart', 'id': 14, 'real_name': 'Bart Verwilst'}",365,"{'id': 173, 'real_name': 'foser', 'email': 'foser', 'name': 'foser'}",INVALID,foser,2003-02-04T19:42:18Z,Normal,RESOLVED,,[OLD] GNOME,normal,bart,2002-01-27T14:09:46Z,Gentoo Linux
"{'email': 'woodchip', 'name': 'woodchip', 'real_name': 'Donny Davies (RETIRED)', 'id': 13}",366,"{'real_name': 'Paul de Vrieze (RETIRED)', 'id': 134, 'email': 'pauldv', 'name': 'pauldv'}",FIXED,pauldv,2004-08-19T12:37:50Z,High,VERIFIED,,[OLD] Server,normal,woodchip,2002-01-27T14:28:24Z,Gentoo Linux
"{'email': 'bart', 'name': 'bart', 'id': 14, 'real_name': 'Bart Verwilst'}",367,"{'email': 'gentoo', 'name': 'gentoo', 'id': 175, 'real_name': 'Dominik Westner'}",DUPLICATE,gentoo,2005-07-17T13:06:51Z,High,RESOLVED,507.0,[OLD] Library,enhancement,bart,2002-01-27T16:15:24Z,Gentoo Linux
"{'name': 'danarmak', 'email': 'danarmak', 'id': 10, 'real_name': 'Dan Armak (RETIRED)'}",368,"{'email': 'djn', 'name': 'djn', 'real_name': 'Daniel Nielsen', 'id': 143}",FIXED,djn,2003-02-04T19:42:18Z,High,RESOLVED,,[OLD] KDE,normal,danarmak,2002-01-27T16:24:06Z,Gentoo Linux
"{'email': 'seemant', 'name': 'seemant', 'real_name': 'Seemant Kulleen (RETIRED)', 'id': 399}",369,"{'name': 'j.prins', 'email': 'j.prins', 'id': 177, 'real_name': 'jochem prins'}",FIXED,j.prins,2003-02-04T19:42:18Z,High,RESOLVED,,Current packages,minor,seemant,2002-01-27T17:55:16Z,Gentoo Linux
"{'email': 'azarah', 'name': 'azarah', 'id': 12, 'real_name': 'Martin Schlemmer (RETIRED)'}",370,"{'name': 'stalker', 'email': 'stalker', 'id': 24, 'real_name': 'John Stalker'}",INVALID,stalker,2002-03-29T20:15:25Z,High,RESOLVED,,Current packages,major,azarah,2002-01-27T19:01:43Z,Gentoo Linux
"{'name': 'azarah', 'email': 'azarah', 'real_name': 'Martin Schlemmer (RETIRED)', 'id': 12}",371,"{'email': 'bnl', 'name': 'bnl', 'id': 108, 'real_name': ''}",FIXED,bnl,2002-02-01T16:25:03Z,High,RESOLVED,,Current packages,enhancement,azarah,2002-01-27T19:06:52Z,Gentoo Linux
"{'name': 'grandmasterlinux', 'email': 'grandmasterlinux', 'id': 1668, 'real_name': 'Nick Hadaway'}",372,"{'email': 'bnl', 'name': 'bnl', 'id': 108, 'real_name': ''}",FIXED,bnl,2003-01-28T00:30:44Z,High,RESOLVED,,Current packages,enhancement,grandmasterlinux,2002-01-27T19:11:06Z,Gentoo Linux
"{'real_name': 'Geert Bevin', 'id': 5, 'name': 'gbevin', 'email': 'gbevin'}",373,"{'name': 'bnl', 'email': 'bnl', 'real_name': '', 'id': 108}",FIXED,bnl,2002-01-29T03:13:03Z,High,RESOLVED,,[OLD] Library,enhancement,gbevin,2002-01-27T19:12:07Z,Gentoo Linux
"{'name': 'bart', 'email': 'bart', 'real_name': 'Bart Verwilst', 'id': 14}",374,"{'name': 'bnl', 'email': 'bnl', 'id': 108, 'real_name': ''}",FIXED,bnl,2002-02-04T11:08:12Z,High,RESOLVED,,Current packages,enhancement,bart,2002-01-27T19:16:57Z,Gentoo Linux
"{'name': 'blocke', 'email': 'blocke', 'id': 171, 'real_name': 'Bruce A. Locke (RETIRED)'}",375,"{'email': 'bnl', 'name': 'bnl', 'id': 108, 'real_name': ''}",INVALID,bnl,2002-11-06T00:04:33Z,High,RESOLVED,,Current packages,enhancement,blocke,2002-01-27T19:18:44Z,Gentoo Linux
"{'id': 14, 'real_name': 'Bart Verwilst', 'name': 'bart', 'email': 'bart'}",376,"{'id': 133, 'real_name': 'Todd Punderson', 'email': 'todd', 'name': 'todd'}",FIXED,todd,2003-02-04T19:42:18Z,High,RESOLVED,,Current packages,normal,bart,2002-01-27T19:38:00Z,Gentoo Linux
"{'email': 'azarah', 'name': 'azarah', 'id': 12, 'real_name': 'Martin Schlemmer (RETIRED)'}",377,"{'email': 'strusberg', 'name': 'strusberg', 'real_name': 'R. Strusberg', 'id': 178}",FIXED,strusberg,2003-02-04T19:42:18Z,High,RESOLVED,,[OLD] Core system,critical,azarah,2002-01-27T20:54:39Z,Gentoo Linux
"{'id': 35, 'real_name': 'Aron Griffis (RETIRED)', 'name': 'agriffis', 'email': 'agriffis'}",378,"{'name': 'stalker', 'email': 'stalker', 'id': 24, 'real_name': 'John Stalker'}",FIXED,stalker,2002-02-02T15:00:34Z,High,RESOLVED,,New packages,normal,agriffis,2002-01-27T22:14:18Z,Gentoo Linux
"{'name': 'bart', 'email': 'bart', 'id': 14, 'real_name': 'Bart Verwilst'}",379,"{'real_name': 'John Stalker', 'id': 24, 'name': 'stalker', 'email': 'stalker'}",FIXED,stalker,2002-02-09T06:15:35Z,High,RESOLVED,,New packages,normal,bart,2002-01-27T22:18:10Z,Gentoo Linux
"{'id': 12, 'real_name': 'Martin Schlemmer (RETIRED)', 'email': 'azarah', 'name': 'azarah'}",380,"{'email': 'lordviram', 'name': 'lordviram', 'real_name': 'Travis Tilley', 'id': 163}",FIXED,lordviram,2003-02-04T19:42:18Z,Highest,RESOLVED,,New packages,enhancement,azarah,2002-01-28T03:23:00Z,Gentoo Linux
"{'email': 'azarah', 'name': 'azarah', 'real_name': 'Martin Schlemmer (RETIRED)', 'id': 12}",381,"{'id': 163, 'real_name': 'Travis Tilley', 'email': 'lordviram', 'name': 'lordviram'}",FIXED,lordviram,2003-02-04T19:42:18Z,High,RESOLVED,,New packages,normal,azarah,2002-01-28T04:16:47Z,Gentoo Linux
"{'real_name': 'Bruce A. Locke (RETIRED)', 'id': 171, 'name': 'blocke', 'email': 'blocke'}",382,"{'name': 'richardh', 'email': 'richardh', 'real_name': 'Richard Hornell', 'id': 181}",FIXED,richardh,2003-02-04T19:42:18Z,High,RESOLVED,,[OLD] GNOME,normal,blocke,2002-01-28T05:20:44Z,Gentoo Linux
"{'email': 'azarah', 'name': 'azarah', 'id': 12, 'real_name': 'Martin Schlemmer (RETIRED)'}",383,"{'real_name': 'Richard Hornell', 'id': 181, 'name': 'richardh', 'email': 'richardh'}",INVALID,richardh,2003-02-04T19:42:18Z,High,RESOLVED,,[OLD] GNOME,normal,azarah,2002-01-28T05:20:45Z,Gentoo Linux
"{'real_name': 'Geert Bevin', 'id': 5, 'name': 'gbevin', 'email': 'gbevin'}",384,"{'email': 'tod', 'name': 'tod', 'real_name': 'Tod M. Neidt (RETIRED)', 'id': 84}",FIXED,tod,2003-02-04T19:42:18Z,High,RESOLVED,,[OLD] Development,normal,gbevin,2002-01-28T08:23:26Z,Gentoo Linux
"{'name': 'karltk', 'email': 'karltk', 'real_name': 'Karl Trygve Kalleberg (RETIRED)', 'id': 19}",385,"{'real_name': 'Leo Lipelis (RETIRED)', 'id': 156, 'email': 'aeoo', 'name': 'aeoo'}",FIXED,aeoo,2003-02-04T19:42:18Z,High,RESOLVED,,New packages,normal,karltk,2002-01-28T09:00:18Z,Gentoo Linux
"{'real_name': 'Daniel Robbins (RETIRED)', 'id': 8, 'name': 'drobbins', 'email': 'drobbins'}",386,"{'email': 'grivell', 'name': 'grivell', 'real_name': 'Geoff Rivell', 'id': 182}",FIXED,grivell,2003-02-04T19:42:18Z,High,RESOLVED,,[OLD] Core system,major,drobbins,2002-01-28T09:32:17Z,Gentoo Linux
"{'email': 'woodchip', 'name': 'woodchip', 'real_name': 'Donny Davies (RETIRED)', 'id': 13}",387,"{'email': 'ekarttun', 'name': 'ekarttun', 'id': 7, 'real_name': 'Einar Karttunen'}",INVALID,ekarttun,2002-02-01T23:37:22Z,High,RESOLVED,,New packages,normal,woodchip,2002-01-28T10:55:49Z,Gentoo Linux
"{'id': 8, 'real_name': 'Daniel Robbins (RETIRED)', 'name': 'drobbins', 'email': 'drobbins'}",388,"{'name': 'ykoehler', 'email': 'ykoehler', 'id': 137, 'real_name': 'Yannick Koehler (RETIRED)'}",FIXED,ykoehler,2003-02-04T19:42:18Z,Lowest,RESOLVED,,[OLD] Core system,minor,drobbins,2002-01-28T12:17:16Z,Gentoo Linux
"{'real_name': 'Daniel Robbins (RETIRED)', 'id': 8, 'email': 'drobbins', 'name': 'drobbins'}",389,"{'id': 137, 'real_name': 'Yannick Koehler (RETIRED)', 'email': 'ykoehler', 'name': 'ykoehler'}",INVALID,ykoehler,2003-02-04T19:42:18Z,Low,RESOLVED,,[OLD] Core system,normal,drobbins,2002-01-28T12:20:15Z,Gentoo Linux
"{'name': 'woodchip', 'email': 'woodchip', 'id': 13, 'real_name': 'Donny Davies (RETIRED)'}",390,"{'real_name': 'Yannick Koehler (RETIRED)', 'id': 137, 'name': 'ykoehler', 'email': 'ykoehler'}",FIXED,ykoehler,2003-02-04T19:42:18Z,Normal,RESOLVED,,[OLD] Core system,trivial,woodchip,2002-01-28T12:50:40Z,Gentoo Linux
"{'email': 'danarmak', 'name': 'danarmak', 'id': 10, 'real_name': 'Dan Armak (RETIRED)'}",391,"{'name': 'azarah', 'email': 'azarah', 'real_name': 'Martin Schlemmer (RETIRED)', 'id': 12}",FIXED,azarah,2003-02-04T19:42:18Z,High,RESOLVED,,[OLD] KDE,normal,danarmak,2002-01-28T13:04:12Z,Gentoo Linux
"{'id': 9, 'real_name': 'Grant Goodyear (RETIRED)', 'email': 'g2boojum', 'name': 'g2boojum'}",392,"{'id': 12, 'real_name': 'Martin Schlemmer (RETIRED)', 'email': 'azarah', 'name': 'azarah'}",FIXED,azarah,2003-02-04T19:42:18Z,High,RESOLVED,,New packages,normal,g2boojum,2002-01-28T13:05:23Z,Gentoo Linux
"{'email': 'drobbins', 'name': 'drobbins', 'id': 8, 'real_name': 'Daniel Robbins (RETIRED)'}",393,"{'email': 'azarah', 'name': 'azarah', 'real_name': 'Martin Schlemmer (RETIRED)', 'id': 12}",FIXED,azarah,2011-10-30T22:19:42Z,High,RESOLVED,,Unclassified,normal,drobbins,2002-01-28T13:24:31Z,Portage Development
"{'id': 13, 'real_name': 'Donny Davies (RETIRED)', 'email': 'woodchip', 'name': 'woodchip'}",394,"{'email': 'fkooman', 'name': 'fkooman', 'id': 184, 'real_name': 'F. Kooman'}",DUPLICATE,fkooman,2005-07-17T13:06:51Z,High,RESOLVED,483.0,Current packages,normal,woodchip,2002-01-28T14:53:35Z,Gentoo Linux
"{'email': 'azarah', 'name': 'azarah', 'real_name': 'Martin Schlemmer (RETIRED)', 'id': 12}",395,"{'name': 'jeld', 'email': 'jeld', 'id': 55, 'real_name': 'Jeld The Dark Elf'}",FIXED,jeld,2003-02-04T19:42:18Z,High,RESOLVED,,[OLD] Core system,normal,azarah,2002-01-28T15:18:15Z,Gentoo Linux
"{'id': 8, 'real_name': 'Daniel Robbins (RETIRED)', 'name': 'drobbins', 'email': 'drobbins'}",396,"{'email': 'busterb', 'name': 'busterb', 'id': 40, 'real_name': 'Brent Cook'}",FIXED,busterb,2003-02-04T19:42:18Z,High,RESOLVED,,[OLD] Core system,major,drobbins,2002-01-28T16:02:47Z,Gentoo Linux
"{'email': 'bart', 'name': 'bart', 'real_name': 'Bart Verwilst', 'id': 14}",397,"{'email': 'czmok', 'name': 'czmok', 'real_name': 'Jan Czmok', 'id': 174}",DUPLICATE,czmok,2005-07-17T13:06:51Z,High,RESOLVED,329.0,New packages,normal,bart,2002-01-28T18:17:00Z,Gentoo Linux
"{'id': 13, 'real_name': 'Donny Davies (RETIRED)', 'email': 'woodchip', 'name': 'woodchip'}",398,"{'name': 'aragon', 'email': 'aragon', 'real_name': 'Aragon', 'id': 185}",FIXED,aragon,2003-02-04T19:42:18Z,High,RESOLVED,,[OLD] Unspecified,normal,woodchip,2002-01-28T19:40:07Z,Gentoo Linux
"{'id': 13, 'real_name': 'Donny Davies (RETIRED)', 'name': 'woodchip', 'email': 'woodchip'}",399,"{'name': 'spooq', 'email': 'spooq', 'real_name': 'Luke Graham', 'id': 75}",INVALID,spooq,2002-01-31T19:13:03Z,High,RESOLVED,,New packages,normal,woodchip,2002-01-28T19:55:21Z,Gentoo Linux
"{'real_name': 'Bart Verwilst', 'id': 14, 'name': 'bart', 'email': 'bart'}",400,"{'id': 162, 'real_name': 'Edward Muller', 'email': 'edwardam', 'name': 'edwardam'}",FIXED,edwardam,2003-02-04T19:42:18Z,High,RESOLVED,,Current packages,normal,bart,2002-01-28T22:05:09Z,Gentoo Linux
"{'real_name': 'Bart Verwilst', 'id': 14, 'name': 'bart', 'email': 'bart'}",401,"{'id': 171, 'real_name': 'Bruce A. Locke (RETIRED)', 'email': 'blocke', 'name': 'blocke'}",FIXED,blocke,2003-02-04T19:42:18Z,High,RESOLVED,,[OLD] Games,normal,bart,2002-01-28T23:20:10Z,Gentoo Linux
"{'name': 'bart', 'email': 'bart', 'id': 14, 'real_name': 'Bart Verwilst'}",402,"{'name': 'blocke', 'email': 'blocke', 'real_name': 'Bruce A. Locke (RETIRED)', 'id': 171}",FIXED,blocke,2003-02-04T19:42:18Z,High,RESOLVED,,[OLD] Games,normal,bart,2002-01-28T23:22:20Z,Gentoo Linux
"{'email': 'gbevin', 'name': 'gbevin', 'id': 5, 'real_name': 'Geert Bevin'}",403,"{'name': 'gbevin', 'email': 'gbevin', 'id': 5, 'real_name': 'Geert Bevin'}",FIXED,gbevin,2003-02-04T19:42:18Z,High,RESOLVED,,[OLD] Core system,normal,gbevin,2002-01-29T00:43:22Z,Gentoo Linux
"{'email': 'gbevin', 'name': 'gbevin', 'id': 5, 'real_name': 'Geert Bevin'}",404,"{'name': 'gbevin', 'email': 'gbevin', 'id': 5, 'real_name': 'Geert Bevin'}",FIXED,gbevin,2011-10-30T22:20:00Z,High,RESOLVED,,Unclassified,normal,gbevin,2002-01-29T00:46:25Z,Portage Development
"{'name': 'dev-portage', 'email': 'dev-portage', 'real_name': 'Portage team', 'id': 8876}",405,"{'email': 'gbevin', 'name': 'gbevin', 'id': 5, 'real_name': 'Geert Bevin'}",FIXED,gbevin,2011-10-30T22:18:18Z,High,RESOLVED,,Unclassified,normal,dev-portage,2002-01-29T00:53:47Z,Portage Development
"{'email': 'docs-team', 'name': 'docs-team', 'id': 2987, 'real_name': 'Docs Team'}",406,"{'name': 'gbevin', 'email': 'gbevin', 'id': 5, 'real_name': 'Geert Bevin'}",FIXED,gbevin,2003-02-04T19:42:18Z,High,VERIFIED,,Other,normal,docs-team,2002-01-29T00:57:32Z,[OLD] Docs-user
"{'id': 5, 'real_name': 'Geert Bevin', 'name': 'gbevin', 'email': 'gbevin'}",407,"{'name': 'gbevin', 'email': 'gbevin', 'real_name': 'Geert Bevin', 'id': 5}",FIXED,gbevin,2011-10-30T22:19:05Z,High,RESOLVED,,Unclassified,normal,gbevin,2002-01-29T01:01:45Z,Portage Development
"{'name': 'drobbins', 'email': 'drobbins', 'real_name': 'Daniel Robbins (RETIRED)', 'id': 8}",408,"{'id': 70, 'real_name': 'jano lukac', 'name': 'jano', 'email': 'jano'}",FIXED,jano,2003-02-04T19:42:18Z,Lowest,RESOLVED,,[OLD] Core system,enhancement,drobbins,2002-01-29T01:19:58Z,Gentoo Linux
"{'email': 'drobbins', 'name': 'drobbins', 'real_name': 'Daniel Robbins (RETIRED)', 'id': 8}",409,"{'id': 180, 'real_name': 'Jo Ryden', 'email': 'jo', 'name': 'jo'}",FIXED,jo,2002-01-29T11:43:37Z,High,RESOLVED,,New packages,enhancement,drobbins,2002-01-29T03:10:10Z,Gentoo Linux
"{'name': 'woodchip', 'email': 'woodchip', 'real_name': 'Donny Davies (RETIRED)', 'id': 13}",410,"{'name': 'pauldv', 'email': 'pauldv', 'real_name': 'Paul de Vrieze (RETIRED)', 'id': 134}",FIXED,pauldv,2004-08-19T12:38:12Z,High,VERIFIED,,[OLD] Server,normal,woodchip,2002-01-29T04:55:44Z,Gentoo Linux
"{'real_name': 'Bart Verwilst', 'id': 14, 'email': 'bart', 'name': 'bart'}",411,"{'name': 'ykoehler', 'email': 'ykoehler', 'id': 137, 'real_name': 'Yannick Koehler (RETIRED)'}",FIXED,ykoehler,2003-02-04T19:42:18Z,Normal,RESOLVED,,Current packages,minor,bart,2002-01-29T09:22:14Z,Gentoo Linux
"{'id': 8, 'real_name': 'Daniel Robbins (RETIRED)', 'email': 'drobbins', 'name': 'drobbins'}",412,"{'email': 'a9101556', 'name': 'a9101556', 'real_name': '', 'id': 189}",FIXED,a9101556,2003-02-04T19:42:18Z,High,RESOLVED,,Current packages,normal,drobbins,2002-01-29T10:32:03Z,Gentoo Linux
"{'email': 'bart', 'name': 'bart', 'real_name': 'Bart Verwilst', 'id': 14}",413,"{'name': 'foser', 'email': 'foser', 'id': 173, 'real_name': 'foser'}",FIXED,foser,2003-02-04T19:42:18Z,High,RESOLVED,,New packages,enhancement,bart,2002-01-29T10:48:38Z,Gentoo Linux
"{'email': 'gbevin', 'name': 'gbevin', 'id': 5, 'real_name': 'Geert Bevin'}",414,"{'email': 'gbevin', 'name': 'gbevin', 'real_name': 'Geert Bevin', 'id': 5}",FIXED,gbevin,2011-10-30T22:18:04Z,High,RESOLVED,,Unclassified,normal,gbevin,2002-01-29T11:14:18Z,Portage Development
"{'email': 'woodchip', 'name': 'woodchip', 'real_name': 'Donny Davies (RETIRED)', 'id': 13}",415,"{'id': 134, 'real_name': 'Paul de Vrieze (RETIRED)', 'name': 'pauldv', 'email': 'pauldv'}",FIXED,pauldv,2004-08-19T12:38:23Z,Normal,VERIFIED,,[OLD] Server,normal,woodchip,2002-01-29T13:46:35Z,Gentoo Linux
"{'name': 'gbevin', 'email': 'gbevin', 'id': 5, 'real_name': 'Geert Bevin'}",416,"{'id': 9, 'real_name': 'Grant Goodyear (RETIRED)', 'name': 'g2boojum', 'email': 'g2boojum'}",DUPLICATE,g2boojum,2011-10-30T22:20:47Z,High,RESOLVED,393.0,Unclassified,major,gbevin,2002-01-29T14:00:34Z,Portage Development
"{'email': 'woodchip', 'name': 'woodchip', 'id': 13, 'real_name': 'Donny Davies (RETIRED)'}",417,"{'name': 'ttongue', 'email': 'ttongue', 'id': 150, 'real_name': 'Thomas Tongue'}",FIXED,ttongue,2003-02-04T19:42:18Z,High,RESOLVED,,New packages,normal,woodchip,2002-01-29T14:28:21Z,Gentoo Linux
"{'name': 'bart', 'email': 'bart', 'real_name': 'Bart Verwilst', 'id': 14}",418,"{'name': '13th.floor', 'email': '13th.floor', 'id': 194, 'real_name': 'Ian Smith'}",FIXED,13th.floor,2003-02-04T19:42:18Z,High,RESOLVED,,Current packages,normal,bart,2002-01-29T16:37:40Z,Gentoo Linux
"{'name': 'zhen', 'email': 'zhen', 'real_name': 'John Davis (zhen) (RETIRED)', 'id': 1972}",419,"{'name': 'arndtc', 'email': 'arndtc', 'id': 57, 'real_name': 'Chris Arndt'}",INVALID,arndtc,2011-10-30T23:15:11Z,High,RESOLVED,,Bugzilla,critical,zhen,2002-01-29T18:02:55Z,Gentoo Infrastructure
"{'email': 'drobbins', 'name': 'drobbins', 'id': 8, 'real_name': 'Daniel Robbins (RETIRED)'}",420,"{'real_name': 'Andy Hunne', 'id': 195, 'email': 'snappahead', 'name': 'snappahead'}",FIXED,snappahead,2003-02-04T19:42:18Z,High,RESOLVED,,[OLD] Core system,critical,drobbins,2002-01-29T20:00:49Z,Gentoo Linux
"{'id': 84, 'real_name': 'Tod M. Neidt (RETIRED)', 'name': 'tod', 'email': 'tod'}",421,"{'real_name': 'Steven Wilson', 'id': 192, 'email': 'excyber', 'name': 'excyber'}",FIXED,excyber,2003-02-04T19:42:18Z,Lowest,RESOLVED,,[OLD] Games,trivial,tod,2002-01-29T21:06:45Z,Gentoo Linux
"{'email': 'bart', 'name': 'bart', 'id': 14, 'real_name': 'Bart Verwilst'}",422,"{'real_name': 'foser', 'id': 173, 'email': 'foser', 'name': 'foser'}",FIXED,foser,2003-02-04T19:42:18Z,High,RESOLVED,,New packages,enhancement,bart,2002-01-29T21:38:20Z,Gentoo Linux
"{'name': 'gbevin', 'email': 'gbevin', 'real_name': 'Geert Bevin', 'id': 5}",423,"{'real_name': 'Brent Rahn', 'id': 196, 'name': 'brahn', 'email': 'brahn'}",FIXED,brahn,2011-10-30T22:21:43Z,High,RESOLVED,,Unclassified,normal,gbevin,2002-01-29T23:11:17Z,Portage Development
"{'email': 'bart', 'name': 'bart', 'id': 14, 'real_name': 'Bart Verwilst'}",424,"{'name': 'agenkin-gentoo-bugzilla', 'email': 'agenkin-gentoo-bugzilla', 'real_name': 'Arcady Genkin', 'id': 197}",FIXED,agenkin-gentoo-bugzilla,2003-02-04T19:42:18Z,High,RESOLVED,,New packages,enhancement,bart,2002-01-30T00:18:35Z,Gentoo Linux
"{'name': 'karltk', 'email': 'karltk', 'real_name': 'Karl Trygve Kalleberg (RETIRED)', 'id': 19}",425,"{'name': 'edwardam', 'email': 'edwardam', 'id': 162, 'real_name': 'Edward Muller'}",FIXED,edwardam,2003-02-04T19:42:18Z,High,RESOLVED,,New packages,normal,karltk,2002-01-30T01:19:03Z,Gentoo Linux
"{'email': 'woodchip', 'name': 'woodchip', 'id': 13, 'real_name': 'Donny Davies (RETIRED)'}",426,"{'name': 'jo', 'email': 'jo', 'real_name': 'Jo Ryden', 'id': 180}",FIXED,jo,2002-02-08T19:24:43Z,High,RESOLVED,,New packages,enhancement,woodchip,2002-01-30T02:16:27Z,Gentoo Linux
"{'name': 'java', 'email': 'java', 'id': 3261, 'real_name': 'Java team'}",427,"{'real_name': 'Leo Lipelis (RETIRED)', 'id': 156, 'email': 'aeoo', 'name': 'aeoo'}",FIXED,aeoo,2005-09-10T11:31:09Z,High,RESOLVED,,New packages,major,java,2002-01-30T04:17:04Z,Gentoo Linux
"{'name': 'drobbins', 'email': 'drobbins', 'id': 8, 'real_name': 'Daniel Robbins (RETIRED)'}",428,"{'real_name': 'Anton Emmerfors', 'id': 199, 'email': 'anton', 'name': 'anton'}",FIXED,anton,2003-02-04T19:42:18Z,Low,VERIFIED,,Other,trivial,drobbins,2002-01-30T05:35:37Z,[OLD] Docs-user
"{'id': 5, 'real_name': 'Geert Bevin', 'email': 'gbevin', 'name': 'gbevin'}",429,"{'email': 'vitaly', 'name': 'vitaly', 'id': 167, 'real_name': 'Vitaly Kushneriuk (RETIRED)'}",FIXED,vitaly,2011-10-30T22:19:36Z,High,RESOLVED,,Unclassified,normal,gbevin,2002-01-30T05:45:19Z,Portage Development
"{'real_name': 'Geert Bevin', 'id': 5, 'email': 'gbevin', 'name': 'gbevin'}",430,"{'id': 5, 'real_name': 'Geert Bevin', 'email': 'gbevin', 'name': 'gbevin'}",FIXED,gbevin,2011-10-30T22:21:09Z,High,RESOLVED,,Unclassified,normal,gbevin,2002-01-30T06:01:28Z,Portage Development
"{'name': 'g2boojum', 'email': 'g2boojum', 'real_name': 'Grant Goodyear (RETIRED)', 'id': 9}",431,"{'email': 'anton', 'name': 'anton', 'real_name': 'Anton Emmerfors', 'id': 199}",FIXED,anton,2003-02-04T19:42:18Z,Normal,VERIFIED,,Other,enhancement,g2boojum,2002-01-30T06:13:23Z,[OLD] Docs-user
"{'real_name': 'Geert Bevin', 'id': 5, 'email': 'gbevin', 'name': 'gbevin'}",432,"{'name': 'gbevin', 'email': 'gbevin', 'real_name': 'Geert Bevin', 'id': 5}",FIXED,gbevin,2003-02-04T19:42:18Z,High,RESOLVED,,[OLD] Development,normal,gbevin,2002-01-30T07:43:40Z,Gentoo Linux
"{'real_name': 'Geert Bevin', 'id': 5, 'email': 'gbevin', 'name': 'gbevin'}",433,"{'email': 'ykoehler', 'name': 'ykoehler', 'real_name': 'Yannick Koehler (RETIRED)', 'id': 137}",FIXED,ykoehler,2011-10-30T22:18:13Z,Lowest,RESOLVED,,Unclassified,minor,gbevin,2002-01-30T09:38:47Z,Portage Development
"{'email': 'azarah', 'name': 'azarah', 'real_name': 'Martin Schlemmer (RETIRED)', 'id': 12}",434,"{'real_name': 'Vitaly Kushneriuk (RETIRED)', 'id': 167, 'name': 'vitaly', 'email': 'vitaly'}",FIXED,vitaly,2003-02-04T19:42:18Z,High,RESOLVED,,Current packages,normal,azarah,2002-01-30T10:40:20Z,Gentoo Linux
"{'real_name': 'Seth Chandler', 'id': 1238, 'email': 'sbc28', 'name': 'sbc28'}",435,"{'id': 186, 'real_name': 'Chris Moore', 'email': 'kurisu', 'name': 'kurisu'}",INVALID,kurisu,2003-02-04T19:42:18Z,High,RESOLVED,,New packages,normal,sbc28,2002-01-30T11:10:38Z,Gentoo Linux
"{'real_name': 'Daniel Robbins (RETIRED)', 'id': 8, 'name': 'drobbins', 'email': 'drobbins'}",436,"{'name': 'g2boojum', 'email': 'g2boojum', 'real_name': 'Grant Goodyear (RETIRED)', 'id': 9}",FIXED,g2boojum,2003-02-04T19:42:18Z,High,VERIFIED,,Other,normal,drobbins,2002-01-30T11:11:03Z,[OLD] Docs-user
"{'real_name': 'Martin Schlemmer (RETIRED)', 'id': 12, 'email': 'azarah', 'name': 'azarah'}",437,"{'real_name': 'Grant Goodyear (RETIRED)', 'id': 9, 'name': 'g2boojum', 'email': 'g2boojum'}",FIXED,g2boojum,2003-02-04T19:42:18Z,High,RESOLVED,,[OLD] Core system,normal,azarah,2002-01-30T14:34:28Z,Gentoo Linux
"{'id': 14, 'real_name': 'Bart Verwilst', 'email': 'bart', 'name': 'bart'}",438,"{'id': 201, 'real_name': 'Tim van den Elsen', 'name': 'vitalie', 'email': 'vitalie'}",FIXED,vitalie,2003-02-04T19:42:18Z,High,RESOLVED,,New packages,enhancement,bart,2002-01-30T14:57:02Z,Gentoo Linux
"{'name': 'drobbins', 'email': 'drobbins', 'id': 8, 'real_name': 'Daniel Robbins (RETIRED)'}",439,"{'email': 'ykoehler', 'name': 'ykoehler', 'id': 137, 'real_name': 'Yannick Koehler (RETIRED)'}",DUPLICATE,ykoehler,2005-07-17T13:06:51Z,Low,RESOLVED,264.0,[OLD] Core system,normal,drobbins,2002-01-30T15:20:54Z,Gentoo Linux
"{'id': 8, 'real_name': 'Daniel Robbins (RETIRED)', 'name': 'drobbins', 'email': 'drobbins'}",440,"{'name': 'azarah', 'email': 'azarah', 'id': 12, 'real_name': 'Martin Schlemmer (RETIRED)'}",FIXED,azarah,2011-10-30T22:19:22Z,High,RESOLVED,,Unclassified,normal,drobbins,2002-01-30T15:22:57Z,Portage Development
"{'email': 'gbevin', 'name': 'gbevin', 'id': 5, 'real_name': 'Geert Bevin'}",441,"{'real_name': 'Donny Davies (RETIRED)', 'id': 13, 'email': 'woodchip', 'name': 'woodchip'}",FIXED,woodchip,2011-10-30T22:20:18Z,High,RESOLVED,,Unclassified,normal,gbevin,2002-01-30T15:35:02Z,Portage Development
"{'real_name': 'John Davis (zhen) (RETIRED)', 'id': 1972, 'name': 'zhen', 'email': 'zhen'}",442,"{'real_name': 'Mike Acord', 'id': 202, 'email': 'gentoobug', 'name': 'gentoobug'}",INVALID,gentoobug,2011-10-30T23:16:34Z,High,RESOLVED,,Bugzilla,normal,zhen,2002-01-30T15:38:26Z,Gentoo Infrastructure
"{'name': 'gbevin', 'email': 'gbevin', 'id': 5, 'real_name': 'Geert Bevin'}",443,"{'id': 183, 'real_name': 'Defresne Sylvain (keiichi)', 'name': 'kamisama', 'email': 'kamisama'}",INVALID,kamisama,2003-02-04T19:42:18Z,High,RESOLVED,,Current packages,trivial,gbevin,2002-01-30T15:51:29Z,Gentoo Linux
"{'name': 'woodchip', 'email': 'woodchip', 'id': 13, 'real_name': 'Donny Davies (RETIRED)'}",444,"{'email': 'gert', 'name': 'gert', 'real_name': 'Gert Menke', 'id': 203}",FIXED,gert,2002-02-01T23:35:29Z,Lowest,RESOLVED,,[OLD] Core system,enhancement,woodchip,2002-01-30T16:35:28Z,Gentoo Linux
"{'real_name': 'Karl Trygve Kalleberg (RETIRED)', 'id': 19, 'name': 'karltk', 'email': 'karltk'}",445,"{'real_name': 'Kenneth Schmidt', 'id': 204, 'name': 'kvs', 'email': 'kvs'}",FIXED,kvs,2002-02-01T07:25:18Z,Low,RESOLVED,,New packages,trivial,karltk,2002-01-30T16:36:08Z,Gentoo Linux
"{'real_name': 'Portage team', 'id': 8876, 'name': 'dev-portage', 'email': 'dev-portage'}",446,"{'real_name': 'Leo Lipelis (RETIRED)', 'id': 156, 'email': 'aeoo', 'name': 'aeoo'}",FIXED,aeoo,2018-10-07T20:30:10Z,Low,RESOLVED,,Enhancement/Feature Requests,normal,dev-portage,2002-01-30T17:35:03Z,Portage Development
"{'name': 'gbevin', 'email': 'gbevin', 'real_name': 'Geert Bevin', 'id': 5}",447,"{'real_name': 'Geert Bevin', 'id': 5, 'name': 'gbevin', 'email': 'gbevin'}",FIXED,gbevin,2011-10-30T22:22:15Z,High,RESOLVED,,Unclassified,normal,gbevin,2002-01-30T18:35:24Z,Portage Development
"{'name': 'drobbins', 'email': 'drobbins', 'real_name': 'Daniel Robbins (RETIRED)', 'id': 8}",448,"{'email': 'Sandy', 'name': 'Sandy', 'real_name': 'Sandy McArthur', 'id': 115}",DUPLICATE,Sandy,2005-07-17T13:06:51Z,Lowest,RESOLVED,465.0,New packages,enhancement,drobbins,2002-01-30T21:49:20Z,Gentoo Linux
"{'name': 'azarah', 'email': 'azarah', 'real_name': 'Martin Schlemmer (RETIRED)', 'id': 12}",449,"{'name': 'Sandy', 'email': 'Sandy', 'id': 115, 'real_name': 'Sandy McArthur'}",FIXED,Sandy,2003-02-04T19:42:18Z,Lowest,RESOLVED,,[OLD] Core system,enhancement,azarah,2002-01-31T00:03:29Z,Gentoo Linux
"{'real_name': 'Dan Armak (RETIRED)', 'id': 10, 'name': 'danarmak', 'email': 'danarmak'}",450,"{'id': 206, 'real_name': 'Mark', 'name': 'mwdilla', 'email': 'mwdilla'}",FIXED,mwdilla,2003-02-04T19:42:18Z,High,RESOLVED,,[OLD] KDE,major,danarmak,2002-01-31T00:31:37Z,Gentoo Linux
"{'name': 'woodchip', 'email': 'woodchip', 'id': 13, 'real_name': 'Donny Davies (RETIRED)'}",451,"{'name': 'jim', 'email': 'jim', 'id': 207, 'real_name': 'Jim Nutt'}",FIXED,jim,2003-02-04T19:42:18Z,High,RESOLVED,,New packages,enhancement,woodchip,2002-01-31T01:27:50Z,Gentoo Linux
"{'name': 'g2boojum', 'email': 'g2boojum', 'id': 9, 'real_name': 'Grant Goodyear (RETIRED)'}",452,"{'id': 210, 'real_name': 'Stefan Boresch', 'name': 'stefan', 'email': 'stefan'}",FIXED,stefan,2003-02-04T19:42:18Z,High,RESOLVED,,Current packages,normal,g2boojum,2002-01-31T03:10:24Z,Gentoo Linux
"{'email': 'tod', 'name': 'tod', 'real_name': 'Tod M. Neidt (RETIRED)', 'id': 84}",453,"{'real_name': 'Chris A. Giorgi', 'id': 209, 'name': 'chrisgio', 'email': 'chrisgio'}",FIXED,chrisgio,2002-01-31T16:53:14Z,High,RESOLVED,,New packages,enhancement,tod,2002-01-31T03:15:23Z,Gentoo Linux
"{'email': 'karltk', 'name': 'karltk', 'id': 19, 'real_name': 'Karl Trygve Kalleberg (RETIRED)'}",454,"{'email': 'richlowe', 'name': 'richlowe', 'id': 208, 'real_name': 'Richard Lowe'}",FIXED,richlowe,2003-02-04T19:42:18Z,High,RESOLVED,,New packages,enhancement,karltk,2002-01-31T03:27:34Z,Gentoo Linux
"{'name': 'gbevin', 'email': 'gbevin', 'id': 5, 'real_name': 'Geert Bevin'}",455,"{'email': 'fisi.tilman.klar', 'name': 'fisi.tilman.klar', 'real_name': 'phoen][x', 'id': 211}",FIXED,fisi.tilman.klar,2003-02-04T19:42:18Z,High,RESOLVED,,[OLD] Development,normal,gbevin,2002-01-31T04:39:41Z,Gentoo Linux
"{'email': 'danarmak', 'name': 'danarmak', 'real_name': 'Dan Armak (RETIRED)', 'id': 10}",456,"{'email': 'gentoobug', 'name': 'gentoobug', 'id': 202, 'real_name': 'Mike Acord'}",FIXED,gentoobug,2003-02-04T19:42:18Z,High,RESOLVED,,[OLD] KDE,major,danarmak,2002-01-31T08:30:55Z,Gentoo Linux
"{'email': 'aeoo', 'name': 'aeoo', 'id': 156, 'real_name': 'Leo Lipelis (RETIRED)'}",457,"{'email': 'j.kossen', 'name': 'j.kossen', 'id': 212, 'real_name': 'Jochem Kossen'}",FIXED,j.kossen,2003-02-04T19:42:18Z,High,RESOLVED,,Current packages,normal,aeoo,2002-01-31T09:10:47Z,Gentoo Linux
"{'email': 'gbevin', 'name': 'gbevin', 'real_name': 'Geert Bevin', 'id': 5}",458,"{'email': 'ttongue', 'name': 'ttongue', 'id': 150, 'real_name': 'Thomas Tongue'}",FIXED,ttongue,2003-02-04T19:42:18Z,High,RESOLVED,,New packages,major,gbevin,2002-01-31T11:24:24Z,Gentoo Linux
"{'name': 'woodchip', 'email': 'woodchip', 'real_name': 'Donny Davies (RETIRED)', 'id': 13}",459,"{'id': 65, 'real_name': 'Benjamin Ritcey', 'name': 'gentoo', 'email': 'gentoo'}",FIXED,gentoo,2007-04-21T13:02:05Z,High,RESOLVED,,New packages,enhancement,woodchip,2002-01-31T11:44:58Z,Gentoo Linux
"{'name': 'vitaly', 'email': 'vitaly', 'real_name': 'Vitaly Kushneriuk (RETIRED)', 'id': 167}",460,"{'email': 'rdavis', 'name': 'rdavis', 'real_name': 'Robert G. Davis', 'id': 216}",FIXED,rdavis,2003-02-04T19:42:18Z,High,RESOLVED,,Current packages,normal,vitaly,2002-01-31T13:00:06Z,Gentoo Linux
"{'email': 'gbevin', 'name': 'gbevin', 'id': 5, 'real_name': 'Geert Bevin'}",461,"{'id': 9, 'real_name': 'Grant Goodyear (RETIRED)', 'name': 'g2boojum', 'email': 'g2boojum'}",DUPLICATE,g2boojum,2011-10-30T22:19:28Z,High,RESOLVED,462.0,Unclassified,normal,gbevin,2002-01-31T14:04:33Z,Portage Development
"{'real_name': 'Portage team', 'id': 8876, 'email': 'dev-portage', 'name': 'dev-portage'}",462,"{'name': 'gbevin', 'email': 'gbevin', 'real_name': 'Geert Bevin', 'id': 5}",FIXED,gbevin,2005-07-14T06:58:38Z,High,RESOLVED,,Core - Ebuild Support,enhancement,dev-portage,2002-01-31T14:17:33Z,Portage Development
"{'name': 'woodchip', 'email': 'woodchip', 'id': 13, 'real_name': 'Donny Davies (RETIRED)'}",463,"{'name': 'ykoehler', 'email': 'ykoehler', 'real_name': 'Yannick Koehler (RETIRED)', 'id': 137}",FIXED,ykoehler,2003-02-04T19:42:18Z,High,RESOLVED,,Current packages,normal,woodchip,2002-01-31T14:29:34Z,Gentoo Linux
"{'real_name': 'Geert Bevin', 'id': 5, 'email': 'gbevin', 'name': 'gbevin'}",464,"{'email': 'gbevin', 'name': 'gbevin', 'real_name': 'Geert Bevin', 'id': 5}",FIXED,gbevin,2011-10-30T22:21:56Z,High,RESOLVED,,Unclassified,normal,gbevin,2002-01-31T15:01:11Z,Portage Development
"{'email': 'drobbins', 'name': 'drobbins', 'id': 8, 'real_name': 'Daniel Robbins (RETIRED)'}",465,"{'id': 115, 'real_name': 'Sandy McArthur', 'email': 'Sandy', 'name': 'Sandy'}",FIXED,Sandy,2003-02-04T19:42:18Z,High,RESOLVED,,New packages,normal,drobbins,2002-01-31T15:49:55Z,Gentoo Linux
"{'id': 5, 'real_name': 'Geert Bevin', 'email': 'gbevin', 'name': 'gbevin'}",466,"{'id': 217, 'real_name': 'Jay Graves', 'name': 'jay', 'email': 'jay'}",DUPLICATE,jay,2005-07-17T13:06:51Z,High,RESOLVED,9314.0,[OLD] Core system,blocker,gbevin,2002-01-31T16:00:10Z,Gentoo Linux
"{'email': 'mjc', 'name': 'mjc', 'id': 140, 'real_name': 'Michael Cohen (RETIRED)'}",467,"{'id': 218, 'real_name': 'Per Wigren', 'email': 'tuxie', 'name': 'tuxie'}",FIXED,tuxie,2003-02-04T19:42:18Z,Highest,RESOLVED,,[OLD] Core system,blocker,mjc,2002-01-31T17:07:00Z,Gentoo Linux
"{'id': 283, 'real_name': 'Jon Nelson (RETIRED)', 'email': 'jnelson', 'name': 'jnelson'}",468,"{'name': 'ykoehler', 'email': 'ykoehler', 'real_name': 'Yannick Koehler (RETIRED)', 'id': 137}",FIXED,ykoehler,2003-02-04T19:42:18Z,High,RESOLVED,,[OLD] Server,normal,jnelson,2002-01-31T17:31:58Z,Gentoo Linux
"{'real_name': 'Jon Nelson (RETIRED)', 'id': 283, 'name': 'jnelson', 'email': 'jnelson'}",469,"{'real_name': 'Yannick Koehler (RETIRED)', 'id': 137, 'email': 'ykoehler', 'name': 'ykoehler'}",FIXED,ykoehler,2003-02-04T19:42:18Z,High,RESOLVED,,[OLD] Development,normal,jnelson,2002-01-31T17:32:47Z,Gentoo Linux
"{'name': 'drobbins', 'email': 'drobbins', 'id': 8, 'real_name': 'Daniel Robbins (RETIRED)'}",470,"{'real_name': 'Ben Beuchler', 'id': 136, 'name': 'insyte', 'email': 'insyte'}",FIXED,insyte,2003-02-04T19:42:18Z,High,RESOLVED,,Current packages,normal,drobbins,2002-01-31T17:49:01Z,Gentoo Linux
"{'email': 'agriffis', 'name': 'agriffis', 'real_name': 'Aron Griffis (RETIRED)', 'id': 35}",471,"{'real_name': 'Vitaly Kushneriuk (RETIRED)', 'id': 167, 'email': 'vitaly', 'name': 'vitaly'}",FIXED,vitaly,2003-02-04T19:42:18Z,High,RESOLVED,,Current packages,normal,agriffis,2002-02-01T05:55:45Z,Gentoo Linux
"{'name': 'azarah', 'email': 'azarah', 'id': 12, 'real_name': 'Martin Schlemmer (RETIRED)'}",472,"{'name': 'ykoehler', 'email': 'ykoehler', 'real_name': 'Yannick Koehler (RETIRED)', 'id': 137}",DUPLICATE,ykoehler,2005-07-17T13:06:51Z,High,RESOLVED,737.0,[OLD] Core system,normal,azarah,2002-02-01T07:33:33Z,Gentoo Linux
"{'id': 15533, 'real_name': 'Gentoo Quality Assurance Team', 'email': 'qa', 'name': 'qa'}",473,"{'real_name': 'Karl Trygve Kalleberg (RETIRED)', 'id': 19, 'email': 'karltk', 'name': 'karltk'}",,karltk,2015-01-14T05:50:08Z,High,IN_PROGRESS,,[OLD] Unspecified,enhancement,qa,2002-02-01T08:37:20Z,Gentoo Linux
"{'real_name': 'John Davis (zhen) (RETIRED)', 'id': 1972, 'name': 'zhen', 'email': 'zhen'}",474,"{'real_name': 'Dan Armak (RETIRED)', 'id': 10, 'email': 'danarmak', 'name': 'danarmak'}",FIXED,danarmak,2011-10-30T23:14:38Z,High,RESOLVED,,Bugzilla,minor,zhen,2002-02-01T09:28:28Z,Gentoo Infrastructure
"{'real_name': 'Grant Goodyear (RETIRED)', 'id': 9, 'email': 'g2boojum', 'name': 'g2boojum'}",475,"{'email': 'jjames', 'name': 'jjames', 'real_name': 'Jeremy James', 'id': 221}",FIXED,jjames,2002-12-15T21:09:22Z,Lowest,VERIFIED,,Other,trivial,g2boojum,2002-02-01T12:50:53Z,[OLD] Docs-user
"{'id': 167, 'real_name': 'Vitaly Kushneriuk (RETIRED)', 'email': 'vitaly', 'name': 'vitaly'}",476,"{'name': 'vitalie', 'email': 'vitalie', 'real_name': 'Tim van den Elsen', 'id': 201}",INVALID,vitalie,2003-02-04T19:42:18Z,High,RESOLVED,,Current packages,normal,vitaly,2002-02-01T13:39:42Z,Gentoo Linux
"{'real_name': 'Martin Schlemmer (RETIRED)', 'id': 12, 'email': 'azarah', 'name': 'azarah'}",477,"{'real_name': 'Yannick Koehler (RETIRED)', 'id': 137, 'email': 'ykoehler', 'name': 'ykoehler'}",FIXED,ykoehler,2003-02-04T19:42:18Z,High,RESOLVED,,New packages,normal,azarah,2002-02-01T13:44:04Z,Gentoo Linux
"{'id': 416, 'real_name': 'Ryan Phillips (RETIRED)', 'email': 'rphillips', 'name': 'rphillips'}",478,"{'real_name': 'Per Wigren', 'id': 218, 'name': 'tuxie', 'email': 'tuxie'}",FIXED,tuxie,2002-10-13T03:36:32Z,High,RESOLVED,,New packages,enhancement,rphillips,2002-02-01T13:49:41Z,Gentoo Linux
"{'id': 416, 'real_name': 'Ryan Phillips (RETIRED)', 'name': 'rphillips', 'email': 'rphillips'}",479,"{'real_name': 'Per Wigren', 'id': 218, 'name': 'tuxie', 'email': 'tuxie'}",FIXED,tuxie,2003-04-04T01:25:46Z,High,RESOLVED,,New packages,enhancement,rphillips,2002-02-01T13:50:49Z,Gentoo Linux
"{'email': 'tod', 'name': 'tod', 'real_name': 'Tod M. Neidt (RETIRED)', 'id': 84}",480,"{'id': 218, 'real_name': 'Per Wigren', 'name': 'tuxie', 'email': 'tuxie'}",FIXED,tuxie,2002-02-23T21:56:33Z,High,RESOLVED,,New packages,enhancement,tod,2002-02-01T13:53:26Z,Gentoo Linux
"{'name': 'gbevin', 'email': 'gbevin', 'real_name': 'Geert Bevin', 'id': 5}",481,"{'name': 'darkspecter', 'email': 'darkspecter', 'id': 223, 'real_name': 'Bartosch Pixa (RETIRED)'}",INVALID,darkspecter,2003-02-04T19:42:18Z,High,RESOLVED,,[OLD] Development,normal,gbevin,2002-02-01T14:42:52Z,Gentoo Linux
"{'id': 8, 'real_name': 'Daniel Robbins (RETIRED)', 'email': 'drobbins', 'name': 'drobbins'}",482,"{'id': 218, 'real_name': 'Per Wigren', 'name': 'tuxie', 'email': 'tuxie'}",DUPLICATE,tuxie,2005-07-17T13:06:51Z,High,RESOLVED,275.0,[OLD] Unspecified,normal,drobbins,2002-02-01T15:26:43Z,Gentoo Linux
"{'id': 13, 'real_name': 'Donny Davies (RETIRED)', 'email': 'woodchip', 'name': 'woodchip'}",483,"{'email': 'pauldv', 'name': 'pauldv', 'real_name': 'Paul de Vrieze (RETIRED)', 'id': 134}",FIXED,pauldv,2004-08-19T12:38:30Z,Normal,VERIFIED,,[OLD] Server,normal,woodchip,2002-02-01T15:48:40Z,Gentoo Linux
"{'name': 'blocke', 'email': 'blocke', 'id': 171, 'real_name': 'Bruce A. Locke (RETIRED)'}",484,"{'id': 115, 'real_name': 'Sandy McArthur', 'email': 'Sandy', 'name': 'Sandy'}",FIXED,Sandy,2003-02-04T19:42:18Z,Low,RESOLVED,,Current packages,major,blocke,2002-02-01T16:01:52Z,Gentoo Linux
"{'id': 35, 'real_name': 'Aron Griffis (RETIRED)', 'email': 'agriffis', 'name': 'agriffis'}",485,"{'name': 'jim', 'email': 'jim', 'id': 207, 'real_name': 'Jim Nutt'}",FIXED,jim,2003-02-04T19:42:18Z,High,RESOLVED,,New packages,normal,agriffis,2002-02-01T16:37:05Z,Gentoo Linux
"{'real_name': 'Daniel Robbins (RETIRED)', 'id': 8, 'email': 'drobbins', 'name': 'drobbins'}",486,"{'id': 156, 'real_name': 'Leo Lipelis (RETIRED)', 'email': 'aeoo', 'name': 'aeoo'}",FIXED,aeoo,2003-01-28T00:30:44Z,High,RESOLVED,,[OLD] Core system,minor,drobbins,2002-02-01T17:19:38Z,Gentoo Linux
"{'name': 'drobbins', 'email': 'drobbins', 'id': 8, 'real_name': 'Daniel Robbins (RETIRED)'}",487,"{'id': 150, 'real_name': 'Thomas Tongue', 'email': 'ttongue', 'name': 'ttongue'}",FIXED,ttongue,2003-02-04T19:42:18Z,High,RESOLVED,,New packages,normal,drobbins,2002-02-01T17:35:16Z,Gentoo Linux
"{'email': 'aeoo', 'name': 'aeoo', 'real_name': 'Leo Lipelis (RETIRED)', 'id': 156}",488,"{'email': 'jim', 'name': 'jim', 'real_name': 'Jim Nutt', 'id': 207}",FIXED,jim,2003-02-04T19:42:18Z,High,RESOLVED,,New packages,normal,aeoo,2002-02-01T19:35:40Z,Gentoo Linux
"{'email': 'aeoo', 'name': 'aeoo', 'real_name': 'Leo Lipelis (RETIRED)', 'id': 156}",489,"{'email': 'jim', 'name': 'jim', 'real_name': 'Jim Nutt', 'id': 207}",FIXED,jim,2003-02-04T19:42:18Z,High,RESOLVED,,New packages,normal,aeoo,2002-02-01T20:04:56Z,Gentoo Linux
"{'name': 'drobbins', 'email': 'drobbins', 'real_name': 'Daniel Robbins (RETIRED)', 'id': 8}",490,"{'name': 'tod', 'email': 'tod', 'id': 84, 'real_name': 'Tod M. Neidt (RETIRED)'}",FIXED,tod,2011-10-30T22:21:39Z,High,RESOLVED,,Unclassified,normal,drobbins,2002-02-01T21:57:25Z,Portage Development
"{'name': 'chouser', 'email': 'chouser', 'id': 11, 'real_name': 'chouser (RETIRED)'}",491,"{'real_name': 'Kalen Petersen', 'id': 96, 'name': 'kalenp', 'email': 'kalenp'}",FIXED,kalenp,2003-02-04T19:42:18Z,High,VERIFIED,,New packages,normal,chouser,2002-02-01T22:45:37Z,Gentoo Linux
"{'email': 'gbevin', 'name': 'gbevin', 'id': 5, 'real_name': 'Geert Bevin'}",492,"{'real_name': 'Arcady Genkin', 'id': 197, 'name': 'agenkin-gentoo-bugzilla', 'email': 'agenkin-gentoo-bugzilla'}",FIXED,agenkin-gentoo-bugzilla,2011-10-30T22:19:13Z,High,RESOLVED,,Unclassified,minor,gbevin,2002-02-02T00:56:28Z,Portage Development
"{'id': 8, 'real_name': 'Daniel Robbins (RETIRED)', 'name': 'drobbins', 'email': 'drobbins'}",493,"{'name': 'agenkin-gentoo-bugzilla', 'email': 'agenkin-gentoo-bugzilla', 'real_name': 'Arcady Genkin', 'id': 197}",FIXED,agenkin-gentoo-bugzilla,2003-02-04T19:42:18Z,High,RESOLVED,,[OLD] Core system,blocker,drobbins,2002-02-02T01:39:02Z,Gentoo Linux
"{'real_name': 'Grant Goodyear (RETIRED)', 'id': 9, 'email': 'g2boojum', 'name': 'g2boojum'}",494,"{'name': 'kalenp', 'email': 'kalenp', 'real_name': 'Kalen Petersen', 'id': 96}",DUPLICATE,kalenp,2005-07-17T13:06:51Z,High,RESOLVED,899.0,New packages,normal,g2boojum,2002-02-02T02:19:44Z,Gentoo Linux
"{'real_name': 'Daniel Robbins (RETIRED)', 'id': 8, 'name': 'drobbins', 'email': 'drobbins'}",495,"{'email': 'timhaughton', 'name': 'timhaughton', 'id': 168, 'real_name': 'Tim Haughton'}",FIXED,timhaughton,2003-02-04T19:42:18Z,Highest,RESOLVED,,[OLD] KDE,major,drobbins,2002-02-02T03:48:56Z,Gentoo Linux
"{'name': 'chouser', 'email': 'chouser', 'real_name': 'chouser (RETIRED)', 'id': 11}",496,"{'email': 'coder', 'name': 'coder', 'real_name': 'Ilian Zarov', 'id': 25}",FIXED,coder,2003-02-04T19:42:18Z,High,VERIFIED,,New packages,enhancement,chouser,2002-02-02T06:08:53Z,Gentoo Linux
"{'name': 'agriffis', 'email': 'agriffis', 'id': 35, 'real_name': 'Aron Griffis (RETIRED)'}",497,"{'name': 'jano', 'email': 'jano', 'id': 70, 'real_name': 'jano lukac'}",FIXED,jano,2003-02-04T19:42:18Z,High,RESOLVED,,New packages,enhancement,agriffis,2002-02-02T11:05:19Z,Gentoo Linux
"{'id': 156, 'real_name': 'Leo Lipelis (RETIRED)', 'name': 'aeoo', 'email': 'aeoo'}",498,"{'name': 'j.kossen', 'email': 'j.kossen', 'real_name': 'Jochem Kossen', 'id': 212}",FIXED,j.kossen,2003-02-04T19:42:18Z,High,RESOLVED,,Current packages,normal,aeoo,2002-02-02T11:55:36Z,Gentoo Linux
"{'real_name': 'Bart Verwilst', 'id': 14, 'name': 'bart', 'email': 'bart'}",499,"{'id': 212, 'real_name': 'Jochem Kossen', 'email': 'j.kossen', 'name': 'j.kossen'}",FIXED,j.kossen,2003-02-04T19:42:18Z,High,RESOLVED,,New packages,normal,bart,2002-02-02T12:02:02Z,Gentoo Linux
"{'email': 'gbevin', 'name': 'gbevin', 'real_name': 'Geert Bevin', 'id': 5}",500,"{'real_name': 'Arcady Genkin', 'id': 197, 'name': 'agenkin-gentoo-bugzilla', 'email': 'agenkin-gentoo-bugzilla'}",DUPLICATE,agenkin-gentoo-bugzilla,2005-07-17T13:06:51Z,High,RESOLVED,414.0,Current packages,minor,gbevin,2002-02-02T13:00:49Z,Gentoo Linux
"{'real_name': 'Khayyam', 'id': 1813, 'name': 'cselkirk', 'email': 'cselkirk'}",501,"{'real_name': 'Aron Griffis (RETIRED)', 'id': 35, 'name': 'agriffis', 'email': 'agriffis'}",FIXED,agriffis,2011-10-30T22:19:16Z,High,RESOLVED,,Unclassified,normal,cselkirk,2002-02-02T14:14:23Z,Portage Development
"{'name': 'drobbins', 'email': 'drobbins', 'real_name': 'Daniel Robbins (RETIRED)', 'id': 8}",502,"{'name': 'coder', 'email': 'coder', 'real_name': 'Ilian Zarov', 'id': 25}",FIXED,coder,2003-02-04T19:42:18Z,High,RESOLVED,,New packages,enhancement,drobbins,2002-02-02T14:26:48Z,Gentoo Linux
"{'real_name': 'Daniel Robbins (RETIRED)', 'id': 8, 'name': 'drobbins', 'email': 'drobbins'}",503,"{'id': 135, 'real_name': 'Michael Giambalvo', 'name': 'heathkit', 'email': 'heathkit'}",INVALID,heathkit,2003-02-04T19:42:18Z,High,RESOLVED,,[OLD] Games,critical,drobbins,2002-02-02T15:08:46Z,Gentoo Linux
"{'id': 5, 'real_name': 'Geert Bevin', 'email': 'gbevin', 'name': 'gbevin'}",504,"{'real_name': 'Daniel Mettler', 'id': 88, 'name': 'mettlerd', 'email': 'mettlerd'}",FIXED,mettlerd,2011-10-30T22:22:18Z,High,RESOLVED,,Unclassified,enhancement,gbevin,2002-02-02T15:52:37Z,Portage Development
"{'email': 'mbkennedy', 'name': 'mbkennedy', 'id': 228, 'real_name': 'Matthew Kennedy'}",505,"{'name': 'mbkennedy', 'email': 'mbkennedy', 'real_name': 'Matthew Kennedy', 'id': 228}",FIXED,mbkennedy,2003-02-04T19:42:18Z,High,RESOLVED,,New packages,enhancement,mbkennedy,2002-02-02T19:46:59Z,Gentoo Linux
"{'real_name': 'Vitaly Kushneriuk (RETIRED)', 'id': 167, 'name': 'vitaly', 'email': 'vitaly'}",506,"{'email': 'gayeski', 'name': 'gayeski', 'id': 229, 'real_name': 'Michael Gayeski'}",FIXED,gayeski,2003-02-04T19:42:18Z,High,RESOLVED,,New packages,enhancement,vitaly,2002-02-02T21:54:25Z,Gentoo Linux
"{'email': 'drobbins', 'name': 'drobbins', 'real_name': 'Daniel Robbins (RETIRED)', 'id': 8}",507,"{'email': 'agenkin-gentoo-bugzilla', 'name': 'agenkin-gentoo-bugzilla', 'real_name': 'Arcady Genkin', 'id': 197}",FIXED,agenkin-gentoo-bugzilla,2011-10-30T22:21:26Z,High,RESOLVED,,Unclassified,enhancement,drobbins,2002-02-03T00:08:46Z,Portage Development
"{'real_name': 'Dan Armak (RETIRED)', 'id': 10, 'name': 'danarmak', 'email': 'danarmak'}",508,"{'real_name': 'Arcady Genkin', 'id': 197, 'name': 'agenkin-gentoo-bugzilla', 'email': 'agenkin-gentoo-bugzilla'}",FIXED,agenkin-gentoo-bugzilla,2003-02-04T19:42:18Z,High,RESOLVED,,Current packages,normal,danarmak,2002-02-03T01:21:53Z,Gentoo Linux
"{'id': 19, 'real_name': 'Karl Trygve Kalleberg (RETIRED)', 'email': 'karltk', 'name': 'karltk'}",509,"{'name': 'agenkin-gentoo-bugzilla', 'email': 'agenkin-gentoo-bugzilla', 'real_name': 'Arcady Genkin', 'id': 197}",FIXED,agenkin-gentoo-bugzilla,2003-02-04T19:42:18Z,High,RESOLVED,,Current packages,enhancement,karltk,2002-02-03T03:50:51Z,Gentoo Linux
"{'id': 8, 'real_name': 'Daniel Robbins (RETIRED)', 'name': 'drobbins', 'email': 'drobbins'}",510,"{'name': 'gert', 'email': 'gert', 'real_name': 'Gert Menke', 'id': 203}",INVALID,gert,2002-02-03T23:06:14Z,High,RESOLVED,,New packages,normal,drobbins,2002-02-03T06:45:01Z,Gentoo Linux
"{'id': 12, 'real_name': 'Martin Schlemmer (RETIRED)', 'email': 'azarah', 'name': 'azarah'}",511,"{'id': 175, 'real_name': 'Dominik Westner', 'name': 'gentoo', 'email': 'gentoo'}",FIXED,gentoo,2002-02-17T14:56:07Z,High,RESOLVED,,Current packages,normal,azarah,2002-02-03T06:53:47Z,Gentoo Linux
"{'real_name': 'Grant Goodyear (RETIRED)', 'id': 9, 'email': 'g2boojum', 'name': 'g2boojum'}",512,"{'real_name': 'Doug Nordwall', 'id': 172, 'email': 'doug', 'name': 'doug'}",FIXED,doug,2003-02-04T19:42:18Z,High,RESOLVED,,Current packages,normal,g2boojum,2002-02-03T11:25:37Z,Gentoo Linux
"{'email': 'drobbins', 'name': 'drobbins', 'id': 8, 'real_name': 'Daniel Robbins (RETIRED)'}",513,"{'id': 184, 'real_name': 'F. Kooman', 'email': 'fkooman', 'name': 'fkooman'}",FIXED,fkooman,2003-02-04T19:42:18Z,High,RESOLVED,,Current packages,normal,drobbins,2002-02-03T12:54:25Z,Gentoo Linux
"{'real_name': 'Karl Trygve Kalleberg (RETIRED)', 'id': 19, 'name': 'karltk', 'email': 'karltk'}",514,"{'name': 'Sandy', 'email': 'Sandy', 'real_name': 'Sandy McArthur', 'id': 115}",FIXED,Sandy,2003-02-04T19:42:18Z,High,RESOLVED,,[OLD] Development,normal,karltk,2002-02-03T15:44:11Z,Gentoo Linux
"{'id': 19, 'real_name': 'Karl Trygve Kalleberg (RETIRED)', 'email': 'karltk', 'name': 'karltk'}",515,"{'real_name': 'Matthew Kennedy', 'id': 228, 'name': 'mbkennedy', 'email': 'mbkennedy'}",FIXED,mbkennedy,2003-02-04T19:42:18Z,High,RESOLVED,,New packages,enhancement,karltk,2002-02-03T20:19:09Z,Gentoo Linux
"{'name': 'drobbins', 'email': 'drobbins', 'real_name': 'Daniel Robbins (RETIRED)', 'id': 8}",516,"{'email': 'hornsmoker', 'name': 'hornsmoker', 'real_name': 'Greg Sprinkle', 'id': 232}",FIXED,hornsmoker,2003-02-04T19:42:18Z,High,RESOLVED,,New packages,critical,drobbins,2002-02-03T20:48:31Z,Gentoo Linux
"{'name': 'drobbins', 'email': 'drobbins', 'id': 8, 'real_name': 'Daniel Robbins (RETIRED)'}",517,"{'id': 197, 'real_name': 'Arcady Genkin', 'email': 'agenkin-gentoo-bugzilla', 'name': 'agenkin-gentoo-bugzilla'}",FIXED,agenkin-gentoo-bugzilla,2003-02-04T19:42:18Z,High,RESOLVED,,Current packages,enhancement,drobbins,2002-02-03T22:56:17Z,Gentoo Linux
"{'name': 'woodchip', 'email': 'woodchip', 'id': 13, 'real_name': 'Donny Davies (RETIRED)'}",518,"{'name': 'Sandy', 'email': 'Sandy', 'real_name': 'Sandy McArthur', 'id': 115}",FIXED,Sandy,2007-09-22T16:10:25Z,High,RESOLVED,,Current packages,major,woodchip,2002-02-04T01:04:36Z,Gentoo Linux
"{'id': 11, 'real_name': 'chouser (RETIRED)', 'email': 'chouser', 'name': 'chouser'}",519,"{'id': 228, 'real_name': 'Matthew Kennedy', 'name': 'mbkennedy', 'email': 'mbkennedy'}",FIXED,mbkennedy,2003-02-04T19:42:18Z,High,VERIFIED,,New packages,enhancement,chouser,2002-02-04T02:02:00Z,Gentoo Linux
"{'id': 5, 'real_name': 'Geert Bevin', 'email': 'gbevin', 'name': 'gbevin'}",520,"{'real_name': 'Gert Menke', 'id': 203, 'email': 'gert', 'name': 'gert'}",FIXED,gert,2003-02-04T19:42:18Z,High,RESOLVED,,[OLD] Core system,normal,gbevin,2002-02-04T03:30:09Z,Gentoo Linux
"{'name': 'chouser', 'email': 'chouser', 'id': 11, 'real_name': 'chouser (RETIRED)'}",521,"{'email': 'gert', 'name': 'gert', 'real_name': 'Gert Menke', 'id': 203}",FIXED,gert,2003-02-04T19:42:18Z,Normal,RESOLVED,,New packages,minor,chouser,2002-02-04T03:34:23Z,Gentoo Linux
"{'name': 'agriffis', 'email': 'agriffis', 'id': 35, 'real_name': 'Aron Griffis (RETIRED)'}",522,"{'id': 234, 'real_name': 'Aubrey Kilian', 'name': 'aubrey', 'email': 'aubrey'}",FIXED,aubrey,2003-02-04T19:42:18Z,High,RESOLVED,,New packages,enhancement,agriffis,2002-02-04T04:59:31Z,Gentoo Linux
"{'id': 5, 'real_name': 'Geert Bevin', 'name': 'gbevin', 'email': 'gbevin'}",523,"{'name': 'gbevin', 'email': 'gbevin', 'id': 5, 'real_name': 'Geert Bevin'}",FIXED,gbevin,2011-10-30T22:18:53Z,High,RESOLVED,,Unclassified,normal,gbevin,2002-02-04T06:15:11Z,Portage Development
"{'id': 5, 'real_name': 'Geert Bevin', 'email': 'gbevin', 'name': 'gbevin'}",524,"{'id': 5, 'real_name': 'Geert Bevin', 'name': 'gbevin', 'email': 'gbevin'}",FIXED,gbevin,2011-10-30T22:20:30Z,High,RESOLVED,,Unclassified,normal,gbevin,2002-02-04T09:48:40Z,Portage Development
"{'email': 'gbevin', 'name': 'gbevin', 'real_name': 'Geert Bevin', 'id': 5}",525,"{'name': 'a9101556', 'email': 'a9101556', 'id': 189, 'real_name': ''}",INVALID,a9101556,2003-02-04T19:42:18Z,High,RESOLVED,,Current packages,normal,gbevin,2002-02-04T10:51:03Z,Gentoo Linux
"{'real_name': 'Grant Goodyear (RETIRED)', 'id': 9, 'name': 'g2boojum', 'email': 'g2boojum'}",526,"{'id': 125, 'real_name': 'JR Boyens', 'email': 'jboyens', 'name': 'jboyens'}",FIXED,jboyens,2002-02-08T13:10:48Z,High,RESOLVED,,New packages,normal,g2boojum,2002-02-04T11:02:27Z,Gentoo Linux
"{'name': 'drobbins', 'email': 'drobbins', 'real_name': 'Daniel Robbins (RETIRED)', 'id': 8}",527,"{'email': '13th.floor', 'name': '13th.floor', 'id': 194, 'real_name': 'Ian Smith'}",FIXED,13th.floor,2003-02-04T19:42:18Z,High,RESOLVED,,[OLD] Core system,normal,drobbins,2002-02-04T13:29:12Z,Gentoo Linux
"{'name': 'drobbins', 'email': 'drobbins', 'id': 8, 'real_name': 'Daniel Robbins (RETIRED)'}",528,"{'name': 'smoynes', 'email': 'smoynes', 'id': 236, 'real_name': 'Scott Moynes'}",FIXED,smoynes,2003-02-04T19:42:18Z,High,RESOLVED,,Current packages,minor,drobbins,2002-02-04T13:35:30Z,Gentoo Linux
"{'name': 'drobbins', 'email': 'drobbins', 'real_name': 'Daniel Robbins (RETIRED)', 'id': 8}",529,"{'real_name': 'Steve Flack', 'id': 237, 'name': 'steve_flack', 'email': 'steve_flack'}",FIXED,steve_flack,2002-02-04T18:13:42Z,High,RESOLVED,,New packages,normal,drobbins,2002-02-04T14:44:24Z,Gentoo Linux
"{'email': 'drobbins', 'name': 'drobbins', 'id': 8, 'real_name': 'Daniel Robbins (RETIRED)'}",530,"{'name': 'vitaly', 'email': 'vitaly', 'id': 167, 'real_name': 'Vitaly Kushneriuk (RETIRED)'}",FIXED,vitaly,2011-10-30T22:20:51Z,High,RESOLVED,,Unclassified,normal,drobbins,2002-02-04T14:55:59Z,Portage Development
"{'real_name': 'Daniel Robbins (RETIRED)', 'id': 8, 'email': 'drobbins', 'name': 'drobbins'}",531,"{'id': 239, 'real_name': 'jesse kahtava', 'email': 'spreeky', 'name': 'spreeky'}",FIXED,spreeky,2003-02-04T19:42:18Z,High,VERIFIED,,Other,normal,drobbins,2002-02-04T15:37:43Z,[OLD] Docs-user
"{'name': 'woodchip', 'email': 'woodchip', 'id': 13, 'real_name': 'Donny Davies (RETIRED)'}",532,"{'email': 'gentoo', 'name': 'gentoo', 'id': 111, 'real_name': 'Ingo Luetkebohle'}",FIXED,gentoo,2003-02-04T19:42:18Z,High,RESOLVED,,New packages,enhancement,woodchip,2002-02-04T17:34:14Z,Gentoo Linux
"{'real_name': 'chouser (RETIRED)', 'id': 11, 'name': 'chouser', 'email': 'chouser'}",533,"{'email': 'chouser', 'name': 'chouser', 'id': 11, 'real_name': 'chouser (RETIRED)'}",FIXED,chouser,2011-10-30T22:19:29Z,High,RESOLVED,,Unclassified,normal,chouser,2002-02-04T17:50:52Z,Portage Development
"{'email': 'drobbins', 'name': 'drobbins', 'real_name': 'Daniel Robbins (RETIRED)', 'id': 8}",534,"{'id': 75, 'real_name': 'Luke Graham', 'name': 'spooq', 'email': 'spooq'}",FIXED,spooq,2011-10-30T22:20:08Z,High,RESOLVED,,Unclassified,normal,drobbins,2002-02-04T18:34:06Z,Portage Development
"{'name': 'karltk', 'email': 'karltk', 'id': 19, 'real_name': 'Karl Trygve Kalleberg (RETIRED)'}",535,"{'id': 11, 'real_name': 'chouser (RETIRED)', 'name': 'chouser', 'email': 'chouser'}",WONTFIX,chouser,2011-10-30T22:18:25Z,High,RESOLVED,,Unclassified,enhancement,karltk,2002-02-04T19:45:39Z,Portage Development
"{'name': 'azarah', 'email': 'azarah', 'real_name': 'Martin Schlemmer (RETIRED)', 'id': 12}",536,"{'name': 'chouser', 'email': 'chouser', 'id': 11, 'real_name': 'chouser (RETIRED)'}",FIXED,chouser,2003-02-04T19:42:18Z,High,RESOLVED,,Current packages,normal,azarah,2002-02-04T20:20:53Z,Gentoo Linux
"{'email': 'danarmak', 'name': 'danarmak', 'id': 10, 'real_name': 'Dan Armak (RETIRED)'}",537,"{'email': 'moss7552', 'name': 'moss7552', 'real_name': 'Mark Moss', 'id': 155}",FIXED,moss7552,2003-02-04T19:42:18Z,High,RESOLVED,,[OLD] KDE,major,danarmak,2002-02-04T20:49:04Z,Gentoo Linux
"{'name': 'chouser', 'email': 'chouser', 'id': 11, 'real_name': 'chouser (RETIRED)'}",538,"{'name': 'mbkennedy', 'email': 'mbkennedy', 'id': 228, 'real_name': 'Matthew Kennedy'}",FIXED,mbkennedy,2003-02-04T19:42:18Z,High,VERIFIED,,New packages,enhancement,chouser,2002-02-04T23:07:25Z,Gentoo Linux
"{'id': 13, 'real_name': 'Donny Davies (RETIRED)', 'email': 'woodchip', 'name': 'woodchip'}",539,"{'real_name': 'Travis Tilley', 'id': 163, 'name': 'lordviram', 'email': 'lordviram'}",FIXED,lordviram,2003-02-04T19:42:18Z,Normal,RESOLVED,,[OLD] Core system,enhancement,woodchip,2002-02-05T04:35:37Z,Gentoo Linux
"{'email': 'azarah', 'name': 'azarah', 'real_name': 'Martin Schlemmer (RETIRED)', 'id': 12}",540,"{'real_name': 'Peter Foley', 'id': 241, 'email': 'pjfoley', 'name': 'pjfoley'}",FIXED,pjfoley,2003-02-04T19:42:18Z,High,RESOLVED,,[OLD] Unspecified,enhancement,azarah,2002-02-05T04:56:45Z,Gentoo Linux
"{'name': 'm0rpheus', 'email': 'm0rpheus', 'id': 224, 'real_name': 'Ferry Meyndert (RETIRED)'}",541,"{'real_name': 'Travis Tilley', 'id': 163, 'name': 'lordviram', 'email': 'lordviram'}",FIXED,lordviram,2003-02-04T19:42:18Z,High,RESOLVED,,New packages,normal,m0rpheus,2002-02-05T05:09:21Z,Gentoo Linux
"{'name': 'drobbins', 'email': 'drobbins', 'real_name': 'Daniel Robbins (RETIRED)', 'id': 8}",542,"{'real_name': 'Michael Kaufman', 'id': 242, 'name': 'dsmdragon', 'email': 'dsmdragon'}",FIXED,dsmdragon,2003-02-04T19:42:18Z,Low,RESOLVED,,[OLD] Core system,minor,drobbins,2002-02-05T05:35:42Z,Gentoo Linux
"{'name': 'g2boojum', 'email': 'g2boojum', 'real_name': 'Grant Goodyear (RETIRED)', 'id': 9}",543,"{'real_name': 'F. Kooman', 'id': 184, 'email': 'fkooman', 'name': 'fkooman'}",FIXED,fkooman,2002-02-08T11:21:02Z,High,RESOLVED,,Current packages,normal,g2boojum,2002-02-05T08:18:27Z,Gentoo Linux
"{'email': 'karltk', 'name': 'karltk', 'id': 19, 'real_name': 'Karl Trygve Kalleberg (RETIRED)'}",544,"{'email': 'j.kossen', 'name': 'j.kossen', 'id': 212, 'real_name': 'Jochem Kossen'}",FIXED,j.kossen,2011-10-30T22:20:13Z,High,RESOLVED,,Unclassified,normal,karltk,2002-02-05T10:18:30Z,Portage Development
"{'name': 'drobbins', 'email': 'drobbins', 'id': 8, 'real_name': 'Daniel Robbins (RETIRED)'}",545,"{'id': 15, 'real_name': 'Chad Huneycutt (RETIRED)', 'email': 'chadh', 'name': 'chadh'}",FIXED,chadh,2003-02-04T19:42:18Z,High,RESOLVED,,Current packages,normal,drobbins,2002-02-05T10:58:51Z,Gentoo Linux
"{'name': 'drobbins', 'email': 'drobbins', 'id': 8, 'real_name': 'Daniel Robbins (RETIRED)'}",546,"{'name': 'carlos', 'email': 'carlos', 'id': 92, 'real_name': 'Carlos Eberhardt'}",FIXED,carlos,2003-02-04T19:42:18Z,High,RESOLVED,,Current packages,major,drobbins,2002-02-05T12:20:42Z,Gentoo Linux
"{'id': 10, 'real_name': 'Dan Armak (RETIRED)', 'name': 'danarmak', 'email': 'danarmak'}",547,"{'id': 55, 'real_name': 'Jeld The Dark Elf', 'name': 'jeld', 'email': 'jeld'}",INVALID,jeld,2003-02-04T19:42:18Z,High,RESOLVED,,[OLD] KDE,normal,danarmak,2002-02-05T12:24:40Z,Gentoo Linux
"{'real_name': 'Daniel Robbins (RETIRED)', 'id': 8, 'email': 'drobbins', 'name': 'drobbins'}",548,"{'real_name': 'Jeld The Dark Elf', 'id': 55, 'name': 'jeld', 'email': 'jeld'}",FIXED,jeld,2011-10-30T22:20:44Z,High,RESOLVED,,Unclassified,normal,drobbins,2002-02-05T12:27:48Z,Portage Development
"{'name': 'karltk', 'email': 'karltk', 'real_name': 'Karl Trygve Kalleberg (RETIRED)', 'id': 19}",549,"{'name': 'mbkennedy', 'email': 'mbkennedy', 'id': 228, 'real_name': 'Matthew Kennedy'}",FIXED,mbkennedy,2003-02-04T19:42:18Z,High,RESOLVED,,New packages,minor,karltk,2002-02-05T13:40:50Z,Gentoo Linux
"{'real_name': 'Donny Davies (RETIRED)', 'id': 13, 'email': 'woodchip', 'name': 'woodchip'}",550,"{'real_name': 'Jay Austad', 'id': 244, 'email': 'austad', 'name': 'austad'}",FIXED,austad,2003-02-04T19:42:18Z,High,RESOLVED,,Current packages,normal,woodchip,2002-02-05T14:51:47Z,Gentoo Linux
"{'id': 84, 'real_name': 'Tod M. Neidt (RETIRED)', 'email': 'tod', 'name': 'tod'}",551,"{'name': 'breez', 'email': 'breez', 'id': 245, 'real_name': 'Breezer'}",FIXED,breez,2003-02-04T19:42:18Z,High,RESOLVED,,[OLD] Library,normal,tod,2002-02-05T15:20:49Z,Gentoo Linux
"{'id': 9, 'real_name': 'Grant Goodyear (RETIRED)', 'email': 'g2boojum', 'name': 'g2boojum'}",552,"{'email': 'jboyens', 'name': 'jboyens', 'real_name': 'JR Boyens', 'id': 125}",FIXED,jboyens,2003-02-04T19:42:18Z,High,RESOLVED,,Current packages,normal,g2boojum,2002-02-05T16:18:10Z,Gentoo Linux
"{'id': 11, 'real_name': 'chouser (RETIRED)', 'name': 'chouser', 'email': 'chouser'}",553,"{'id': 246, 'real_name': 'Stein Magnus Jodal', 'email': 'stein.magnus', 'name': 'stein.magnus'}",FIXED,stein.magnus,2003-02-04T19:42:18Z,High,VERIFIED,,New packages,enhancement,chouser,2002-02-05T17:12:50Z,Gentoo Linux
"{'email': 'drobbins', 'name': 'drobbins', 'id': 8, 'real_name': 'Daniel Robbins (RETIRED)'}",554,"{'real_name': 'Dan Armak (RETIRED)', 'id': 10, 'name': 'danarmak', 'email': 'danarmak'}",FIXED,danarmak,2002-02-06T00:23:24Z,High,RESOLVED,,[OLD] Core system,normal,drobbins,2002-02-05T17:16:48Z,Gentoo Linux
"{'id': 10, 'real_name': 'Dan Armak (RETIRED)', 'name': 'danarmak', 'email': 'danarmak'}",555,"{'real_name': 'Maciek', 'id': 90, 'email': 'MacBerry', 'name': 'MacBerry'}",INVALID,MacBerry,2002-02-16T14:49:36Z,High,RESOLVED,,New packages,enhancement,danarmak,2002-02-05T18:00:20Z,Gentoo Linux
"{'id': 5, 'real_name': 'Geert Bevin', 'email': 'gbevin', 'name': 'gbevin'}",556,"{'name': 'agenkin-gentoo-bugzilla', 'email': 'agenkin-gentoo-bugzilla', 'id': 197, 'real_name': 'Arcady Genkin'}",FIXED,agenkin-gentoo-bugzilla,2003-02-04T19:42:18Z,High,RESOLVED,,Current packages,enhancement,gbevin,2002-02-05T21:34:15Z,Gentoo Linux
"{'id': 12, 'real_name': 'Martin Schlemmer (RETIRED)', 'name': 'azarah', 'email': 'azarah'}",557,"{'email': 'mwdilla', 'name': 'mwdilla', 'id': 206, 'real_name': 'Mark'}",FIXED,mwdilla,2003-01-28T00:30:44Z,High,RESOLVED,,Current packages,normal,azarah,2002-02-05T23:47:32Z,Gentoo Linux
"{'id': 9, 'real_name': 'Grant Goodyear (RETIRED)', 'name': 'g2boojum', 'email': 'g2boojum'}",558,"{'real_name': 'Geert Bevin', 'id': 5, 'email': 'gbevin', 'name': 'gbevin'}",FIXED,gbevin,2003-02-04T19:42:18Z,High,RESOLVED,,[OLD] GNOME,normal,g2boojum,2002-02-06T08:45:38Z,Gentoo Linux
"{'name': 'g2boojum', 'email': 'g2boojum', 'real_name': 'Grant Goodyear (RETIRED)', 'id': 9}",559,"{'name': 'jos.dehaes', 'email': 'jos.dehaes', 'real_name': 'Jos Dehaes', 'id': 251}",FIXED,jos.dehaes,2011-10-30T22:20:32Z,High,RESOLVED,,Unclassified,normal,g2boojum,2002-02-06T08:52:30Z,Portage Development
"{'real_name': 'Geert Bevin', 'id': 5, 'email': 'gbevin', 'name': 'gbevin'}",560,"{'id': 9, 'real_name': 'Grant Goodyear (RETIRED)', 'name': 'g2boojum', 'email': 'g2boojum'}",FIXED,g2boojum,2011-10-30T22:19:05Z,High,RESOLVED,,Unclassified,normal,gbevin,2002-02-06T11:02:58Z,Portage Development
"{'name': 'chouser', 'email': 'chouser', 'real_name': 'chouser (RETIRED)', 'id': 11}",561,"{'real_name': 'Markus Krainer', 'id': 107, 'email': 'mkrainer', 'name': 'mkrainer'}",FIXED,mkrainer,2003-02-04T19:42:18Z,High,VERIFIED,,New packages,enhancement,chouser,2002-02-06T13:09:43Z,Gentoo Linux
"{'id': 11, 'real_name': 'chouser (RETIRED)', 'email': 'chouser', 'name': 'chouser'}",562,"{'id': 137, 'real_name': 'Yannick Koehler (RETIRED)', 'email': 'ykoehler', 'name': 'ykoehler'}",FIXED,ykoehler,2003-02-04T19:42:18Z,High,RESOLVED,,Current packages,normal,chouser,2002-02-06T15:38:18Z,Gentoo Linux
"{'email': 'g2boojum', 'name': 'g2boojum', 'id': 9, 'real_name': 'Grant Goodyear (RETIRED)'}",563,"{'id': 248, 'real_name': 'Tom Hoffman', 'name': 'hoffman', 'email': 'hoffman'}",DUPLICATE,hoffman,2005-07-17T13:06:51Z,High,RESOLVED,10.0,[OLD] GNOME,normal,g2boojum,2002-02-06T16:19:42Z,Gentoo Linux
"{'email': 'drobbins', 'name': 'drobbins', 'id': 8, 'real_name': 'Daniel Robbins (RETIRED)'}",564,"{'email': '13th.floor', 'name': '13th.floor', 'id': 194, 'real_name': 'Ian Smith'}",FIXED,13th.floor,2003-02-04T19:42:18Z,High,RESOLVED,,Current packages,normal,drobbins,2002-02-06T17:55:13Z,Gentoo Linux
"{'name': 'bart', 'email': 'bart', 'id': 14, 'real_name': 'Bart Verwilst'}",565,"{'id': 115, 'real_name': 'Sandy McArthur', 'email': 'Sandy', 'name': 'Sandy'}",FIXED,Sandy,2003-02-04T19:42:18Z,Normal,RESOLVED,,New packages,enhancement,bart,2002-02-06T18:54:25Z,Gentoo Linux
"{'real_name': 'Bruce A. Locke (RETIRED)', 'id': 171, 'email': 'blocke', 'name': 'blocke'}",566,"{'name': 'ndonti', 'email': 'ndonti', 'real_name': 'Naresh Donti', 'id': 63}",FIXED,ndonti,2003-02-04T19:42:18Z,High,RESOLVED,,[OLD] GNOME,normal,blocke,2002-02-06T21:27:25Z,Gentoo Linux
"{'name': 'drobbins', 'email': 'drobbins', 'real_name': 'Daniel Robbins (RETIRED)', 'id': 8}",567,"{'real_name': 'chouser (RETIRED)', 'id': 11, 'email': 'chouser', 'name': 'chouser'}",FIXED,chouser,2003-02-04T19:42:18Z,High,RESOLVED,,Current packages,normal,drobbins,2002-02-06T21:41:19Z,Gentoo Linux
"{'name': 'gbevin', 'email': 'gbevin', 'id': 5, 'real_name': 'Geert Bevin'}",568,"{'email': 'mbkennedy', 'name': 'mbkennedy', 'id': 228, 'real_name': 'Matthew Kennedy'}",DUPLICATE,mbkennedy,2005-07-17T13:06:51Z,High,RESOLVED,556.0,New packages,enhancement,gbevin,2002-02-06T22:55:34Z,Gentoo Linux
"{'name': 'drobbins', 'email': 'drobbins', 'real_name': 'Daniel Robbins (RETIRED)', 'id': 8}",569,"{'id': 84, 'real_name': 'Tod M. Neidt (RETIRED)', 'email': 'tod', 'name': 'tod'}",FIXED,tod,2003-02-04T19:42:18Z,High,VERIFIED,,Other,enhancement,drobbins,2002-02-06T23:53:34Z,[OLD] Docs-user
"{'email': 'azarah', 'name': 'azarah', 'real_name': 'Martin Schlemmer (RETIRED)', 'id': 12}",570,"{'name': 'seemantk', 'email': 'seemantk', 'real_name': 'Seemant Kulleen', 'id': 254}",DUPLICATE,seemantk,2005-07-17T13:06:51Z,High,RESOLVED,348.0,[OLD] Library,normal,azarah,2002-02-06T23:54:52Z,Gentoo Linux
"{'id': 9, 'real_name': 'Grant Goodyear (RETIRED)', 'email': 'g2boojum', 'name': 'g2boojum'}",571,"{'real_name': 'Daniel Robbins (RETIRED)', 'id': 8, 'name': 'drobbins', 'email': 'drobbins'}",FIXED,drobbins,2003-02-04T19:42:18Z,High,VERIFIED,,Other,normal,g2boojum,2002-02-06T23:59:41Z,[OLD] Docs-user
"{'id': 167, 'real_name': 'Vitaly Kushneriuk (RETIRED)', 'name': 'vitaly', 'email': 'vitaly'}",572,"{'email': 'agenkin-gentoo-bugzilla', 'name': 'agenkin-gentoo-bugzilla', 'real_name': 'Arcady Genkin', 'id': 197}",FIXED,agenkin-gentoo-bugzilla,2003-02-04T19:42:18Z,High,RESOLVED,,Current packages,enhancement,vitaly,2002-02-07T00:20:09Z,Gentoo Linux
"{'name': 'vitaly', 'email': 'vitaly', 'id': 167, 'real_name': 'Vitaly Kushneriuk (RETIRED)'}",573,"{'email': 'agenkin-gentoo-bugzilla', 'name': 'agenkin-gentoo-bugzilla', 'id': 197, 'real_name': 'Arcady Genkin'}",FIXED,agenkin-gentoo-bugzilla,2003-02-04T19:42:18Z,High,RESOLVED,,Current packages,enhancement,vitaly,2002-02-07T00:56:08Z,Gentoo Linux
"{'email': 'vitaly', 'name': 'vitaly', 'real_name': 'Vitaly Kushneriuk (RETIRED)', 'id': 167}",574,"{'id': 197, 'real_name': 'Arcady Genkin', 'email': 'agenkin-gentoo-bugzilla', 'name': 'agenkin-gentoo-bugzilla'}",FIXED,agenkin-gentoo-bugzilla,2003-02-04T19:42:18Z,High,RESOLVED,,Current packages,enhancement,vitaly,2002-02-07T01:30:59Z,Gentoo Linux
"{'name': 'chouser', 'email': 'chouser', 'id': 11, 'real_name': 'chouser (RETIRED)'}",575,"{'id': 255, 'real_name': 'Bob Phan', 'name': 'bob', 'email': 'bob'}",INVALID,bob,2003-02-04T19:42:18Z,High,RESOLVED,,New packages,enhancement,chouser,2002-02-07T01:40:10Z,Gentoo Linux
"{'id': 35, 'real_name': 'Aron Griffis (RETIRED)', 'name': 'agriffis', 'email': 'agriffis'}",576,"{'real_name': '', 'id': 49, 'email': 'cami', 'name': 'cami'}",FIXED,cami,2003-02-04T19:42:18Z,High,RESOLVED,,Current packages,normal,agriffis,2002-02-07T03:36:47Z,Gentoo Linux
"{'real_name': 'Karl Trygve Kalleberg (RETIRED)', 'id': 19, 'name': 'karltk', 'email': 'karltk'}",577,"{'email': 'cami', 'name': 'cami', 'real_name': '', 'id': 49}",FIXED,cami,2003-02-04T19:42:18Z,High,RESOLVED,,Current packages,normal,karltk,2002-02-07T03:42:12Z,Gentoo Linux
"{'id': 13, 'real_name': 'Donny Davies (RETIRED)', 'name': 'woodchip', 'email': 'woodchip'}",578,"{'id': 50, 'real_name': 'Maarten Stolte', 'name': 'datadevil', 'email': 'datadevil'}",INVALID,datadevil,2003-02-04T19:42:18Z,Highest,RESOLVED,,New packages,normal,woodchip,2002-02-07T04:24:54Z,Gentoo Linux
"{'real_name': 'Grant Goodyear (RETIRED)', 'id': 9, 'email': 'g2boojum', 'name': 'g2boojum'}",579,"{'email': 'dsmdragon', 'name': 'dsmdragon', 'id': 242, 'real_name': 'Michael Kaufman'}",FIXED,dsmdragon,2003-02-04T19:42:18Z,Normal,RESOLVED,,[OLD] Library,major,g2boojum,2002-02-07T05:24:50Z,Gentoo Linux
"{'real_name': 'Geert Bevin', 'id': 5, 'name': 'gbevin', 'email': 'gbevin'}",580,"{'id': 163, 'real_name': 'Travis Tilley', 'name': 'lordviram', 'email': 'lordviram'}",INVALID,lordviram,2011-10-30T22:21:54Z,Highest,RESOLVED,,Unclassified,normal,gbevin,2002-02-07T07:40:21Z,Portage Development
"{'name': 'karltk', 'email': 'karltk', 'real_name': 'Karl Trygve Kalleberg (RETIRED)', 'id': 19}",581,"{'id': 236, 'real_name': 'Scott Moynes', 'email': 'smoynes', 'name': 'smoynes'}",FIXED,smoynes,2003-02-04T19:42:18Z,High,RESOLVED,,[OLD] Development,minor,karltk,2002-02-07T08:38:39Z,Gentoo Linux
"{'id': 19, 'real_name': 'Karl Trygve Kalleberg (RETIRED)', 'name': 'karltk', 'email': 'karltk'}",582,"{'email': 'smitchell', 'name': 'smitchell', 'real_name': 'Sean Mitchell', 'id': 258}",FIXED,smitchell,2003-02-04T19:42:18Z,High,RESOLVED,,New packages,enhancement,karltk,2002-02-07T09:30:36Z,Gentoo Linux
"{'real_name': 'Aron Griffis (RETIRED)', 'id': 35, 'name': 'agriffis', 'email': 'agriffis'}",583,"{'name': 'ndonti', 'email': 'ndonti', 'real_name': 'Naresh Donti', 'id': 63}",FIXED,ndonti,2003-02-04T19:42:18Z,High,RESOLVED,,New packages,normal,agriffis,2002-02-07T09:54:58Z,Gentoo Linux
"{'name': 'g2boojum', 'email': 'g2boojum', 'id': 9, 'real_name': 'Grant Goodyear (RETIRED)'}",584,"{'id': 258, 'real_name': 'Sean Mitchell', 'email': 'smitchell', 'name': 'smitchell'}",FIXED,smitchell,2003-02-04T19:42:18Z,High,RESOLVED,,Current packages,normal,g2boojum,2002-02-07T10:56:59Z,Gentoo Linux
"{'email': 'azarah', 'name': 'azarah', 'id': 12, 'real_name': 'Martin Schlemmer (RETIRED)'}",585,"{'id': 49, 'real_name': '', 'name': 'cami', 'email': 'cami'}",FIXED,cami,2003-02-04T19:42:18Z,High,RESOLVED,,[OLD] Core system,major,azarah,2002-02-07T11:31:46Z,Gentoo Linux
"{'id': 1668, 'real_name': 'Nick Hadaway', 'name': 'grandmasterlinux', 'email': 'grandmasterlinux'}",586,"{'real_name': 'Sean Mitchell', 'id': 258, 'name': 'smitchell', 'email': 'smitchell'}",FIXED,smitchell,2003-02-04T19:42:18Z,High,RESOLVED,,New packages,enhancement,grandmasterlinux,2002-02-07T11:46:07Z,Gentoo Linux
"{'email': 'g2boojum', 'name': 'g2boojum', 'id': 9, 'real_name': 'Grant Goodyear (RETIRED)'}",587,"{'real_name': 'Thomas Tongue', 'id': 150, 'name': 'ttongue', 'email': 'ttongue'}",FIXED,ttongue,2003-02-04T19:42:18Z,High,RESOLVED,,New packages,normal,g2boojum,2002-02-07T13:27:42Z,Gentoo Linux
"{'email': 'azarah', 'name': 'azarah', 'id': 12, 'real_name': 'Martin Schlemmer (RETIRED)'}",588,"{'email': 'ndonti', 'name': 'ndonti', 'id': 63, 'real_name': 'Naresh Donti'}",FIXED,ndonti,2003-02-04T19:42:18Z,High,RESOLVED,,[OLD] Core system,normal,azarah,2002-02-07T14:08:09Z,Gentoo Linux
"{'name': 'bug-wranglers', 'email': 'bug-wranglers', 'real_name': 'Gentoo Linux bug wranglers', 'id': 921}",589,"{'name': 'gentoo', 'email': 'gentoo', 'id': 16, 'real_name': 'Michael Tartsch'}",FIXED,gentoo,2002-06-13T19:20:31Z,High,RESOLVED,,New packages,enhancement,bug-wranglers,2002-02-07T14:27:15Z,Gentoo Linux
"{'id': 924, 'real_name': 'Daniel Ahlberg (RETIRED)', 'name': 'aliz', 'email': 'aliz'}",590,"{'id': 16, 'real_name': 'Michael Tartsch', 'name': 'gentoo', 'email': 'gentoo'}",FIXED,gentoo,2002-07-18T11:10:11Z,High,RESOLVED,,New packages,enhancement,aliz,2002-02-07T15:08:49Z,Gentoo Linux
"{'id': 8878, 'real_name': 'Net-Mail Packages', 'name': 'net-mail+disabled', 'email': 'net-mail+disabled'}",591,"{'email': 'gentoo', 'name': 'gentoo', 'real_name': 'Michael Tartsch', 'id': 16}",FIXED,gentoo,2003-09-19T08:41:32Z,High,RESOLVED,,New packages,enhancement,net-mail+disabled,2002-02-07T15:22:36Z,Gentoo Linux
"{'real_name': 'Bart Verwilst', 'id': 14, 'email': 'bart', 'name': 'bart'}",592,"{'name': 'naz', 'email': 'naz', 'real_name': 'Michael M Nazaroff (RETIRED)', 'id': 256}",FIXED,naz,2002-03-16T11:13:36Z,High,RESOLVED,,New packages,enhancement,bart,2002-02-07T15:59:27Z,Gentoo Linux
"{'real_name': 'Donny Davies (RETIRED)', 'id': 13, 'email': 'woodchip', 'name': 'woodchip'}",593,"{'real_name': 'Ingo Luetkebohle', 'id': 111, 'name': 'gentoo', 'email': 'gentoo'}",FIXED,gentoo,2003-02-04T19:42:18Z,High,RESOLVED,,New packages,normal,woodchip,2002-02-07T17:02:26Z,Gentoo Linux
"{'email': 'chouser', 'name': 'chouser', 'id': 11, 'real_name': 'chouser (RETIRED)'}",594,"{'email': 'jeld', 'name': 'jeld', 'real_name': 'Jeld The Dark Elf', 'id': 55}",FIXED,jeld,2003-02-04T19:42:18Z,High,RESOLVED,,[OLD] Unspecified,normal,chouser,2002-02-07T17:37:20Z,Gentoo Linux
"{'real_name': 'Daniel Robbins (RETIRED)', 'id': 8, 'email': 'drobbins', 'name': 'drobbins'}",595,"{'real_name': 'Fred Bulthuis', 'id': 166, 'email': 'bulthuis', 'name': 'bulthuis'}",FIXED,bulthuis,2003-02-04T19:42:18Z,High,RESOLVED,,Current packages,normal,drobbins,2002-02-07T19:44:43Z,Gentoo Linux
"{'real_name': 'chouser (RETIRED)', 'id': 11, 'email': 'chouser', 'name': 'chouser'}",596,"{'id': 25, 'real_name': 'Ilian Zarov', 'email': 'coder', 'name': 'coder'}",FIXED,coder,2003-02-04T19:42:18Z,High,VERIFIED,,New packages,enhancement,chouser,2002-02-07T20:06:12Z,Gentoo Linux
"{'real_name': 'chouser (RETIRED)', 'id': 11, 'email': 'chouser', 'name': 'chouser'}",597,"{'real_name': 'Scott Moynes', 'id': 236, 'email': 'smoynes', 'name': 'smoynes'}",FIXED,smoynes,2003-02-04T19:42:18Z,High,RESOLVED,,[OLD] Server,normal,chouser,2002-02-07T20:20:39Z,Gentoo Linux
"{'id': 8, 'real_name': 'Daniel Robbins (RETIRED)', 'email': 'drobbins', 'name': 'drobbins'}",598,"{'email': 'orkim', 'name': 'orkim', 'real_name': 'Doug Miller', 'id': 252}",FIXED,orkim,2003-02-04T19:42:18Z,High,RESOLVED,,New packages,major,drobbins,2002-02-08T00:15:11Z,Gentoo Linux
"{'email': 'gbevin', 'name': 'gbevin', 'id': 5, 'real_name': 'Geert Bevin'}",599,"{'name': 'agenkin-gentoo-bugzilla', 'email': 'agenkin-gentoo-bugzilla', 'real_name': 'Arcady Genkin', 'id': 197}",FIXED,agenkin-gentoo-bugzilla,2003-02-04T19:42:18Z,High,RESOLVED,,New packages,normal,gbevin,2002-02-08T00:44:28Z,Gentoo Linux
"{'id': 8, 'real_name': 'Daniel Robbins (RETIRED)', 'name': 'drobbins', 'email': 'drobbins'}",600,"{'email': 'agenkin-gentoo-bugzilla', 'name': 'agenkin-gentoo-bugzilla', 'id': 197, 'real_name': 'Arcady Genkin'}",FIXED,agenkin-gentoo-bugzilla,2003-02-04T19:42:18Z,High,RESOLVED,,Current packages,normal,drobbins,2002-02-08T00:48:17Z,Gentoo Linux
"{'id': 9, 'real_name': 'Grant Goodyear (RETIRED)', 'name': 'g2boojum', 'email': 'g2boojum'}",601,"{'email': 'agenkin-gentoo-bugzilla', 'name': 'agenkin-gentoo-bugzilla', 'id': 197, 'real_name': 'Arcady Genkin'}",FIXED,agenkin-gentoo-bugzilla,2003-02-04T19:42:18Z,High,RESOLVED,,Current packages,enhancement,g2boojum,2002-02-08T01:30:31Z,Gentoo Linux
"{'id': 9, 'real_name': 'Grant Goodyear (RETIRED)', 'name': 'g2boojum', 'email': 'g2boojum'}",602,"{'real_name': 'nicd', 'id': 259, 'name': 'nic_spam', 'email': 'nic_spam'}",DUPLICATE,nic_spam,2005-07-17T13:06:51Z,High,RESOLVED,10.0,Current packages,normal,g2boojum,2002-02-08T04:31:44Z,Gentoo Linux
"{'email': 'karltk', 'name': 'karltk', 'id': 19, 'real_name': 'Karl Trygve Kalleberg (RETIRED)'}",603,"{'real_name': 'Doug Miller', 'id': 252, 'name': 'orkim', 'email': 'orkim'}",FIXED,orkim,2003-02-04T19:42:18Z,Normal,RESOLVED,,New packages,normal,karltk,2002-02-08T04:37:45Z,Gentoo Linux
"{'id': 156, 'real_name': 'Leo Lipelis (RETIRED)', 'email': 'aeoo', 'name': 'aeoo'}",604,"{'email': 'george', 'name': 'george', 'real_name': 'George Shapovalov (RETIRED)', 'id': 260}",FIXED,george,2003-04-04T01:25:24Z,High,RESOLVED,,New packages,enhancement,aeoo,2002-02-08T05:44:20Z,Gentoo Linux
"{'email': 'drobbins', 'name': 'drobbins', 'id': 8, 'real_name': 'Daniel Robbins (RETIRED)'}",605,"{'email': 'g2boojum', 'name': 'g2boojum', 'real_name': 'Grant Goodyear (RETIRED)', 'id': 9}",FIXED,g2boojum,2011-10-30T22:20:34Z,High,RESOLVED,,Unclassified,enhancement,drobbins,2002-02-08T08:03:15Z,Portage Development
"{'real_name': 'Grant Goodyear (RETIRED)', 'id': 9, 'name': 'g2boojum', 'email': 'g2boojum'}",606,"{'email': 'g2boojum', 'name': 'g2boojum', 'real_name': 'Grant Goodyear (RETIRED)', 'id': 9}",FIXED,g2boojum,2003-02-04T19:42:18Z,High,RESOLVED,,[OLD] Core system,normal,g2boojum,2002-02-08T08:07:43Z,Gentoo Linux
"{'name': 'azarah', 'email': 'azarah', 'real_name': 'Martin Schlemmer (RETIRED)', 'id': 12}",607,"{'email': 'agenkin-gentoo-bugzilla', 'name': 'agenkin-gentoo-bugzilla', 'id': 197, 'real_name': 'Arcady Genkin'}",FIXED,agenkin-gentoo-bugzilla,2003-02-04T19:42:18Z,High,RESOLVED,,New packages,normal,azarah,2002-02-08T08:25:15Z,Gentoo Linux
"{'email': 'drobbins', 'name': 'drobbins', 'real_name': 'Daniel Robbins (RETIRED)', 'id': 8}",608,"{'id': 261, 'real_name': 'Oliver Sarmiento', 'name': 'obey', 'email': 'obey'}",FIXED,obey,2003-02-04T19:42:18Z,High,RESOLVED,,New packages,major,drobbins,2002-02-08T08:26:54Z,Gentoo Linux
"{'email': 'm0rpheus', 'name': 'm0rpheus', 'id': 224, 'real_name': 'Ferry Meyndert (RETIRED)'}",609,"{'name': 'phre0n', 'email': 'phre0n', 'real_name': 'Michael Garcia', 'id': 262}",FIXED,phre0n,2025-10-18T14:46:18Z,High,RESOLVED,,New packages,normal,m0rpheus,2002-02-08T14:56:20Z,Gentoo Linux
"{'real_name': 'Daniel Robbins (RETIRED)', 'id': 8, 'email': 'drobbins', 'name': 'drobbins'}",610,"{'email': 'phre0n', 'name': 'phre0n', 'real_name': 'Michael Garcia', 'id': 262}",FIXED,phre0n,2003-02-04T19:42:18Z,High,RESOLVED,,New packages,enhancement,drobbins,2002-02-08T14:58:12Z,Gentoo Linux
"{'email': 'drobbins', 'name': 'drobbins', 'id': 8, 'real_name': 'Daniel Robbins (RETIRED)'}",611,"{'email': 'orkim', 'name': 'orkim', 'real_name': 'Doug Miller', 'id': 252}",FIXED,orkim,2003-02-04T19:42:18Z,High,RESOLVED,,New packages,enhancement,drobbins,2002-02-08T16:47:02Z,Gentoo Linux
"{'real_name': 'Daniel Robbins (RETIRED)', 'id': 8, 'email': 'drobbins', 'name': 'drobbins'}",612,"{'id': 197, 'real_name': 'Arcady Genkin', 'email': 'agenkin-gentoo-bugzilla', 'name': 'agenkin-gentoo-bugzilla'}",FIXED,agenkin-gentoo-bugzilla,2003-02-04T19:42:18Z,High,RESOLVED,,Current packages,enhancement,drobbins,2002-02-08T18:43:31Z,Gentoo Linux
"{'id': 9, 'real_name': 'Grant Goodyear (RETIRED)', 'name': 'g2boojum', 'email': 'g2boojum'}",613,"{'real_name': 'Scott Moynes', 'id': 236, 'email': 'smoynes', 'name': 'smoynes'}",FIXED,smoynes,2003-02-04T19:42:18Z,High,RESOLVED,,New packages,enhancement,g2boojum,2002-02-08T18:49:55Z,Gentoo Linux
"{'name': 'drobbins', 'email': 'drobbins', 'id': 8, 'real_name': 'Daniel Robbins (RETIRED)'}",614,"{'email': 'trilliji', 'name': 'trilliji', 'real_name': 'Robert Blyler', 'id': 264}",FIXED,trilliji,2003-02-04T19:42:18Z,High,RESOLVED,,New packages,normal,drobbins,2002-02-08T20:57:53Z,Gentoo Linux
"{'email': 'drobbins', 'name': 'drobbins', 'id': 8, 'real_name': 'Daniel Robbins (RETIRED)'}",615,"{'name': 'drobbins', 'email': 'drobbins', 'id': 8, 'real_name': 'Daniel Robbins (RETIRED)'}",FIXED,drobbins,2011-10-30T22:18:30Z,High,RESOLVED,,Unclassified,normal,drobbins,2002-02-09T00:13:53Z,Portage Development
"{'email': 'drobbins', 'name': 'drobbins', 'real_name': 'Daniel Robbins (RETIRED)', 'id': 8}",616,"{'id': 265, 'real_name': 'Alexander M. Content', 'name': 'acontent', 'email': 'acontent'}",FIXED,acontent,2003-02-04T19:42:18Z,High,RESOLVED,,New packages,normal,drobbins,2002-02-09T01:34:51Z,Gentoo Linux
"{'name': 'vitaly', 'email': 'vitaly', 'real_name': 'Vitaly Kushneriuk (RETIRED)', 'id': 167}",617,"{'real_name': 'Arcady Genkin', 'id': 197, 'name': 'agenkin-gentoo-bugzilla', 'email': 'agenkin-gentoo-bugzilla'}",FIXED,agenkin-gentoo-bugzilla,2003-02-04T19:42:18Z,High,RESOLVED,,Current packages,enhancement,vitaly,2002-02-09T10:55:28Z,Gentoo Linux
"{'id': 167, 'real_name': 'Vitaly Kushneriuk (RETIRED)', 'name': 'vitaly', 'email': 'vitaly'}",618,"{'id': 197, 'real_name': 'Arcady Genkin', 'name': 'agenkin-gentoo-bugzilla', 'email': 'agenkin-gentoo-bugzilla'}",FIXED,agenkin-gentoo-bugzilla,2003-02-04T19:42:18Z,High,RESOLVED,,Current packages,enhancement,vitaly,2002-02-09T11:14:28Z,Gentoo Linux
"{'email': 'drobbins', 'name': 'drobbins', 'id': 8, 'real_name': 'Daniel Robbins (RETIRED)'}",619,"{'id': 174, 'real_name': 'Jan Czmok', 'email': 'czmok', 'name': 'czmok'}",FIXED,czmok,2003-02-04T19:42:18Z,High,RESOLVED,,New packages,normal,drobbins,2002-02-09T11:36:00Z,Gentoo Linux
"{'name': 'drobbins', 'email': 'drobbins', 'id': 8, 'real_name': 'Daniel Robbins (RETIRED)'}",620,"{'email': 'heatmizer', 'name': 'heatmizer', 'real_name': 'Daniel Heater', 'id': 230}",FIXED,heatmizer,2003-02-04T19:42:18Z,High,RESOLVED,,New packages,enhancement,drobbins,2002-02-09T14:53:31Z,Gentoo Linux
"{'name': 'drobbins', 'email': 'drobbins', 'real_name': 'Daniel Robbins (RETIRED)', 'id': 8}",621,"{'email': '13th.floor', 'name': '13th.floor', 'id': 194, 'real_name': 'Ian Smith'}",FIXED,13th.floor,2003-02-04T19:42:18Z,High,RESOLVED,,New packages,normal,drobbins,2002-02-09T15:40:14Z,Gentoo Linux
"{'email': 'drobbins', 'name': 'drobbins', 'id': 8, 'real_name': 'Daniel Robbins (RETIRED)'}",622,"{'real_name': 'Ian Smith', 'id': 194, 'name': '13th.floor', 'email': '13th.floor'}",FIXED,13th.floor,2003-02-04T19:42:18Z,High,RESOLVED,,Current packages,normal,drobbins,2002-02-09T15:52:52Z,Gentoo Linux
"{'email': 'm0rpheus', 'name': 'm0rpheus', 'id': 224, 'real_name': 'Ferry Meyndert (RETIRED)'}",623,"{'id': 55, 'real_name': 'Jeld The Dark Elf', 'name': 'jeld', 'email': 'jeld'}",FIXED,jeld,2003-02-04T19:42:18Z,High,RESOLVED,,New packages,enhancement,m0rpheus,2002-02-09T17:16:05Z,Gentoo Linux
"{'real_name': 'Daniel Robbins (RETIRED)', 'id': 8, 'email': 'drobbins', 'name': 'drobbins'}",624,"{'id': 76, 'real_name': 'Lars S. Jensen', 'email': 'larssj', 'name': 'larssj'}",FIXED,larssj,2003-02-04T19:42:18Z,High,RESOLVED,,[OLD] Core system,major,drobbins,2002-02-09T19:26:15Z,Gentoo Linux
"{'email': 'karltk', 'name': 'karltk', 'id': 19, 'real_name': 'Karl Trygve Kalleberg (RETIRED)'}",625,"{'id': 250, 'real_name': 'mikepolniak', 'name': 'mikpolniak', 'email': 'mikpolniak'}",FIXED,mikpolniak,2002-02-10T02:27:35Z,High,RESOLVED,,New packages,enhancement,karltk,2002-02-09T21:22:47Z,Gentoo Linux
"{'name': 'm0rpheus', 'email': 'm0rpheus', 'id': 224, 'real_name': 'Ferry Meyndert (RETIRED)'}",626,"{'email': 'Sandy', 'name': 'Sandy', 'real_name': 'Sandy McArthur', 'id': 115}",FIXED,Sandy,2003-02-04T19:42:18Z,High,RESOLVED,,New packages,normal,m0rpheus,2002-02-09T22:21:58Z,Gentoo Linux
"{'name': 'gbevin', 'email': 'gbevin', 'real_name': 'Geert Bevin', 'id': 5}",627,"{'id': 268, 'real_name': 'Brian Raymond', 'email': 'brian.raymond', 'name': 'brian.raymond'}",FIXED,brian.raymond,2003-02-04T19:42:18Z,Normal,RESOLVED,,New packages,critical,gbevin,2002-02-09T23:58:17Z,Gentoo Linux
"{'real_name': 'Donny Davies (RETIRED)', 'id': 13, 'name': 'woodchip', 'email': 'woodchip'}",628,"{'email': 'bnl', 'name': 'bnl', 'real_name': '', 'id': 108}",FIXED,bnl,2003-02-04T19:42:18Z,High,RESOLVED,,Current packages,critical,woodchip,2002-02-10T04:18:15Z,Gentoo Linux
"{'real_name': 'Donny Davies (RETIRED)', 'id': 13, 'email': 'woodchip', 'name': 'woodchip'}",629,"{'real_name': 'Steve Flack', 'id': 237, 'name': 'steve_flack', 'email': 'steve_flack'}",FIXED,steve_flack,2003-01-28T00:30:44Z,High,RESOLVED,,New packages,normal,woodchip,2002-02-10T08:47:58Z,Gentoo Linux
"{'id': 10, 'real_name': 'Dan Armak (RETIRED)', 'name': 'danarmak', 'email': 'danarmak'}",630,"{'real_name': 'Daniel Heater', 'id': 230, 'email': 'heatmizer', 'name': 'heatmizer'}",FIXED,heatmizer,2003-02-04T19:42:18Z,High,RESOLVED,,New packages,enhancement,danarmak,2002-02-10T10:25:50Z,Gentoo Linux
"{'real_name': 'Bart Verwilst', 'id': 14, 'email': 'bart', 'name': 'bart'}",631,"{'id': 99, 'real_name': 'Kent Pirkle', 'email': 'kentpirkle', 'name': 'kentpirkle'}",INVALID,kentpirkle,2003-02-04T19:42:18Z,High,RESOLVED,,Current packages,normal,bart,2002-02-10T11:02:51Z,Gentoo Linux
"{'id': 8, 'real_name': 'Daniel Robbins (RETIRED)', 'name': 'drobbins', 'email': 'drobbins'}",632,"{'email': '13th.floor', 'name': '13th.floor', 'real_name': 'Ian Smith', 'id': 194}",FIXED,13th.floor,2003-02-04T19:42:18Z,High,RESOLVED,,[OLD] Core system,normal,drobbins,2002-02-10T11:06:46Z,Gentoo Linux
"{'real_name': 'Daniel Robbins (RETIRED)', 'id': 8, 'name': 'drobbins', 'email': 'drobbins'}",633,"{'name': 'holger.benl', 'email': 'holger.benl', 'real_name': 'Holger Benl', 'id': 270}",FIXED,holger.benl,2003-02-04T19:42:18Z,High,RESOLVED,,[OLD] Core system,major,drobbins,2002-02-10T11:43:18Z,Gentoo Linux
"{'id': 19, 'real_name': 'Karl Trygve Kalleberg (RETIRED)', 'email': 'karltk', 'name': 'karltk'}",634,"{'email': 'rotund', 'name': 'rotund', 'real_name': 'Joe Tennies', 'id': 273}",FIXED,rotund,2003-02-04T19:42:18Z,High,RESOLVED,,New packages,normal,karltk,2002-02-10T13:10:02Z,Gentoo Linux
"{'email': 'g2boojum', 'name': 'g2boojum', 'id': 9, 'real_name': 'Grant Goodyear (RETIRED)'}",635,"{'name': 'mikpolniak', 'email': 'mikpolniak', 'real_name': 'mikepolniak', 'id': 250}",FIXED,mikpolniak,2003-02-04T19:42:18Z,High,RESOLVED,,New packages,enhancement,g2boojum,2002-02-10T13:44:46Z,Gentoo Linux
"{'email': 'bart', 'name': 'bart', 'real_name': 'Bart Verwilst', 'id': 14}",636,"{'real_name': 'Steve Flack', 'id': 237, 'email': 'steve_flack', 'name': 'steve_flack'}",FIXED,steve_flack,2002-02-12T13:42:58Z,High,RESOLVED,,New packages,normal,bart,2002-02-10T15:08:54Z,Gentoo Linux
"{'real_name': 'Bart Verwilst', 'id': 14, 'email': 'bart', 'name': 'bart'}",637,"{'real_name': 'Steve Flack', 'id': 237, 'name': 'steve_flack', 'email': 'steve_flack'}",FIXED,steve_flack,2002-02-12T13:23:48Z,High,RESOLVED,,New packages,normal,bart,2002-02-10T15:12:32Z,Gentoo Linux
"{'real_name': 'Bart Verwilst', 'id': 14, 'email': 'bart', 'name': 'bart'}",638,"{'email': 'steve_flack', 'name': 'steve_flack', 'real_name': 'Steve Flack', 'id': 237}",FIXED,steve_flack,2002-02-12T13:32:23Z,High,RESOLVED,,New packages,normal,bart,2002-02-10T15:14:49Z,Gentoo Linux
"{'email': 'agenkin-gentoo-bugzilla', 'name': 'agenkin-gentoo-bugzilla', 'real_name': 'Arcady Genkin', 'id': 197}",639,"{'email': 'danarmak', 'name': 'danarmak', 'id': 10, 'real_name': 'Dan Armak (RETIRED)'}",FIXED,danarmak,2002-02-11T13:28:30Z,High,RESOLVED,,[OLD] Library,normal,agenkin-gentoo-bugzilla,2002-02-10T15:17:00Z,Gentoo Linux
"{'email': 'azarah', 'name': 'azarah', 'real_name': 'Martin Schlemmer (RETIRED)', 'id': 12}",640,"{'id': 274, 'real_name': '', 'email': 'xaxeusx', 'name': 'xaxeusx'}",FIXED,xaxeusx,2011-10-30T22:21:20Z,High,RESOLVED,,Unclassified,normal,azarah,2002-02-10T15:44:04Z,Portage Development
"{'real_name': 'Bart Verwilst', 'id': 14, 'name': 'bart', 'email': 'bart'}",641,"{'id': 274, 'real_name': '', 'name': 'xaxeusx', 'email': 'xaxeusx'}",FIXED,xaxeusx,2011-10-30T22:20:02Z,High,RESOLVED,,Unclassified,normal,bart,2002-02-10T15:48:12Z,Portage Development
"{'email': 'agenkin', 'name': 'agenkin', 'id': 286, 'real_name': 'Arcady Genkin (RETIRED)'}",642,"{'email': 'agenkin-gentoo-bugzilla', 'name': 'agenkin-gentoo-bugzilla', 'id': 197, 'real_name': 'Arcady Genkin'}",FIXED,agenkin-gentoo-bugzilla,2003-02-04T19:42:18Z,High,RESOLVED,,Current packages,enhancement,agenkin,2002-02-10T16:28:44Z,Gentoo Linux
"{'email': 'karltk', 'name': 'karltk', 'real_name': 'Karl Trygve Kalleberg (RETIRED)', 'id': 19}",643,"{'real_name': 'Stephen Boulet', 'id': 275, 'name': 'stephen', 'email': 'stephen'}",FIXED,stephen,2003-02-04T19:42:18Z,High,RESOLVED,,[OLD] Development,normal,karltk,2002-02-10T20:30:49Z,Gentoo Linux
"{'email': 'vitaly', 'name': 'vitaly', 'id': 167, 'real_name': 'Vitaly Kushneriuk (RETIRED)'}",644,"{'real_name': 'Joe Tennies', 'id': 273, 'email': 'rotund', 'name': 'rotund'}",DUPLICATE,rotund,2005-07-17T13:06:51Z,High,RESOLVED,822.0,New packages,normal,vitaly,2002-02-10T23:44:45Z,Gentoo Linux
"{'id': 12, 'real_name': 'Martin Schlemmer (RETIRED)', 'email': 'azarah', 'name': 'azarah'}",645,"{'name': 'rotund', 'email': 'rotund', 'real_name': 'Joe Tennies', 'id': 273}",FIXED,rotund,2003-02-04T19:42:18Z,High,RESOLVED,,New packages,normal,azarah,2002-02-10T23:52:40Z,Gentoo Linux
"{'name': 'blocke', 'email': 'blocke', 'id': 171, 'real_name': 'Bruce A. Locke (RETIRED)'}",646,"{'id': 273, 'real_name': 'Joe Tennies', 'email': 'rotund', 'name': 'rotund'}",INVALID,rotund,2003-02-04T19:42:18Z,High,RESOLVED,,New packages,normal,blocke,2002-02-11T00:13:25Z,Gentoo Linux
"{'name': 'blocke', 'email': 'blocke', 'real_name': 'Bruce A. Locke (RETIRED)', 'id': 171}",647,"{'real_name': 'Bruce A. Locke (RETIRED)', 'id': 171, 'name': 'blocke', 'email': 'blocke'}",INVALID,blocke,2004-07-19T09:47:25Z,Highest,RESOLVED,,[OLD] Core system,normal,blocke,2002-02-11T00:16:15Z,Gentoo Linux
"{'email': 'blocke', 'name': 'blocke', 'id': 171, 'real_name': 'Bruce A. Locke (RETIRED)'}",648,"{'id': 276, 'real_name': 'Patrick Flaherty', 'email': 'patrick_flaherty', 'name': 'patrick_flaherty'}",FIXED,patrick_flaherty,2003-02-04T19:42:18Z,High,RESOLVED,,New packages,normal,blocke,2002-02-11T00:21:17Z,Gentoo Linux
"{'real_name': 'Geert Bevin', 'id': 5, 'name': 'gbevin', 'email': 'gbevin'}",649,"{'id': 197, 'real_name': 'Arcady Genkin', 'email': 'agenkin-gentoo-bugzilla', 'name': 'agenkin-gentoo-bugzilla'}",INVALID,agenkin-gentoo-bugzilla,2003-02-04T19:42:18Z,High,RESOLVED,,[OLD] Core system,enhancement,gbevin,2002-02-11T01:00:32Z,Gentoo Linux
"{'real_name': 'Ferry Meyndert (RETIRED)', 'id': 224, 'email': 'm0rpheus', 'name': 'm0rpheus'}",650,"{'name': 'blocke', 'email': 'blocke', 'real_name': 'Bruce A. Locke (RETIRED)', 'id': 171}",FIXED,blocke,2003-02-04T19:42:18Z,High,RESOLVED,,Current packages,normal,m0rpheus,2002-02-11T01:27:55Z,Gentoo Linux
"{'real_name': 'Daniel Robbins (RETIRED)', 'id': 8, 'name': 'drobbins', 'email': 'drobbins'}",651,"{'id': 273, 'real_name': 'Joe Tennies', 'email': 'rotund', 'name': 'rotund'}",INVALID,rotund,2003-02-04T19:42:18Z,High,RESOLVED,,New packages,normal,drobbins,2002-02-11T01:32:06Z,Gentoo Linux
"{'id': 8, 'real_name': 'Daniel Robbins (RETIRED)', 'email': 'drobbins', 'name': 'drobbins'}",652,"{'real_name': 'Joe Tennies', 'id': 273, 'email': 'rotund', 'name': 'rotund'}",FIXED,rotund,2003-02-04T19:42:18Z,High,RESOLVED,,New packages,normal,drobbins,2002-02-11T01:35:01Z,Gentoo Linux
"{'email': 'karltk', 'name': 'karltk', 'real_name': 'Karl Trygve Kalleberg (RETIRED)', 'id': 19}",653,"{'id': 115, 'real_name': 'Sandy McArthur', 'name': 'Sandy', 'email': 'Sandy'}",FIXED,Sandy,2003-02-04T19:42:18Z,High,RESOLVED,,New packages,normal,karltk,2002-02-11T07:29:56Z,Gentoo Linux
"{'email': 'blocke', 'name': 'blocke', 'real_name': 'Bruce A. Locke (RETIRED)', 'id': 171}",654,"{'id': 277, 'real_name': 'Jens Blaesche', 'email': 'mr.big', 'name': 'mr.big'}",FIXED,mr.big,2003-02-04T19:42:18Z,High,RESOLVED,,New packages,enhancement,blocke,2002-02-11T08:12:43Z,Gentoo Linux
"{'id': 8, 'real_name': 'Daniel Robbins (RETIRED)', 'email': 'drobbins', 'name': 'drobbins'}",655,"{'id': 279, 'real_name': 't9r7i5n1', 'email': 'leumasx', 'name': 'leumasx'}",FIXED,leumasx,2003-01-28T00:30:44Z,High,RESOLVED,,[OLD] Unspecified,major,drobbins,2002-02-11T12:23:20Z,Gentoo Linux
"{'email': 'drobbins', 'name': 'drobbins', 'real_name': 'Daniel Robbins (RETIRED)', 'id': 8}",656,"{'email': 'holger.benl', 'name': 'holger.benl', 'id': 270, 'real_name': 'Holger Benl'}",FIXED,holger.benl,2011-10-30T22:20:00Z,High,RESOLVED,,Unclassified,normal,drobbins,2002-02-11T12:29:39Z,Portage Development
"{'real_name': 'Donny Davies (RETIRED)', 'id': 13, 'email': 'woodchip', 'name': 'woodchip'}",657,"{'name': 'coder', 'email': 'coder', 'id': 25, 'real_name': 'Ilian Zarov'}",FIXED,coder,2003-02-04T19:42:18Z,High,RESOLVED,,New packages,enhancement,woodchip,2002-02-11T14:27:31Z,Gentoo Linux
"{'real_name': 'Dan Armak (RETIRED)', 'id': 10, 'email': 'danarmak', 'name': 'danarmak'}",658,"{'id': 280, 'real_name': 'Avi Schwartz', 'email': 'avi', 'name': 'avi'}",INVALID,avi,2003-02-04T19:42:18Z,High,RESOLVED,,[OLD] KDE,normal,danarmak,2002-02-11T15:55:09Z,Gentoo Linux
"{'real_name': 'Daniel Robbins (RETIRED)', 'id': 8, 'email': 'drobbins', 'name': 'drobbins'}",659,"{'id': 8, 'real_name': 'Daniel Robbins (RETIRED)', 'name': 'drobbins', 'email': 'drobbins'}",FIXED,drobbins,2011-10-30T22:20:43Z,High,RESOLVED,,Unclassified,enhancement,drobbins,2002-02-11T17:31:19Z,Portage Development
"{'id': 1378, 'real_name': 'Sascha Schwabbauer (RETIRED)', 'name': 'cybersystem', 'email': 'cybersystem'}",660,"{'email': 'mikpolniak', 'name': 'mikpolniak', 'real_name': 'mikepolniak', 'id': 250}",FIXED,mikpolniak,2003-04-02T10:35:38Z,High,RESOLVED,,New packages,enhancement,cybersystem,2002-02-11T18:54:41Z,Gentoo Linux
"{'id': 399, 'real_name': 'Seemant Kulleen (RETIRED)', 'email': 'seemant', 'name': 'seemant'}",661,"{'real_name': 'Rob McMullen', 'id': 267, 'email': 'robm', 'name': 'robm'}",FIXED,robm,2003-02-04T19:42:18Z,High,RESOLVED,,New packages,normal,seemant,2002-02-11T22:08:00Z,Gentoo Linux
"{'email': 'drobbins', 'name': 'drobbins', 'real_name': 'Daniel Robbins (RETIRED)', 'id': 8}",662,"{'real_name': 'Matt Beland', 'id': 281, 'name': 'matt', 'email': 'matt'}",FIXED,matt,2011-10-30T22:18:34Z,Normal,RESOLVED,,Unclassified,normal,drobbins,2002-02-12T00:04:09Z,Portage Development
"{'real_name': 'Seemant Kulleen (RETIRED)', 'id': 399, 'email': 'seemant', 'name': 'seemant'}",663,"{'email': 'mr.big', 'name': 'mr.big', 'real_name': 'Jens Blaesche', 'id': 277}",FIXED,mr.big,2003-02-04T19:42:18Z,High,RESOLVED,,New packages,normal,seemant,2002-02-12T09:07:49Z,Gentoo Linux
"{'name': 'blocke', 'email': 'blocke', 'real_name': 'Bruce A. Locke (RETIRED)', 'id': 171}",664,"{'real_name': 'mikepolniak', 'id': 250, 'name': 'mikpolniak', 'email': 'mikpolniak'}",FIXED,mikpolniak,2003-02-04T19:42:18Z,High,RESOLVED,,New packages,enhancement,blocke,2002-02-12T09:15:24Z,Gentoo Linux
"{'id': 19, 'real_name': 'Karl Trygve Kalleberg (RETIRED)', 'email': 'karltk', 'name': 'karltk'}",665,"{'id': 258, 'real_name': 'Sean Mitchell', 'name': 'smitchell', 'email': 'smitchell'}",FIXED,smitchell,2003-02-04T19:42:18Z,High,RESOLVED,,New packages,enhancement,karltk,2002-02-12T09:50:49Z,Gentoo Linux
"{'name': 'woodchip', 'email': 'woodchip', 'id': 13, 'real_name': 'Donny Davies (RETIRED)'}",666,"{'email': 'mr.big', 'name': 'mr.big', 'id': 277, 'real_name': 'Jens Blaesche'}",FIXED,mr.big,2003-02-04T19:42:18Z,High,RESOLVED,,New packages,normal,woodchip,2002-02-12T10:23:38Z,Gentoo Linux
"{'email': 'g2boojum', 'name': 'g2boojum', 'id': 9, 'real_name': 'Grant Goodyear (RETIRED)'}",667,"{'email': 'wawazuzu', 'name': 'wawazuzu', 'id': 282, 'real_name': 'Albert Bachand'}",FIXED,wawazuzu,2003-02-04T19:42:18Z,High,RESOLVED,,[OLD] GNOME,normal,g2boojum,2002-02-12T11:23:07Z,Gentoo Linux
"{'name': 'zhen', 'email': 'zhen', 'real_name': 'John Davis (zhen) (RETIRED)', 'id': 1972}",668,"{'name': 'danarmak', 'email': 'danarmak', 'id': 10, 'real_name': 'Dan Armak (RETIRED)'}",DUPLICATE,danarmak,2011-10-30T23:16:33Z,High,RESOLVED,103.0,Bugzilla,normal,zhen,2002-02-12T13:03:16Z,Gentoo Infrastructure
"{'email': 'blocke', 'name': 'blocke', 'id': 171, 'real_name': 'Bruce A. Locke (RETIRED)'}",669,"{'name': 'kamisama', 'email': 'kamisama', 'real_name': 'Defresne Sylvain (keiichi)', 'id': 183}",FIXED,kamisama,2002-02-14T16:52:30Z,High,RESOLVED,,New packages,normal,blocke,2002-02-12T18:16:12Z,Gentoo Linux
"{'id': 8, 'real_name': 'Daniel Robbins (RETIRED)', 'name': 'drobbins', 'email': 'drobbins'}",670,"{'name': 'jnelson', 'email': 'jnelson', 'real_name': 'Jon Nelson (RETIRED)', 'id': 283}",FIXED,jnelson,2003-02-04T19:42:18Z,High,RESOLVED,,New packages,normal,drobbins,2002-02-12T21:57:22Z,Gentoo Linux
"{'id': 9, 'real_name': 'Grant Goodyear (RETIRED)', 'email': 'g2boojum', 'name': 'g2boojum'}",671,"{'name': 'edwardam', 'email': 'edwardam', 'id': 162, 'real_name': 'Edward Muller'}",FIXED,edwardam,2003-02-04T19:42:18Z,High,RESOLVED,,Current packages,normal,g2boojum,2002-02-12T21:57:25Z,Gentoo Linux
"{'email': 'g2boojum', 'name': 'g2boojum', 'real_name': 'Grant Goodyear (RETIRED)', 'id': 9}",672,"{'email': 'edwardam', 'name': 'edwardam', 'real_name': 'Edward Muller', 'id': 162}",FIXED,edwardam,2003-02-04T19:42:18Z,High,RESOLVED,,New packages,normal,g2boojum,2002-02-12T22:02:47Z,Gentoo Linux
"{'real_name': 'Grant Goodyear (RETIRED)', 'id': 9, 'name': 'g2boojum', 'email': 'g2boojum'}",673,"{'real_name': 'Jon Nelson (RETIRED)', 'id': 283, 'name': 'jnelson', 'email': 'jnelson'}",FIXED,jnelson,2003-02-04T19:42:18Z,High,RESOLVED,,New packages,normal,g2boojum,2002-02-12T22:05:29Z,Gentoo Linux
"{'real_name': 'Seemant Kulleen (RETIRED)', 'id': 399, 'name': 'seemant', 'email': 'seemant'}",674,"{'email': 'jnelson', 'name': 'jnelson', 'id': 283, 'real_name': 'Jon Nelson (RETIRED)'}",FIXED,jnelson,2003-02-04T19:42:18Z,High,RESOLVED,,New packages,normal,seemant,2002-02-12T22:06:37Z,Gentoo Linux
"{'id': 14, 'real_name': 'Bart Verwilst', 'email': 'bart', 'name': 'bart'}",675,"{'id': 284, 'real_name': 'Chris Arndt', 'email': 'arndtc', 'name': 'arndtc'}",FIXED,arndtc,2003-04-04T01:27:10Z,High,RESOLVED,,New packages,normal,bart,2002-02-12T23:19:47Z,Gentoo Linux
"{'real_name': 'Sascha Schwabbauer (RETIRED)', 'id': 1378, 'email': 'cybersystem', 'name': 'cybersystem'}",676,"{'email': 'mwdilla', 'name': 'mwdilla', 'real_name': 'Mark', 'id': 206}",FIXED,mwdilla,2003-04-02T10:44:21Z,High,RESOLVED,,New packages,enhancement,cybersystem,2002-02-13T00:12:35Z,Gentoo Linux
"{'id': 19, 'real_name': 'Karl Trygve Kalleberg (RETIRED)', 'email': 'karltk', 'name': 'karltk'}",677,"{'real_name': 'Avi Schwartz', 'id': 280, 'name': 'avi', 'email': 'avi'}",FIXED,avi,2003-02-04T19:42:18Z,High,RESOLVED,,[OLD] Development,normal,karltk,2002-02-13T01:40:22Z,Gentoo Linux
"{'id': 13, 'real_name': 'Donny Davies (RETIRED)', 'email': 'woodchip', 'name': 'woodchip'}",678,"{'email': 'pjfoley', 'name': 'pjfoley', 'real_name': 'Peter Foley', 'id': 241}",INVALID,pjfoley,2003-02-04T19:42:18Z,High,RESOLVED,,[OLD] Unspecified,normal,woodchip,2002-02-13T04:47:19Z,Gentoo Linux
"{'real_name': 'Donny Davies (RETIRED)', 'id': 13, 'email': 'woodchip', 'name': 'woodchip'}",679,"{'id': 241, 'real_name': 'Peter Foley', 'name': 'pjfoley', 'email': 'pjfoley'}",FIXED,pjfoley,2003-02-04T19:42:18Z,High,RESOLVED,,New packages,enhancement,woodchip,2002-02-13T04:50:34Z,Gentoo Linux
"{'email': 'woodchip', 'name': 'woodchip', 'real_name': 'Donny Davies (RETIRED)', 'id': 13}",680,"{'email': 'darkspecter', 'name': 'darkspecter', 'real_name': 'Bartosch Pixa (RETIRED)', 'id': 223}",FIXED,darkspecter,2003-02-04T19:42:18Z,High,RESOLVED,,Current packages,normal,woodchip,2002-02-13T05:39:41Z,Gentoo Linux
"{'real_name': 'Ferry Meyndert (RETIRED)', 'id': 224, 'email': 'm0rpheus', 'name': 'm0rpheus'}",681,"{'id': 250, 'real_name': 'mikepolniak', 'email': 'mikpolniak', 'name': 'mikpolniak'}",FIXED,mikpolniak,2003-02-04T19:42:18Z,High,RESOLVED,,New packages,enhancement,m0rpheus,2002-02-13T08:27:39Z,Gentoo Linux
"{'email': 'drobbins', 'name': 'drobbins', 'real_name': 'Daniel Robbins (RETIRED)', 'id': 8}",682,"{'email': 'agenkin-gentoo-bugzilla', 'name': 'agenkin-gentoo-bugzilla', 'real_name': 'Arcady Genkin', 'id': 197}",FIXED,agenkin-gentoo-bugzilla,2011-10-30T22:20:51Z,High,RESOLVED,,Unclassified,enhancement,drobbins,2002-02-13T10:09:13Z,Portage Development
"{'real_name': 'Daniel Robbins (RETIRED)', 'id': 8, 'name': 'drobbins', 'email': 'drobbins'}",683,"{'email': 'agenkin-gentoo-bugzilla', 'name': 'agenkin-gentoo-bugzilla', 'id': 197, 'real_name': 'Arcady Genkin'}",FIXED,agenkin-gentoo-bugzilla,2011-10-30T22:21:53Z,High,RESOLVED,,Unclassified,enhancement,drobbins,2002-02-13T10:32:04Z,Portage Development
"{'email': 'azarah', 'name': 'azarah', 'real_name': 'Martin Schlemmer (RETIRED)', 'id': 12}",684,"{'real_name': 'Brent Cook', 'id': 40, 'name': 'busterb', 'email': 'busterb'}",FIXED,busterb,2003-02-04T19:42:18Z,High,RESOLVED,,[OLD] Core system,normal,azarah,2002-02-13T13:46:43Z,Gentoo Linux
"{'id': 19, 'real_name': 'Karl Trygve Kalleberg (RETIRED)', 'name': 'karltk', 'email': 'karltk'}",685,"{'real_name': 'Ilian Zarov', 'id': 25, 'email': 'coder', 'name': 'coder'}",FIXED,coder,2003-02-04T19:42:18Z,High,RESOLVED,,New packages,enhancement,karltk,2002-02-13T14:34:23Z,Gentoo Linux
"{'email': 'woodchip', 'name': 'woodchip', 'id': 13, 'real_name': 'Donny Davies (RETIRED)'}",686,"{'email': 'coder', 'name': 'coder', 'real_name': 'Ilian Zarov', 'id': 25}",FIXED,coder,2003-02-04T19:42:18Z,High,RESOLVED,,New packages,enhancement,woodchip,2002-02-13T14:47:40Z,Gentoo Linux
"{'email': 'bart', 'name': 'bart', 'id': 14, 'real_name': 'Bart Verwilst'}",687,"{'id': 250, 'real_name': 'mikepolniak', 'email': 'mikpolniak', 'name': 'mikpolniak'}",FIXED,mikpolniak,2003-02-04T19:42:18Z,High,RESOLVED,,New packages,enhancement,bart,2002-02-13T15:27:52Z,Gentoo Linux
"{'name': 'cardoe', 'email': 'cardoe', 'id': 1069, 'real_name': 'Doug Goldstein (RETIRED)'}",688,"{'name': 'gert', 'email': 'gert', 'real_name': 'Gert Menke', 'id': 203}",DUPLICATE,gert,2005-07-17T13:06:51Z,High,RESOLVED,4653.0,New packages,normal,cardoe,2002-02-13T17:36:02Z,Gentoo Linux
"{'id': 8, 'real_name': 'Daniel Robbins (RETIRED)', 'name': 'drobbins', 'email': 'drobbins'}",689,"{'name': 'drobbins', 'email': 'drobbins', 'real_name': 'Daniel Robbins (RETIRED)', 'id': 8}",FIXED,drobbins,2003-02-04T19:42:18Z,High,RESOLVED,,[OLD] Core system,normal,drobbins,2002-02-13T22:18:20Z,Gentoo Linux
"{'name': 'drobbins', 'email': 'drobbins', 'id': 8, 'real_name': 'Daniel Robbins (RETIRED)'}",690,"{'real_name': 'Daniel Robbins (RETIRED)', 'id': 8, 'name': 'drobbins', 'email': 'drobbins'}",FIXED,drobbins,2003-02-04T19:42:18Z,High,RESOLVED,,[OLD] Core system,normal,drobbins,2002-02-13T22:45:57Z,Gentoo Linux
"{'real_name': 'Arcady Genkin (RETIRED)', 'id': 286, 'name': 'agenkin', 'email': 'agenkin'}",691,"{'email': 'Sandy', 'name': 'Sandy', 'id': 115, 'real_name': 'Sandy McArthur'}",FIXED,Sandy,2003-02-04T19:42:18Z,High,RESOLVED,,New packages,enhancement,agenkin,2002-02-14T00:03:29Z,Gentoo Linux
"{'name': 'drobbins', 'email': 'drobbins', 'real_name': 'Daniel Robbins (RETIRED)', 'id': 8}",692,"{'name': 'arnold.linux', 'email': 'arnold.linux', 'id': 288, 'real_name': 'Arnold de Bruijn'}",INVALID,arnold.linux,2003-02-04T19:42:18Z,High,RESOLVED,,[OLD] Unspecified,critical,drobbins,2002-02-14T09:50:35Z,Gentoo Linux
"{'name': 'agenkin', 'email': 'agenkin', 'id': 286, 'real_name': 'Arcady Genkin (RETIRED)'}",693,"{'name': 'gentoo', 'email': 'gentoo', 'id': 65, 'real_name': 'Benjamin Ritcey'}",FIXED,gentoo,2003-02-04T19:42:18Z,High,RESOLVED,,New packages,normal,agenkin,2002-02-14T10:01:43Z,Gentoo Linux
"{'id': 286, 'real_name': 'Arcady Genkin (RETIRED)', 'email': 'agenkin', 'name': 'agenkin'}",694,"{'id': 289, 'real_name': 'Marc Soda', 'email': 'marc', 'name': 'marc'}",FIXED,marc,2003-02-04T19:42:18Z,High,RESOLVED,,New packages,enhancement,agenkin,2002-02-14T10:44:27Z,Gentoo Linux
"{'name': 'drobbins', 'email': 'drobbins', 'id': 8, 'real_name': 'Daniel Robbins (RETIRED)'}",695,"{'name': 'karltk', 'email': 'karltk', 'real_name': 'Karl Trygve Kalleberg (RETIRED)', 'id': 19}",FIXED,karltk,2003-02-04T19:42:18Z,Highest,RESOLVED,,[OLD] Core system,normal,drobbins,2002-02-14T11:13:37Z,Gentoo Linux
"{'id': 286, 'real_name': 'Arcady Genkin (RETIRED)', 'email': 'agenkin', 'name': 'agenkin'}",696,"{'name': 'ekarttun', 'email': 'ekarttun', 'id': 7, 'real_name': 'Einar Karttunen'}",FIXED,ekarttun,2003-01-28T00:30:44Z,High,RESOLVED,,New packages,enhancement,agenkin,2002-02-14T11:14:56Z,Gentoo Linux
"{'email': 'azarah', 'name': 'azarah', 'id': 12, 'real_name': 'Martin Schlemmer (RETIRED)'}",697,"{'real_name': 'Geert Bevin', 'id': 5, 'email': 'gbevin', 'name': 'gbevin'}",FIXED,gbevin,2003-02-04T19:42:18Z,High,RESOLVED,,Current packages,normal,azarah,2002-02-14T12:50:58Z,Gentoo Linux
"{'id': 19, 'real_name': 'Karl Trygve Kalleberg (RETIRED)', 'name': 'karltk', 'email': 'karltk'}",698,"{'name': 'tuxie', 'email': 'tuxie', 'real_name': 'Per Wigren', 'id': 218}",FIXED,tuxie,2003-02-04T19:42:18Z,High,RESOLVED,,New packages,enhancement,karltk,2002-02-14T13:16:36Z,Gentoo Linux
"{'email': 'blocke', 'name': 'blocke', 'real_name': 'Bruce A. Locke (RETIRED)', 'id': 171}",699,"{'id': 136, 'real_name': 'Ben Beuchler', 'email': 'insyte', 'name': 'insyte'}",FIXED,insyte,2003-02-04T19:42:18Z,High,RESOLVED,,Current packages,normal,blocke,2002-02-14T14:05:41Z,Gentoo Linux
"{'real_name': 'Donny Davies (RETIRED)', 'id': 13, 'email': 'woodchip', 'name': 'woodchip'}",700,"{'real_name': 'Lars S. Jensen', 'id': 76, 'name': 'larssj', 'email': 'larssj'}",FIXED,larssj,2003-02-04T19:42:18Z,High,RESOLVED,,New packages,enhancement,woodchip,2002-02-14T14:23:40Z,Gentoo Linux
"{'real_name': 'Ferry Meyndert (RETIRED)', 'id': 224, 'email': 'm0rpheus', 'name': 'm0rpheus'}",701,"{'id': 25, 'real_name': 'Ilian Zarov', 'name': 'coder', 'email': 'coder'}",FIXED,coder,2003-02-04T19:42:18Z,High,RESOLVED,,New packages,enhancement,m0rpheus,2002-02-14T15:39:10Z,Gentoo Linux
"{'email': 'woodchip', 'name': 'woodchip', 'real_name': 'Donny Davies (RETIRED)', 'id': 13}",702,"{'id': 183, 'real_name': 'Defresne Sylvain (keiichi)', 'email': 'kamisama', 'name': 'kamisama'}",FIXED,kamisama,2002-02-24T23:45:47Z,High,RESOLVED,,New packages,normal,woodchip,2002-02-14T17:16:57Z,Gentoo Linux
"{'email': 'woodchip', 'name': 'woodchip', 'real_name': 'Donny Davies (RETIRED)', 'id': 13}",703,"{'id': 183, 'real_name': 'Defresne Sylvain (keiichi)', 'email': 'kamisama', 'name': 'kamisama'}",FIXED,kamisama,2002-02-24T23:45:26Z,High,RESOLVED,,New packages,normal,woodchip,2002-02-14T17:21:15Z,Gentoo Linux
"{'id': 9, 'real_name': 'Grant Goodyear (RETIRED)', 'email': 'g2boojum', 'name': 'g2boojum'}",704,"{'real_name': '', 'id': 291, 'email': 'jdm', 'name': 'jdm'}",FIXED,jdm,2003-02-04T19:42:18Z,High,RESOLVED,,New packages,normal,g2boojum,2002-02-14T19:01:46Z,Gentoo Linux
"{'id': 13, 'real_name': 'Donny Davies (RETIRED)', 'email': 'woodchip', 'name': 'woodchip'}",705,"{'real_name': 'Jeld The Dark Elf', 'id': 55, 'email': 'jeld', 'name': 'jeld'}",FIXED,jeld,2003-02-04T19:42:18Z,High,RESOLVED,,New packages,normal,woodchip,2002-02-14T20:29:23Z,Gentoo Linux
"{'id': 8, 'real_name': 'Daniel Robbins (RETIRED)', 'email': 'drobbins', 'name': 'drobbins'}",706,"{'real_name': 'Matthew Kennedy', 'id': 228, 'email': 'mbkennedy', 'name': 'mbkennedy'}",FIXED,mbkennedy,2003-02-04T19:42:18Z,High,RESOLVED,,Current packages,minor,drobbins,2002-02-14T23:52:04Z,Gentoo Linux
"{'email': 'agenkin', 'name': 'agenkin', 'id': 286, 'real_name': 'Arcady Genkin (RETIRED)'}",707,"{'name': 'agenkin', 'email': 'agenkin', 'id': 286, 'real_name': 'Arcady Genkin (RETIRED)'}",FIXED,agenkin,2003-02-04T19:42:18Z,High,RESOLVED,,Current packages,enhancement,agenkin,2002-02-15T00:07:45Z,Gentoo Linux
"{'name': 'agenkin', 'email': 'agenkin', 'id': 286, 'real_name': 'Arcady Genkin (RETIRED)'}",708,"{'email': 'coder', 'name': 'coder', 'real_name': 'Ilian Zarov', 'id': 25}",FIXED,coder,2003-02-04T19:42:18Z,High,RESOLVED,,New packages,enhancement,agenkin,2002-02-15T07:13:55Z,Gentoo Linux
"{'name': 'g2boojum', 'email': 'g2boojum', 'id': 9, 'real_name': 'Grant Goodyear (RETIRED)'}",709,"{'email': 'smitchell', 'name': 'smitchell', 'id': 258, 'real_name': 'Sean Mitchell'}",FIXED,smitchell,2003-02-04T19:42:18Z,High,RESOLVED,,New packages,minor,g2boojum,2002-02-15T08:21:02Z,Gentoo Linux
"{'id': 399, 'real_name': 'Seemant Kulleen (RETIRED)', 'name': 'seemant', 'email': 'seemant'}",710,"{'email': 'david', 'name': 'david', 'id': 292, 'real_name': 'David Mott'}",INVALID,david,2003-02-04T19:42:18Z,High,RESOLVED,,New packages,enhancement,seemant,2002-02-15T09:03:22Z,Gentoo Linux
"{'id': 84, 'real_name': 'Tod M. Neidt (RETIRED)', 'email': 'tod', 'name': 'tod'}",711,"{'real_name': 'Mark Fenner', 'id': 293, 'name': 'mfenner', 'email': 'mfenner'}",FIXED,mfenner,2002-02-20T00:15:08Z,Normal,RESOLVED,,Current packages,enhancement,tod,2002-02-15T10:04:47Z,Gentoo Linux
"{'real_name': 'Martin Schlemmer (RETIRED)', 'id': 12, 'email': 'azarah', 'name': 'azarah'}",712,"{'real_name': 'phoen][x', 'id': 211, 'name': 'fisi.tilman.klar', 'email': 'fisi.tilman.klar'}",FIXED,fisi.tilman.klar,2003-02-04T19:42:18Z,High,RESOLVED,,New packages,normal,azarah,2002-02-15T10:37:28Z,Gentoo Linux
"{'email': 'karltk', 'name': 'karltk', 'real_name': 'Karl Trygve Kalleberg (RETIRED)', 'id': 19}",713,"{'name': 'larssj', 'email': 'larssj', 'real_name': 'Lars S. Jensen', 'id': 76}",FIXED,larssj,2007-09-22T16:10:57Z,High,RESOLVED,,[OLD] Server,normal,karltk,2002-02-15T18:38:31Z,Gentoo Linux
"{'name': 'agenkin', 'email': 'agenkin', 'id': 286, 'real_name': 'Arcady Genkin (RETIRED)'}",714,"{'email': 'marc', 'name': 'marc', 'id': 289, 'real_name': 'Marc Soda'}",FIXED,marc,2003-02-04T19:42:18Z,High,RESOLVED,,New packages,enhancement,agenkin,2002-02-15T20:59:09Z,Gentoo Linux
"{'email': 'karltk', 'name': 'karltk', 'real_name': 'Karl Trygve Kalleberg (RETIRED)', 'id': 19}",715,"{'id': 88, 'real_name': 'Daniel Mettler', 'email': 'mettlerd', 'name': 'mettlerd'}",FIXED,mettlerd,2003-02-04T19:42:18Z,High,RESOLVED,,New packages,enhancement,karltk,2002-02-15T23:46:57Z,Gentoo Linux
"{'real_name': 'Arcady Genkin (RETIRED)', 'id': 286, 'name': 'agenkin', 'email': 'agenkin'}",716,"{'email': 'lostlogic', 'name': 'lostlogic', 'real_name': 'Brandon Low (RETIRED)', 'id': 290}",FIXED,lostlogic,2003-02-04T19:42:18Z,High,RESOLVED,,New packages,enhancement,agenkin,2002-02-16T02:14:27Z,Gentoo Linux
"{'name': 'agenkin', 'email': 'agenkin', 'id': 286, 'real_name': 'Arcady Genkin (RETIRED)'}",717,"{'name': 'lostlogic', 'email': 'lostlogic', 'real_name': 'Brandon Low (RETIRED)', 'id': 290}",FIXED,lostlogic,2003-02-04T19:42:18Z,High,RESOLVED,,New packages,enhancement,agenkin,2002-02-16T02:16:30Z,Gentoo Linux
"{'real_name': 'Karl Trygve Kalleberg (RETIRED)', 'id': 19, 'email': 'karltk', 'name': 'karltk'}",718,"{'email': 'Oizoken', 'name': 'Oizoken', 'real_name': 'Mr. Oizo', 'id': 299}",DUPLICATE,Oizoken,2005-07-17T13:06:51Z,High,RESOLVED,677.0,[OLD] Development,normal,karltk,2002-02-16T14:53:34Z,Gentoo Linux
"{'name': 'agriffis', 'email': 'agriffis', 'id': 35, 'real_name': 'Aron Griffis (RETIRED)'}",719,"{'id': 35, 'real_name': 'Aron Griffis (RETIRED)', 'name': 'agriffis', 'email': 'agriffis'}",FIXED,agriffis,2003-02-04T19:42:18Z,High,RESOLVED,,Current packages,normal,agriffis,2002-02-16T15:58:42Z,Gentoo Linux
"{'id': 35, 'real_name': 'Aron Griffis (RETIRED)', 'name': 'agriffis', 'email': 'agriffis'}",720,"{'id': 35, 'real_name': 'Aron Griffis (RETIRED)', 'email': 'agriffis', 'name': 'agriffis'}",INVALID,agriffis,2003-02-04T19:42:18Z,High,RESOLVED,,[OLD] Core system,normal,agriffis,2002-02-16T22:03:18Z,Gentoo Linux
"{'name': 'seemant', 'email': 'seemant', 'id': 399, 'real_name': 'Seemant Kulleen (RETIRED)'}",721,"{'id': 254, 'real_name': 'Seemant Kulleen', 'email': 'seemantk', 'name': 'seemantk'}",FIXED,seemantk,2002-04-27T17:52:06Z,High,RESOLVED,,New packages,trivial,seemant,2002-02-16T23:35:06Z,Gentoo Linux
"{'real_name': 'Donny Davies (RETIRED)', 'id': 13, 'name': 'woodchip', 'email': 'woodchip'}",722,"{'email': 'rectrix', 'name': 'rectrix', 'id': 266, 'real_name': 'Tim Hobbs'}",FIXED,rectrix,2003-02-04T19:42:18Z,Low,RESOLVED,,[OLD] Server,minor,woodchip,2002-02-16T23:50:45Z,Gentoo Linux
"{'real_name': 'Daniel Robbins (RETIRED)', 'id': 8, 'name': 'drobbins', 'email': 'drobbins'}",723,"{'email': 'aldarsior', 'name': 'aldarsior', 'id': 31, 'real_name': 'Shahar Goldin'}",FIXED,aldarsior,2011-10-30T22:20:06Z,High,RESOLVED,,Unclassified,minor,drobbins,2002-02-17T02:02:32Z,Portage Development
"{'email': 'drobbins', 'name': 'drobbins', 'id': 8, 'real_name': 'Daniel Robbins (RETIRED)'}",724,"{'id': 31, 'real_name': 'Shahar Goldin', 'email': 'aldarsior', 'name': 'aldarsior'}",FIXED,aldarsior,2003-02-04T19:42:18Z,High,RESOLVED,,[OLD] Core system,normal,drobbins,2002-02-17T02:11:10Z,Gentoo Linux
"{'name': 'azarah', 'email': 'azarah', 'real_name': 'Martin Schlemmer (RETIRED)', 'id': 12}",725,"{'email': 'clone304', 'name': 'clone304', 'id': 300, 'real_name': 'Kurt Schaeffer'}",FIXED,clone304,2003-02-04T19:42:18Z,Normal,RESOLVED,,New packages,minor,azarah,2002-02-17T02:15:44Z,Gentoo Linux
"{'name': 'bart', 'email': 'bart', 'id': 14, 'real_name': 'Bart Verwilst'}",726,"{'email': 'ekarttun', 'name': 'ekarttun', 'id': 7, 'real_name': 'Einar Karttunen'}",FIXED,ekarttun,2002-04-13T18:11:30Z,High,RESOLVED,,New packages,normal,bart,2002-02-17T03:52:29Z,Gentoo Linux
"{'id': 13, 'real_name': 'Donny Davies (RETIRED)', 'name': 'woodchip', 'email': 'woodchip'}",727,"{'real_name': '', 'id': 49, 'name': 'cami', 'email': 'cami'}",FIXED,cami,2003-02-04T19:42:18Z,High,RESOLVED,,Current packages,major,woodchip,2002-02-17T04:18:25Z,Gentoo Linux
"{'real_name': 'Daniel Robbins (RETIRED)', 'id': 8, 'email': 'drobbins', 'name': 'drobbins'}",728,"{'real_name': '', 'id': 49, 'email': 'cami', 'name': 'cami'}",INVALID,cami,2003-02-04T19:42:18Z,High,RESOLVED,,Current packages,enhancement,drobbins,2002-02-17T04:33:12Z,Gentoo Linux
"{'real_name': 'Donny Davies (RETIRED)', 'id': 13, 'name': 'woodchip', 'email': 'woodchip'}",729,"{'real_name': '', 'id': 49, 'email': 'cami', 'name': 'cami'}",INVALID,cami,2003-02-04T19:42:18Z,High,RESOLVED,,Current packages,major,woodchip,2002-02-17T04:39:47Z,Gentoo Linux
"{'email': 'agriffis', 'name': 'agriffis', 'real_name': 'Aron Griffis (RETIRED)', 'id': 35}",730,"{'id': 35, 'real_name': 'Aron Griffis (RETIRED)', 'email': 'agriffis', 'name': 'agriffis'}",FIXED,agriffis,2003-02-04T19:42:18Z,High,RESOLVED,,[OLD] Unspecified,normal,agriffis,2002-02-17T05:36:03Z,Gentoo Linux
"{'id': 9, 'real_name': 'Grant Goodyear (RETIRED)', 'email': 'g2boojum', 'name': 'g2boojum'}",731,"{'id': 31, 'real_name': 'Shahar Goldin', 'email': 'aldarsior', 'name': 'aldarsior'}",FIXED,aldarsior,2003-01-28T00:30:44Z,High,RESOLVED,,[OLD] GNOME,normal,g2boojum,2002-02-17T06:32:40Z,Gentoo Linux
"{'real_name': 'Daniel Robbins (RETIRED)', 'id': 8, 'name': 'drobbins', 'email': 'drobbins'}",732,"{'email': 'karltk', 'name': 'karltk', 'id': 19, 'real_name': 'Karl Trygve Kalleberg (RETIRED)'}",DUPLICATE,karltk,2005-07-17T13:06:51Z,High,RESOLVED,993.0,[OLD] Core system,blocker,drobbins,2002-02-17T11:03:09Z,Gentoo Linux
"{'name': 'woodchip', 'email': 'woodchip', 'id': 13, 'real_name': 'Donny Davies (RETIRED)'}",733,"{'email': '13th.floor', 'name': '13th.floor', 'real_name': 'Ian Smith', 'id': 194}",FIXED,13th.floor,2003-02-04T19:42:18Z,High,RESOLVED,,[OLD] Core system,normal,woodchip,2002-02-17T11:20:53Z,Gentoo Linux
"{'name': 'blocke', 'email': 'blocke', 'id': 171, 'real_name': 'Bruce A. Locke (RETIRED)'}",734,"{'id': 302, 'real_name': 'Gabriel Danks', 'name': 'gabriel', 'email': 'gabriel'}",FIXED,gabriel,2003-02-04T19:42:18Z,High,VERIFIED,,New packages,normal,blocke,2002-02-17T11:25:47Z,Gentoo Linux
"{'name': 'bart', 'email': 'bart', 'id': 14, 'real_name': 'Bart Verwilst'}",735,"{'name': 'gabriel', 'email': 'gabriel', 'id': 302, 'real_name': 'Gabriel Danks'}",FIXED,gabriel,2003-02-04T19:42:18Z,High,RESOLVED,,New packages,enhancement,bart,2002-02-17T11:30:36Z,Gentoo Linux
"{'id': 13, 'real_name': 'Donny Davies (RETIRED)', 'name': 'woodchip', 'email': 'woodchip'}",736,"{'id': 303, 'real_name': 'Jon Delheimer', 'name': 'jon', 'email': 'jon'}",FIXED,jon,2003-02-04T19:42:18Z,High,RESOLVED,,New packages,normal,woodchip,2002-02-17T14:02:34Z,Gentoo Linux
"{'real_name': 'Martin Schlemmer (RETIRED)', 'id': 12, 'name': 'azarah', 'email': 'azarah'}",737,"{'email': 'mikpolniak', 'name': 'mikpolniak', 'id': 250, 'real_name': 'mikepolniak'}",FIXED,mikpolniak,2003-02-04T19:42:18Z,High,RESOLVED,,[OLD] Core system,normal,azarah,2002-02-17T14:56:47Z,Gentoo Linux
"{'email': 'azarah', 'name': 'azarah', 'real_name': 'Martin Schlemmer (RETIRED)', 'id': 12}",738,"{'email': 'burrougj', 'name': 'burrougj', 'real_name': 'Josiah Burroughs', 'id': 301}",FIXED,burrougj,2003-02-04T19:42:18Z,Low,RESOLVED,,[OLD] Core system,minor,azarah,2002-02-17T18:26:55Z,Gentoo Linux
"{'name': 'woodchip', 'email': 'woodchip', 'id': 13, 'real_name': 'Donny Davies (RETIRED)'}",739,"{'real_name': 'Seemant Kulleen', 'id': 254, 'email': 'seemantk', 'name': 'seemantk'}",FIXED,seemantk,2003-02-04T19:42:18Z,High,RESOLVED,,New packages,minor,woodchip,2002-02-17T20:23:49Z,Gentoo Linux
"{'email': 'drobbins', 'name': 'drobbins', 'real_name': 'Daniel Robbins (RETIRED)', 'id': 8}",740,"{'name': 'strusberg', 'email': 'strusberg', 'id': 178, 'real_name': 'R. Strusberg'}",FIXED,strusberg,2003-02-04T19:42:18Z,High,RESOLVED,,New packages,normal,drobbins,2002-02-17T20:25:22Z,Gentoo Linux
"{'name': 'agriffis', 'email': 'agriffis', 'real_name': 'Aron Griffis (RETIRED)', 'id': 35}",741,"{'id': 254, 'real_name': 'Seemant Kulleen', 'email': 'seemantk', 'name': 'seemantk'}",FIXED,seemantk,2003-02-04T19:42:18Z,High,RESOLVED,,Current packages,minor,agriffis,2002-02-17T22:45:10Z,Gentoo Linux
"{'id': 35, 'real_name': 'Aron Griffis (RETIRED)', 'email': 'agriffis', 'name': 'agriffis'}",742,"{'real_name': 'Seemant Kulleen', 'id': 254, 'name': 'seemantk', 'email': 'seemantk'}",FIXED,seemantk,2003-02-04T19:42:18Z,High,RESOLVED,,Current packages,normal,agriffis,2002-02-17T23:21:52Z,Gentoo Linux
"{'real_name': 'Seemant Kulleen (RETIRED)', 'id': 399, 'name': 'seemant', 'email': 'seemant'}",743,"{'id': 254, 'real_name': 'Seemant Kulleen', 'email': 'seemantk', 'name': 'seemantk'}",FIXED,seemantk,2011-10-30T22:18:02Z,High,RESOLVED,,Unclassified,normal,seemant,2002-02-17T23:24:40Z,Portage Development
"{'real_name': 'Aron Griffis (RETIRED)', 'id': 35, 'email': 'agriffis', 'name': 'agriffis'}",744,"{'real_name': 'Seemant Kulleen', 'id': 254, 'email': 'seemantk', 'name': 'seemantk'}",FIXED,seemantk,2003-02-04T19:42:18Z,High,RESOLVED,,Current packages,minor,agriffis,2002-02-18T01:10:17Z,Gentoo Linux
"{'real_name': 'Karl Trygve Kalleberg (RETIRED)', 'id': 19, 'name': 'karltk', 'email': 'karltk'}",745,"{'id': 31, 'real_name': 'Shahar Goldin', 'email': 'aldarsior', 'name': 'aldarsior'}",FIXED,aldarsior,2003-02-04T19:42:18Z,High,RESOLVED,,[OLD] Games,normal,karltk,2002-02-18T02:30:17Z,Gentoo Linux
"{'name': 'agriffis', 'email': 'agriffis', 'id': 35, 'real_name': 'Aron Griffis (RETIRED)'}",746,"{'name': 'seemantk', 'email': 'seemantk', 'id': 254, 'real_name': 'Seemant Kulleen'}",FIXED,seemantk,2003-02-04T19:42:18Z,High,RESOLVED,,Current packages,normal,agriffis,2002-02-18T05:00:51Z,Gentoo Linux
"{'email': 'agriffis', 'name': 'agriffis', 'id': 35, 'real_name': 'Aron Griffis (RETIRED)'}",747,"{'name': 'seemantk', 'email': 'seemantk', 'id': 254, 'real_name': 'Seemant Kulleen'}",FIXED,seemantk,2003-02-04T19:42:18Z,High,RESOLVED,,New packages,normal,agriffis,2002-02-18T05:38:03Z,Gentoo Linux
"{'id': 35, 'real_name': 'Aron Griffis (RETIRED)', 'name': 'agriffis', 'email': 'agriffis'}",748,"{'email': 'seemantk', 'name': 'seemantk', 'id': 254, 'real_name': 'Seemant Kulleen'}",FIXED,seemantk,2003-02-04T19:42:18Z,High,RESOLVED,,New packages,normal,agriffis,2002-02-18T07:18:51Z,Gentoo Linux
"{'name': 'azarah', 'email': 'azarah', 'id': 12, 'real_name': 'Martin Schlemmer (RETIRED)'}",749,"{'name': 'bulthuis', 'email': 'bulthuis', 'real_name': 'Fred Bulthuis', 'id': 166}",FIXED,bulthuis,2003-02-04T19:42:18Z,High,RESOLVED,,[OLD] Development,normal,azarah,2002-02-18T07:25:35Z,Gentoo Linux
"{'id': 8, 'real_name': 'Daniel Robbins (RETIRED)', 'email': 'drobbins', 'name': 'drobbins'}",750,"{'real_name': 'Seemant Kulleen', 'id': 254, 'email': 'seemantk', 'name': 'seemantk'}",FIXED,seemantk,2003-02-04T19:42:18Z,High,RESOLVED,,New packages,normal,drobbins,2002-02-18T08:55:52Z,Gentoo Linux
"{'real_name': 'Grant Goodyear (RETIRED)', 'id': 9, 'name': 'g2boojum', 'email': 'g2boojum'}",751,"{'email': 'stein.magnus', 'name': 'stein.magnus', 'id': 246, 'real_name': 'Stein Magnus Jodal'}",FIXED,stein.magnus,2003-02-04T19:42:18Z,High,VERIFIED,,Other,minor,g2boojum,2002-02-18T09:59:19Z,[OLD] Docs-user
"{'email': 'woodchip', 'name': 'woodchip', 'id': 13, 'real_name': 'Donny Davies (RETIRED)'}",752,"{'email': 'cfuga', 'name': 'cfuga', 'id': 179, 'real_name': 'CFuga'}",FIXED,cfuga,2003-02-04T19:42:18Z,High,RESOLVED,,New packages,enhancement,woodchip,2002-02-18T12:23:13Z,Gentoo Linux
"{'id': 14, 'real_name': 'Bart Verwilst', 'name': 'bart', 'email': 'bart'}",753,"{'id': 255, 'real_name': 'Bob Phan', 'email': 'bob', 'name': 'bob'}",FIXED,bob,2003-02-04T19:42:18Z,High,RESOLVED,,New packages,enhancement,bart,2002-02-18T12:55:34Z,Gentoo Linux
"{'real_name': 'Karl Trygve Kalleberg (RETIRED)', 'id': 19, 'email': 'karltk', 'name': 'karltk'}",754,"{'id': 19, 'real_name': 'Karl Trygve Kalleberg (RETIRED)', 'email': 'karltk', 'name': 'karltk'}",FIXED,karltk,2003-02-04T19:42:18Z,High,RESOLVED,,[OLD] Core system,critical,karltk,2002-02-18T14:00:38Z,Gentoo Linux
"{'email': 'g2boojum', 'name': 'g2boojum', 'real_name': 'Grant Goodyear (RETIRED)', 'id': 9}",755,"{'name': 'chouser', 'email': 'chouser', 'id': 11, 'real_name': 'chouser (RETIRED)'}",FIXED,chouser,2003-02-04T19:42:18Z,High,RESOLVED,,[OLD] GNOME,normal,g2boojum,2002-02-18T19:26:36Z,Gentoo Linux
"{'email': 'agriffis', 'name': 'agriffis', 'id': 35, 'real_name': 'Aron Griffis (RETIRED)'}",756,"{'email': 'seemantk', 'name': 'seemantk', 'id': 254, 'real_name': 'Seemant Kulleen'}",FIXED,seemantk,2003-02-04T19:42:18Z,High,RESOLVED,,Current packages,normal,agriffis,2002-02-18T20:34:23Z,Gentoo Linux
"{'real_name': 'Donny Davies (RETIRED)', 'id': 13, 'name': 'woodchip', 'email': 'woodchip'}",757,"{'name': 'avi', 'email': 'avi', 'id': 280, 'real_name': 'Avi Schwartz'}",FIXED,avi,2003-02-04T19:42:18Z,High,RESOLVED,,Current packages,normal,woodchip,2002-02-18T20:59:34Z,Gentoo Linux
"{'real_name': 'Donny Davies (RETIRED)', 'id': 13, 'name': 'woodchip', 'email': 'woodchip'}",758,"{'real_name': 'Craig Joly', 'id': 305, 'email': 'craig', 'name': 'craig'}",FIXED,craig,2003-02-04T19:42:18Z,High,RESOLVED,,New packages,enhancement,woodchip,2002-02-18T21:04:26Z,Gentoo Linux
"{'name': 'drobbins', 'email': 'drobbins', 'real_name': 'Daniel Robbins (RETIRED)', 'id': 8}",759,"{'name': 'seemantk', 'email': 'seemantk', 'id': 254, 'real_name': 'Seemant Kulleen'}",FIXED,seemantk,2003-02-04T19:42:18Z,High,RESOLVED,,New packages,normal,drobbins,2002-02-19T01:00:05Z,Gentoo Linux
"{'name': 'drobbins', 'email': 'drobbins', 'id': 8, 'real_name': 'Daniel Robbins (RETIRED)'}",760,"{'name': 'aldarsior', 'email': 'aldarsior', 'real_name': 'Shahar Goldin', 'id': 31}",FIXED,aldarsior,2002-02-23T13:06:26Z,High,RESOLVED,,[OLD] Core system,enhancement,drobbins,2002-02-19T02:37:57Z,Gentoo Linux
"{'id': 8, 'real_name': 'Daniel Robbins (RETIRED)', 'name': 'drobbins', 'email': 'drobbins'}",761,"{'real_name': 'Shahar Goldin', 'id': 31, 'email': 'aldarsior', 'name': 'aldarsior'}",FIXED,aldarsior,2011-01-20T21:52:20Z,High,RESOLVED,,[OLD] Core system,normal,drobbins,2002-02-19T02:39:32Z,Gentoo Linux
"{'id': 11, 'real_name': 'chouser (RETIRED)', 'email': 'chouser', 'name': 'chouser'}",762,"{'id': 307, 'real_name': 'Hans-Henry Jakobsen', 'email': 'hanshj', 'name': 'hanshj'}",FIXED,hanshj,2003-04-06T12:42:24Z,Normal,RESOLVED,,Current packages,normal,chouser,2002-02-19T03:09:47Z,Gentoo Linux
"{'email': 'seemant', 'name': 'seemant', 'id': 399, 'real_name': 'Seemant Kulleen (RETIRED)'}",763,"{'id': 254, 'real_name': 'Seemant Kulleen', 'email': 'seemantk', 'name': 'seemantk'}",FIXED,seemantk,2003-02-04T19:42:18Z,High,RESOLVED,,New packages,normal,seemant,2002-02-19T10:23:31Z,Gentoo Linux
"{'id': 399, 'real_name': 'Seemant Kulleen (RETIRED)', 'email': 'seemant', 'name': 'seemant'}",764,"{'email': 'seemantk', 'name': 'seemantk', 'id': 254, 'real_name': 'Seemant Kulleen'}",FIXED,seemantk,2003-02-04T19:42:18Z,High,RESOLVED,,New packages,normal,seemant,2002-02-19T10:26:15Z,Gentoo Linux
"{'real_name': 'Seemant Kulleen (RETIRED)', 'id': 399, 'name': 'seemant', 'email': 'seemant'}",765,"{'real_name': 'Seemant Kulleen', 'id': 254, 'name': 'seemantk', 'email': 'seemantk'}",FIXED,seemantk,2003-02-04T19:42:18Z,High,RESOLVED,,New packages,normal,seemant,2002-02-19T10:27:50Z,Gentoo Linux
"{'name': 'bart', 'email': 'bart', 'id': 14, 'real_name': 'Bart Verwilst'}",766,"{'real_name': 'Seemant Kulleen', 'id': 254, 'email': 'seemantk', 'name': 'seemantk'}",FIXED,seemantk,2003-04-04T01:27:41Z,High,RESOLVED,,New packages,normal,bart,2002-02-19T10:30:07Z,Gentoo Linux
"{'email': 'bart', 'name': 'bart', 'real_name': 'Bart Verwilst', 'id': 14}",767,"{'email': 'seemantk', 'name': 'seemantk', 'real_name': 'Seemant Kulleen', 'id': 254}",FIXED,seemantk,2003-04-04T01:27:42Z,High,RESOLVED,,New packages,normal,bart,2002-02-19T10:31:55Z,Gentoo Linux
"{'name': 'seemant', 'email': 'seemant', 'id': 399, 'real_name': 'Seemant Kulleen (RETIRED)'}",768,"{'email': 'seemantk', 'name': 'seemantk', 'id': 254, 'real_name': 'Seemant Kulleen'}",FIXED,seemantk,2003-02-04T19:42:18Z,High,RESOLVED,,New packages,normal,seemant,2002-02-19T10:33:32Z,Gentoo Linux
"{'real_name': 'Seemant Kulleen (RETIRED)', 'id': 399, 'email': 'seemant', 'name': 'seemant'}",769,"{'real_name': 'Seemant Kulleen', 'id': 254, 'email': 'seemantk', 'name': 'seemantk'}",FIXED,seemantk,2003-02-04T19:42:18Z,High,RESOLVED,,New packages,normal,seemant,2002-02-19T10:34:38Z,Gentoo Linux
"{'id': 399, 'real_name': 'Seemant Kulleen (RETIRED)', 'name': 'seemant', 'email': 'seemant'}",770,"{'name': 'seemantk', 'email': 'seemantk', 'id': 254, 'real_name': 'Seemant Kulleen'}",FIXED,seemantk,2003-02-04T19:42:18Z,High,RESOLVED,,New packages,normal,seemant,2002-02-19T10:35:37Z,Gentoo Linux
"{'email': 'drobbins', 'name': 'drobbins', 'real_name': 'Daniel Robbins (RETIRED)', 'id': 8}",771,"{'real_name': '', 'id': 310, 'name': 'bjelkea', 'email': 'bjelkea'}",DUPLICATE,bjelkea,2003-02-04T19:42:18Z,High,VERIFIED,973.0,Other,normal,drobbins,2002-02-19T15:01:15Z,[OLD] Docs-user
"{'name': 'azarah', 'email': 'azarah', 'id': 12, 'real_name': 'Martin Schlemmer (RETIRED)'}",772,"{'name': 'runwild90', 'email': 'runwild90', 'real_name': 'Running Wild', 'id': 312}",FIXED,runwild90,2003-02-04T19:42:18Z,Highest,RESOLVED,,[OLD] Core system,blocker,azarah,2002-02-19T15:18:29Z,Gentoo Linux
"{'real_name': 'Donny Davies (RETIRED)', 'id': 13, 'email': 'woodchip', 'name': 'woodchip'}",773,"{'id': 237, 'real_name': 'Steve Flack', 'name': 'steve_flack', 'email': 'steve_flack'}",FIXED,steve_flack,2002-04-14T00:55:55Z,High,RESOLVED,,New packages,normal,woodchip,2002-02-19T15:31:24Z,Gentoo Linux
"{'email': 'gbevin', 'name': 'gbevin', 'real_name': 'Geert Bevin', 'id': 5}",774,"{'email': 'mikpolniak', 'name': 'mikpolniak', 'real_name': 'mikepolniak', 'id': 250}",FIXED,mikpolniak,2003-02-04T19:42:18Z,High,RESOLVED,,New packages,normal,gbevin,2002-02-19T17:06:47Z,Gentoo Linux
"{'email': 'blocke', 'name': 'blocke', 'id': 171, 'real_name': 'Bruce A. Locke (RETIRED)'}",775,"{'id': 314, 'real_name': 'Jacob Perkins', 'name': 'source', 'email': 'source'}",FIXED,source,2003-02-04T19:42:18Z,High,RESOLVED,,Current packages,minor,blocke,2002-02-19T18:04:12Z,Gentoo Linux
"{'id': 13, 'real_name': 'Donny Davies (RETIRED)', 'email': 'woodchip', 'name': 'woodchip'}",776,"{'id': 11, 'real_name': 'chouser (RETIRED)', 'email': 'chouser', 'name': 'chouser'}",FIXED,chouser,2003-02-04T19:42:18Z,High,RESOLVED,,Current packages,normal,woodchip,2002-02-19T20:15:20Z,Gentoo Linux
"{'email': 'g2boojum', 'name': 'g2boojum', 'real_name': 'Grant Goodyear (RETIRED)', 'id': 9}",777,"{'name': 'fusion', 'email': 'fusion', 'id': 317, 'real_name': 'Daniel Lyons'}",FIXED,fusion,2003-01-28T00:30:44Z,High,VERIFIED,,Other,minor,g2boojum,2002-02-20T02:27:41Z,[OLD] Docs-user
"{'email': 'tod', 'name': 'tod', 'real_name': 'Tod M. Neidt (RETIRED)', 'id': 84}",778,"{'name': 'fusion', 'email': 'fusion', 'real_name': 'Daniel Lyons', 'id': 317}",FIXED,fusion,2002-02-28T21:10:13Z,High,RESOLVED,,[OLD] GNOME,normal,tod,2002-02-20T02:32:44Z,Gentoo Linux
"{'name': 'azarah', 'email': 'azarah', 'real_name': 'Martin Schlemmer (RETIRED)', 'id': 12}",779,"{'email': 'holger.benl', 'name': 'holger.benl', 'id': 270, 'real_name': 'Holger Benl'}",FIXED,holger.benl,2003-02-04T19:42:18Z,High,RESOLVED,,New packages,minor,azarah,2002-02-20T08:14:48Z,Gentoo Linux
"{'id': 171, 'real_name': 'Bruce A. Locke (RETIRED)', 'name': 'blocke', 'email': 'blocke'}",780,"{'name': 'marc', 'email': 'marc', 'id': 289, 'real_name': 'Marc Soda'}",FIXED,marc,2003-02-04T19:42:18Z,High,RESOLVED,,New packages,enhancement,blocke,2002-02-20T08:24:34Z,Gentoo Linux
"{'id': 9, 'real_name': 'Grant Goodyear (RETIRED)', 'name': 'g2boojum', 'email': 'g2boojum'}",781,"{'real_name': 'Karl-Koenig Koenigsson', 'id': 318, 'email': 'karl-konig.q.konigsson', 'name': 'karl-konig.q.konigsson'}",FIXED,karl-konig.q.konigsson,2003-02-04T19:42:18Z,High,VERIFIED,,Other,enhancement,g2boojum,2002-02-20T12:24:44Z,[OLD] Docs-user
"{'real_name': 'Daniel Robbins (RETIRED)', 'id': 8, 'email': 'drobbins', 'name': 'drobbins'}",782,"{'id': 177, 'real_name': 'jochem prins', 'name': 'j.prins', 'email': 'j.prins'}",FIXED,j.prins,2003-02-04T19:42:18Z,High,RESOLVED,,Current packages,major,drobbins,2002-02-20T13:07:44Z,Gentoo Linux
"{'id': 171, 'real_name': 'Bruce A. Locke (RETIRED)', 'email': 'blocke', 'name': 'blocke'}",783,"{'real_name': 'CFuga', 'id': 179, 'email': 'cfuga', 'name': 'cfuga'}",FIXED,cfuga,2003-02-04T19:42:18Z,High,RESOLVED,,New packages,enhancement,blocke,2002-02-20T16:28:40Z,Gentoo Linux
"{'real_name': 'Bruce A. Locke (RETIRED)', 'id': 171, 'email': 'blocke', 'name': 'blocke'}",784,"{'name': 'folokai', 'email': 'folokai', 'real_name': 'scott worley', 'id': 320}",FIXED,folokai,2003-02-04T19:42:18Z,High,RESOLVED,,New packages,enhancement,blocke,2002-02-20T17:24:32Z,Gentoo Linux
"{'id': 171, 'real_name': 'Bruce A. Locke (RETIRED)', 'name': 'blocke', 'email': 'blocke'}",785,"{'id': 320, 'real_name': 'scott worley', 'name': 'folokai', 'email': 'folokai'}",FIXED,folokai,2003-02-04T19:42:18Z,High,RESOLVED,,New packages,enhancement,blocke,2002-02-20T17:36:40Z,Gentoo Linux
"{'real_name': 'Bruce A. Locke (RETIRED)', 'id': 171, 'name': 'blocke', 'email': 'blocke'}",786,"{'email': 'folokai', 'name': 'folokai', 'real_name': 'scott worley', 'id': 320}",FIXED,folokai,2003-02-04T19:42:18Z,High,RESOLVED,,New packages,enhancement,blocke,2002-02-20T17:50:36Z,Gentoo Linux
"{'email': 'blocke', 'name': 'blocke', 'id': 171, 'real_name': 'Bruce A. Locke (RETIRED)'}",787,"{'id': 117, 'real_name': 'Silvio Boehme', 'name': 'Boehme.Silvio', 'email': 'Boehme.Silvio'}",DUPLICATE,Boehme.Silvio,2005-07-17T13:06:51Z,High,RESOLVED,8419.0,Current packages,normal,blocke,2002-02-20T18:32:53Z,Gentoo Linux
"{'real_name': 'chouser (RETIRED)', 'id': 11, 'name': 'chouser', 'email': 'chouser'}",788,"{'email': 'Jimmermouse', 'name': 'Jimmermouse', 'real_name': 'Matthew Jimenez', 'id': 109}",FIXED,Jimmermouse,2003-02-04T19:42:18Z,High,VERIFIED,,Current packages,critical,chouser,2002-02-20T19:13:16Z,Gentoo Linux
"{'id': 538, 'real_name': 'Matthew Kennedy (RETIRED)', 'email': 'mkennedy', 'name': 'mkennedy'}",789,"{'email': 'gila', 'name': 'gila', 'real_name': 'Jeffry', 'id': 78}",FIXED,gila,2003-02-04T19:42:18Z,High,RESOLVED,,Current packages,enhancement,mkennedy,2002-02-20T19:54:27Z,Gentoo Linux
"{'real_name': 'Seemant Kulleen (RETIRED)', 'id': 399, 'email': 'seemant', 'name': 'seemant'}",790,"{'name': 'seemantk', 'email': 'seemantk', 'real_name': 'Seemant Kulleen', 'id': 254}",FIXED,seemantk,2003-02-04T19:42:18Z,High,RESOLVED,,Current packages,normal,seemant,2002-02-20T21:55:29Z,Gentoo Linux
"{'name': 'seemant', 'email': 'seemant', 'real_name': 'Seemant Kulleen (RETIRED)', 'id': 399}",791,"{'id': 254, 'real_name': 'Seemant Kulleen', 'name': 'seemantk', 'email': 'seemantk'}",FIXED,seemantk,2003-02-04T19:42:18Z,High,RESOLVED,,Current packages,normal,seemant,2002-02-20T21:57:18Z,Gentoo Linux
"{'email': 'drobbins', 'name': 'drobbins', 'real_name': 'Daniel Robbins (RETIRED)', 'id': 8}",792,"{'id': 254, 'real_name': 'Seemant Kulleen', 'email': 'seemantk', 'name': 'seemantk'}",FIXED,seemantk,2011-10-30T22:21:20Z,High,RESOLVED,,Unclassified,normal,drobbins,2002-02-21T00:09:15Z,Portage Development
"{'real_name': 'Seemant Kulleen (RETIRED)', 'id': 399, 'email': 'seemant', 'name': 'seemant'}",793,"{'real_name': 'Seemant Kulleen', 'id': 254, 'email': 'seemantk', 'name': 'seemantk'}",FIXED,seemantk,2003-02-04T19:42:18Z,High,RESOLVED,,Current packages,normal,seemant,2002-02-21T01:03:49Z,Gentoo Linux
"{'real_name': 'Martin Schlemmer (RETIRED)', 'id': 12, 'name': 'azarah', 'email': 'azarah'}",794,"{'name': 'hyao', 'email': 'hyao', 'id': 321, 'real_name': 'Joseph H. Yao'}",FIXED,hyao,2003-02-04T19:42:18Z,High,RESOLVED,,[OLD] Server,major,azarah,2002-02-21T03:01:36Z,Gentoo Linux
"{'id': 399, 'real_name': 'Seemant Kulleen (RETIRED)', 'email': 'seemant', 'name': 'seemant'}",795,"{'id': 254, 'real_name': 'Seemant Kulleen', 'email': 'seemantk', 'name': 'seemantk'}",FIXED,seemantk,2003-02-04T19:42:18Z,High,RESOLVED,,New packages,normal,seemant,2002-02-21T08:52:19Z,Gentoo Linux
"{'name': 'chouser', 'email': 'chouser', 'real_name': 'chouser (RETIRED)', 'id': 11}",796,"{'id': 254, 'real_name': 'Seemant Kulleen', 'name': 'seemantk', 'email': 'seemantk'}",FIXED,seemantk,2003-02-04T19:42:18Z,High,RESOLVED,,New packages,normal,chouser,2002-02-21T09:20:28Z,Gentoo Linux
"{'email': 'drobbins', 'name': 'drobbins', 'id': 8, 'real_name': 'Daniel Robbins (RETIRED)'}",797,"{'real_name': '', 'id': 49, 'name': 'cami', 'email': 'cami'}",FIXED,cami,2003-02-04T19:42:18Z,High,RESOLVED,,[OLD] Core system,normal,drobbins,2002-02-21T10:47:06Z,Gentoo Linux
"{'real_name': 'Tod M. Neidt (RETIRED)', 'id': 84, 'email': 'tod', 'name': 'tod'}",798,"{'real_name': 'Jim Nutt', 'id': 214, 'name': 'jimnutt', 'email': 'jimnutt'}",FIXED,jimnutt,2003-02-04T19:42:18Z,High,RESOLVED,,Current packages,normal,tod,2002-02-21T11:31:51Z,Gentoo Linux
"{'real_name': 'Daniel Robbins (RETIRED)', 'id': 8, 'name': 'drobbins', 'email': 'drobbins'}",799,"{'id': 323, 'real_name': '', 'name': 'duncan_lissett', 'email': 'duncan_lissett'}",INVALID,duncan_lissett,2003-02-04T19:42:18Z,High,VERIFIED,,New packages,major,drobbins,2002-02-21T13:47:38Z,Gentoo Linux
"{'id': 224, 'real_name': 'Ferry Meyndert (RETIRED)', 'name': 'm0rpheus', 'email': 'm0rpheus'}",800,"{'email': 'rectrix', 'name': 'rectrix', 'id': 266, 'real_name': 'Tim Hobbs'}",FIXED,rectrix,2003-04-04T01:26:55Z,High,RESOLVED,,New packages,enhancement,m0rpheus,2002-02-21T18:59:44Z,Gentoo Linux
"{'email': 'matsuu', 'name': 'matsuu', 'id': 2083, 'real_name': 'MATSUU Takuto (RETIRED)'}",801,"{'real_name': 'Tim Hobbs', 'id': 266, 'email': 'rectrix', 'name': 'rectrix'}",FIXED,rectrix,2003-08-20T20:27:01Z,High,RESOLVED,,New packages,enhancement,matsuu,2002-02-21T20:15:28Z,Gentoo Linux
"{'id': 8, 'real_name': 'Daniel Robbins (RETIRED)', 'name': 'drobbins', 'email': 'drobbins'}",802,"{'name': 'pardsbane', 'email': 'pardsbane', 'id': 240, 'real_name': 'Pardsbane'}",FIXED,pardsbane,2003-02-04T19:42:18Z,High,RESOLVED,,Current packages,normal,drobbins,2002-02-21T23:54:41Z,Gentoo Linux
"{'real_name': 'Daniel Robbins (RETIRED)', 'id': 8, 'name': 'drobbins', 'email': 'drobbins'}",803,"{'id': 43, 'real_name': 'Gontran Zepeda', 'name': 'gontran', 'email': 'gontran'}",FIXED,gontran,2003-02-04T19:42:18Z,Low,RESOLVED,,New packages,minor,drobbins,2002-02-21T23:57:46Z,Gentoo Linux
"{'real_name': 'Grant Goodyear (RETIRED)', 'id': 9, 'email': 'g2boojum', 'name': 'g2boojum'}",804,"{'email': 'seemantk', 'name': 'seemantk', 'real_name': 'Seemant Kulleen', 'id': 254}",FIXED,seemantk,2003-02-04T19:42:18Z,High,RESOLVED,,Current packages,normal,g2boojum,2002-02-22T01:09:44Z,Gentoo Linux
"{'id': 8, 'real_name': 'Daniel Robbins (RETIRED)', 'name': 'drobbins', 'email': 'drobbins'}",805,"{'email': 'stephen', 'name': 'stephen', 'real_name': 'Stephen Boulet', 'id': 275}",FIXED,stephen,2002-02-22T10:00:18Z,High,RESOLVED,,New packages,normal,drobbins,2002-02-22T08:39:29Z,Gentoo Linux
"{'name': 'g2boojum', 'email': 'g2boojum', 'id': 9, 'real_name': 'Grant Goodyear (RETIRED)'}",806,"{'name': 'smitchell', 'email': 'smitchell', 'id': 258, 'real_name': 'Sean Mitchell'}",FIXED,smitchell,2003-05-06T18:45:14Z,High,RESOLVED,,New packages,enhancement,g2boojum,2002-02-22T10:42:09Z,Gentoo Linux
"{'id': 19, 'real_name': 'Karl Trygve Kalleberg (RETIRED)', 'name': 'karltk', 'email': 'karltk'}",807,"{'name': 'adefa', 'email': 'adefa', 'real_name': 'Trevor Strieber', 'id': 326}",FIXED,adefa,2003-02-04T19:42:18Z,High,RESOLVED,,Current packages,normal,karltk,2002-02-22T13:59:08Z,Gentoo Linux
"{'name': 'azarah', 'email': 'azarah', 'id': 12, 'real_name': 'Martin Schlemmer (RETIRED)'}",808,"{'email': 'gentoo', 'name': 'gentoo', 'real_name': 'Benjamin Ritcey', 'id': 65}",FIXED,gentoo,2003-02-04T19:42:18Z,High,RESOLVED,,New packages,enhancement,azarah,2002-02-22T14:49:10Z,Gentoo Linux
"{'email': 'adam', 'name': 'adam', 'real_name': 'Adam Schrotenboer', 'id': 145}",809,"{'email': 'markinho', 'name': 'markinho', 'id': 327, 'real_name': 'Markinho'}",FIXED,markinho,2003-02-04T19:42:18Z,Lowest,RESOLVED,,[OLD] Core system,enhancement,adam,2002-02-22T17:02:45Z,Gentoo Linux
"{'name': 'drobbins', 'email': 'drobbins', 'real_name': 'Daniel Robbins (RETIRED)', 'id': 8}",810,"{'name': 'lostlogic', 'email': 'lostlogic', 'real_name': 'Brandon Low (RETIRED)', 'id': 290}",FIXED,lostlogic,2003-02-04T19:42:18Z,High,RESOLVED,,[OLD] GNOME,normal,drobbins,2002-02-22T17:39:45Z,Gentoo Linux
"{'real_name': 'Daniel Robbins (RETIRED)', 'id': 8, 'email': 'drobbins', 'name': 'drobbins'}",811,"{'name': 'piechota', 'email': 'piechota', 'id': 328, 'real_name': 'Matt Piechota'}",FIXED,piechota,2003-02-04T19:42:18Z,Normal,RESOLVED,,[OLD] Core system,normal,drobbins,2002-02-22T17:53:24Z,Gentoo Linux
"{'id': 8, 'real_name': 'Daniel Robbins (RETIRED)', 'email': 'drobbins', 'name': 'drobbins'}",812,"{'real_name': 'Avi Schwartz', 'id': 280, 'email': 'avi', 'name': 'avi'}",FIXED,avi,2003-02-04T19:42:18Z,High,RESOLVED,,Current packages,normal,drobbins,2002-02-22T21:00:41Z,Gentoo Linux
"{'name': 'agriffis', 'email': 'agriffis', 'real_name': 'Aron Griffis (RETIRED)', 'id': 35}",813,"{'email': 'burrougj', 'name': 'burrougj', 'real_name': 'Josiah Burroughs', 'id': 301}",FIXED,burrougj,2002-03-04T10:05:09Z,Low,RESOLVED,,New packages,enhancement,agriffis,2002-02-22T22:25:51Z,Gentoo Linux
"{'name': 'drobbins', 'email': 'drobbins', 'real_name': 'Daniel Robbins (RETIRED)', 'id': 8}",814,"{'id': 252, 'real_name': 'Doug Miller', 'email': 'orkim', 'name': 'orkim'}",FIXED,orkim,2003-02-04T19:42:18Z,High,RESOLVED,,Current packages,normal,drobbins,2002-02-22T23:57:46Z,Gentoo Linux
"{'id': 8, 'real_name': 'Daniel Robbins (RETIRED)', 'name': 'drobbins', 'email': 'drobbins'}",815,"{'real_name': 'Daniel Robbins (RETIRED)', 'id': 8, 'name': 'drobbins', 'email': 'drobbins'}",FIXED,drobbins,2003-02-04T19:42:18Z,High,RESOLVED,,[OLD] Core system,normal,drobbins,2002-02-23T00:08:57Z,Gentoo Linux
"{'email': 'karltk', 'name': 'karltk', 'real_name': 'Karl Trygve Kalleberg (RETIRED)', 'id': 19}",816,"{'name': 'mbkennedy', 'email': 'mbkennedy', 'real_name': 'Matthew Kennedy', 'id': 228}",FIXED,mbkennedy,2002-02-24T16:32:02Z,High,RESOLVED,,New packages,enhancement,karltk,2002-02-23T00:14:32Z,Gentoo Linux
"{'email': 'danarmak', 'name': 'danarmak', 'id': 10, 'real_name': 'Dan Armak (RETIRED)'}",817,"{'real_name': 'Shahar Goldin', 'id': 31, 'name': 'aldarsior', 'email': 'aldarsior'}",FIXED,aldarsior,2003-02-04T19:42:18Z,High,RESOLVED,,New packages,normal,danarmak,2002-02-23T01:26:28Z,Gentoo Linux
"{'id': 8, 'real_name': 'Daniel Robbins (RETIRED)', 'email': 'drobbins', 'name': 'drobbins'}",818,"{'email': 'stephen', 'name': 'stephen', 'id': 275, 'real_name': 'Stephen Boulet'}",FIXED,stephen,2002-02-27T00:39:43Z,High,RESOLVED,,New packages,normal,drobbins,2002-02-23T01:47:47Z,Gentoo Linux
"{'id': 8, 'real_name': 'Daniel Robbins (RETIRED)', 'email': 'drobbins', 'name': 'drobbins'}",819,"{'name': 'seemantk', 'email': 'seemantk', 'id': 254, 'real_name': 'Seemant Kulleen'}",INVALID,seemantk,2003-02-04T19:42:18Z,High,RESOLVED,,New packages,normal,drobbins,2002-02-23T06:08:53Z,Gentoo Linux
"{'name': 'drobbins', 'email': 'drobbins', 'id': 8, 'real_name': 'Daniel Robbins (RETIRED)'}",820,"{'id': 168, 'real_name': 'Tim Haughton', 'email': 'timhaughton', 'name': 'timhaughton'}",FIXED,timhaughton,2003-02-04T19:42:18Z,Highest,RESOLVED,,[OLD] Core system,critical,drobbins,2002-02-23T06:12:44Z,Gentoo Linux
"{'real_name': 'Seemant Kulleen (RETIRED)', 'id': 399, 'name': 'seemant', 'email': 'seemant'}",821,"{'email': 'stefan', 'name': 'stefan', 'id': 210, 'real_name': 'Stefan Boresch'}",FIXED,stefan,2003-02-04T19:42:18Z,High,RESOLVED,,[OLD] Unspecified,enhancement,seemant,2002-02-23T06:45:43Z,Gentoo Linux
"{'name': 'g2boojum', 'email': 'g2boojum', 'real_name': 'Grant Goodyear (RETIRED)', 'id': 9}",822,"{'real_name': 'Seemant Kulleen', 'id': 254, 'email': 'seemantk', 'name': 'seemantk'}",FIXED,seemantk,2003-02-04T19:42:18Z,High,RESOLVED,,Current packages,enhancement,g2boojum,2002-02-23T08:21:05Z,Gentoo Linux
"{'real_name': 'Daniel Robbins (RETIRED)', 'id': 8, 'email': 'drobbins', 'name': 'drobbins'}",823,"{'real_name': 'Seemant Kulleen', 'id': 254, 'email': 'seemantk', 'name': 'seemantk'}",FIXED,seemantk,2003-02-04T19:42:18Z,High,RESOLVED,,Current packages,enhancement,drobbins,2002-02-23T08:54:15Z,Gentoo Linux
"{'real_name': 'Dan Armak (RETIRED)', 'id': 10, 'email': 'danarmak', 'name': 'danarmak'}",824,"{'name': 'seemantk', 'email': 'seemantk', 'real_name': 'Seemant Kulleen', 'id': 254}",FIXED,seemantk,2003-02-04T19:42:18Z,High,RESOLVED,,New packages,normal,danarmak,2002-02-23T09:03:45Z,Gentoo Linux
"{'real_name': 'Daniel Robbins (RETIRED)', 'id': 8, 'name': 'drobbins', 'email': 'drobbins'}",825,"{'real_name': 'kentsin', 'id': 329, 'name': 'kentsin', 'email': 'kentsin'}",FIXED,kentsin,2003-02-04T19:42:18Z,High,RESOLVED,,[OLD] Core system,normal,drobbins,2002-02-23T09:17:02Z,Gentoo Linux
"{'id': 449, 'real_name': 'Spider (RETIRED)', 'name': 'spider', 'email': 'spider'}",826,"{'real_name': 'Edward Muller', 'id': 162, 'name': 'edwardam', 'email': 'edwardam'}",FIXED,edwardam,2003-02-04T19:42:18Z,High,RESOLVED,,Current packages,normal,spider,2002-02-23T12:02:40Z,Gentoo Linux
"{'id': 5, 'real_name': 'Geert Bevin', 'name': 'gbevin', 'email': 'gbevin'}",827,"{'name': 'danarmak', 'email': 'danarmak', 'real_name': 'Dan Armak (RETIRED)', 'id': 10}",FIXED,danarmak,2011-10-30T22:19:35Z,High,RESOLVED,,Unclassified,normal,gbevin,2002-02-23T12:32:26Z,Portage Development
"{'name': 'tod', 'email': 'tod', 'real_name': 'Tod M. Neidt (RETIRED)', 'id': 84}",828,"{'real_name': 'Per Wigren', 'id': 218, 'name': 'tuxie', 'email': 'tuxie'}",FIXED,tuxie,2002-02-23T20:51:40Z,High,RESOLVED,,New packages,enhancement,tod,2002-02-23T13:28:00Z,Gentoo Linux
"{'real_name': 'Martin Schlemmer (RETIRED)', 'id': 12, 'name': 'azarah', 'email': 'azarah'}",829,"{'email': 'cpiro', 'name': 'cpiro', 'id': 331, 'real_name': 'Chris Piro'}",FIXED,cpiro,2003-02-04T19:42:18Z,High,RESOLVED,,New packages,minor,azarah,2002-02-23T13:48:10Z,Gentoo Linux
"{'name': 'g2boojum', 'email': 'g2boojum', 'real_name': 'Grant Goodyear (RETIRED)', 'id': 9}",830,"{'real_name': 'Travis Tilley', 'id': 163, 'email': 'lordviram', 'name': 'lordviram'}",FIXED,lordviram,2003-02-04T19:42:18Z,High,RESOLVED,,[OLD] Unspecified,normal,g2boojum,2002-02-23T15:36:27Z,Gentoo Linux
"{'id': 12, 'real_name': 'Martin Schlemmer (RETIRED)', 'email': 'azarah', 'name': 'azarah'}",831,"{'email': 'rectrix', 'name': 'rectrix', 'id': 266, 'real_name': 'Tim Hobbs'}",FIXED,rectrix,2003-02-04T19:42:18Z,High,RESOLVED,,New packages,enhancement,azarah,2002-02-23T16:19:28Z,Gentoo Linux
"{'id': 8, 'real_name': 'Daniel Robbins (RETIRED)', 'name': 'drobbins', 'email': 'drobbins'}",832,"{'real_name': 'Chris Piro', 'id': 331, 'name': 'cpiro', 'email': 'cpiro'}",FIXED,cpiro,2003-02-04T19:42:18Z,High,RESOLVED,,New packages,normal,drobbins,2002-02-23T18:34:08Z,Gentoo Linux
"{'id': 538, 'real_name': 'Matthew Kennedy (RETIRED)', 'name': 'mkennedy', 'email': 'mkennedy'}",833,"{'email': 'rectrix', 'name': 'rectrix', 'real_name': 'Tim Hobbs', 'id': 266}",FIXED,rectrix,2003-02-04T19:42:18Z,High,RESOLVED,,New packages,enhancement,mkennedy,2002-02-23T18:35:28Z,Gentoo Linux
"{'id': 171, 'real_name': 'Bruce A. Locke (RETIRED)', 'email': 'blocke', 'name': 'blocke'}",834,"{'email': 'chuck', 'name': 'chuck', 'id': 332, 'real_name': 'Chuck Haines'}",FIXED,chuck,2003-02-04T19:42:18Z,High,RESOLVED,,New packages,enhancement,blocke,2002-02-23T18:49:52Z,Gentoo Linux
"{'real_name': 'Matthew Kennedy (RETIRED)', 'id': 538, 'email': 'mkennedy', 'name': 'mkennedy'}",835,"{'email': 'rectrix', 'name': 'rectrix', 'id': 266, 'real_name': 'Tim Hobbs'}",FIXED,rectrix,2003-02-04T19:42:18Z,High,RESOLVED,,New packages,enhancement,mkennedy,2002-02-23T19:23:01Z,Gentoo Linux
"{'id': 13, 'real_name': 'Donny Davies (RETIRED)', 'email': 'woodchip', 'name': 'woodchip'}",836,"{'name': 'felixdv', 'email': 'felixdv', 'id': 333, 'real_name': 'Felix De Vliegher'}",FIXED,felixdv,2003-02-04T19:42:18Z,High,RESOLVED,,New packages,normal,woodchip,2002-02-24T06:54:34Z,Gentoo Linux
"{'id': 8, 'real_name': 'Daniel Robbins (RETIRED)', 'email': 'drobbins', 'name': 'drobbins'}",837,"{'email': 'avi', 'name': 'avi', 'id': 280, 'real_name': 'Avi Schwartz'}",FIXED,avi,2003-02-04T19:42:18Z,High,RESOLVED,,[OLD] Core system,normal,drobbins,2002-02-24T10:25:55Z,Gentoo Linux
"{'email': 'drobbins', 'name': 'drobbins', 'real_name': 'Daniel Robbins (RETIRED)', 'id': 8}",838,"{'name': 'spider.gentoo', 'email': 'spider.gentoo', 'real_name': 'Spider', 'id': 334}",FIXED,spider.gentoo,2003-02-04T19:42:18Z,High,RESOLVED,,New packages,major,drobbins,2002-02-24T17:01:28Z,Gentoo Linux
"{'real_name': 'Bart Verwilst', 'id': 14, 'email': 'bart', 'name': 'bart'}",839,"{'email': 'xaxeusx', 'name': 'xaxeusx', 'id': 274, 'real_name': ''}",DUPLICATE,xaxeusx,2011-10-30T22:19:45Z,High,RESOLVED,888.0,Unclassified,minor,bart,2002-02-24T17:29:20Z,Portage Development
"{'email': 'drobbins', 'name': 'drobbins', 'id': 8, 'real_name': 'Daniel Robbins (RETIRED)'}",840,"{'id': 335, 'real_name': 'marr', 'email': 'jpmarr', 'name': 'jpmarr'}",FIXED,jpmarr,2003-02-04T19:42:18Z,High,RESOLVED,,New packages,normal,drobbins,2002-02-24T18:26:22Z,Gentoo Linux
"{'email': 'g2boojum', 'name': 'g2boojum', 'id': 9, 'real_name': 'Grant Goodyear (RETIRED)'}",841,"{'email': 'eric', 'name': 'eric', 'real_name': 'Eric Floehr', 'id': 337}",FIXED,eric,2003-02-04T19:42:18Z,High,RESOLVED,,Current packages,major,g2boojum,2002-02-24T20:07:40Z,Gentoo Linux
"{'email': 'drobbins', 'name': 'drobbins', 'real_name': 'Daniel Robbins (RETIRED)', 'id': 8}",842,"{'name': 'duncan_lissett', 'email': 'duncan_lissett', 'id': 323, 'real_name': ''}",INVALID,duncan_lissett,2003-02-04T19:42:18Z,High,RESOLVED,,[OLD] Core system,normal,drobbins,2002-02-24T20:13:55Z,Gentoo Linux
"{'real_name': 'Daniel Robbins (RETIRED)', 'id': 8, 'name': 'drobbins', 'email': 'drobbins'}",843,"{'id': 338, 'real_name': 'Howard Powell', 'email': 'hbp4c', 'name': 'hbp4c'}",FIXED,hbp4c,2003-02-04T19:42:18Z,High,RESOLVED,,[OLD] GNOME,normal,drobbins,2002-02-24T21:25:51Z,Gentoo Linux
"{'name': 'drobbins', 'email': 'drobbins', 'id': 8, 'real_name': 'Daniel Robbins (RETIRED)'}",844,"{'real_name': 'Tod M. Neidt (RETIRED)', 'id': 84, 'email': 'tod', 'name': 'tod'}",FIXED,tod,2003-02-04T19:42:18Z,High,RESOLVED,,[OLD] Core system,normal,drobbins,2002-02-25T02:10:59Z,Gentoo Linux
"{'id': 449, 'real_name': 'Spider (RETIRED)', 'name': 'spider', 'email': 'spider'}",845,"{'real_name': 'Gert Menke', 'id': 203, 'email': 'gert', 'name': 'gert'}",FIXED,gert,2003-02-04T19:42:18Z,High,RESOLVED,,New packages,enhancement,spider,2002-02-25T03:40:15Z,Gentoo Linux
"{'email': 'danarmak', 'name': 'danarmak', 'id': 10, 'real_name': 'Dan Armak (RETIRED)'}",846,"{'name': 'avi', 'email': 'avi', 'id': 280, 'real_name': 'Avi Schwartz'}",FIXED,avi,2003-02-04T19:42:18Z,High,RESOLVED,,Current packages,normal,danarmak,2002-02-25T11:26:05Z,Gentoo Linux
"{'email': 'seemant', 'name': 'seemant', 'real_name': 'Seemant Kulleen (RETIRED)', 'id': 399}",847,"{'email': 'jeld', 'name': 'jeld', 'real_name': 'Jeld The Dark Elf', 'id': 55}",FIXED,jeld,2003-02-04T19:42:18Z,High,RESOLVED,,New packages,normal,seemant,2002-02-25T13:58:32Z,Gentoo Linux
"{'real_name': 'Martin Schlemmer (RETIRED)', 'id': 12, 'email': 'azarah', 'name': 'azarah'}",848,"{'id': 334, 'real_name': 'Spider', 'name': 'spider.gentoo', 'email': 'spider.gentoo'}",FIXED,spider.gentoo,2003-02-04T19:42:18Z,High,RESOLVED,,[OLD] Core system,trivial,azarah,2002-02-25T18:59:52Z,Gentoo Linux
"{'real_name': 'Martin Schlemmer (RETIRED)', 'id': 12, 'email': 'azarah', 'name': 'azarah'}",849,"{'real_name': 'Spider', 'id': 334, 'email': 'spider.gentoo', 'name': 'spider.gentoo'}",DUPLICATE,spider.gentoo,2005-07-17T13:06:51Z,High,RESOLVED,738.0,[OLD] Core system,normal,azarah,2002-02-25T19:02:02Z,Gentoo Linux
"{'real_name': 'Tod M. Neidt (RETIRED)', 'id': 84, 'email': 'tod', 'name': 'tod'}",850,"{'name': 'spider.gentoo', 'email': 'spider.gentoo', 'id': 334, 'real_name': 'Spider'}",FIXED,spider.gentoo,2003-02-04T19:42:18Z,High,RESOLVED,,[OLD] Core system,minor,tod,2002-02-25T19:08:00Z,Gentoo Linux
"{'real_name': 'Donny Davies (RETIRED)', 'id': 13, 'name': 'woodchip', 'email': 'woodchip'}",851,"{'id': 276, 'real_name': 'Patrick Flaherty', 'email': 'patrick_flaherty', 'name': 'patrick_flaherty'}",FIXED,patrick_flaherty,2003-02-04T19:42:18Z,High,RESOLVED,,New packages,enhancement,woodchip,2002-02-25T19:23:23Z,Gentoo Linux
"{'real_name': 'Dan Armak (RETIRED)', 'id': 10, 'name': 'danarmak', 'email': 'danarmak'}",852,"{'email': 'spider.gentoo', 'name': 'spider.gentoo', 'id': 334, 'real_name': 'Spider'}",FIXED,spider.gentoo,2003-02-04T19:42:18Z,High,RESOLVED,,[OLD] KDE,trivial,danarmak,2002-02-25T20:19:41Z,Gentoo Linux
"{'name': 'bart', 'email': 'bart', 'id': 14, 'real_name': 'Bart Verwilst'}",853,"{'real_name': 'Michael S Costello (MiscRat)', 'id': 306, 'email': 'fraterm', 'name': 'fraterm'}",FIXED,fraterm,2003-02-04T19:42:18Z,High,VERIFIED,,[OLD] Games,enhancement,bart,2002-02-25T21:13:22Z,Gentoo Linux
"{'id': 14, 'real_name': 'Bart Verwilst', 'name': 'bart', 'email': 'bart'}",854,"{'name': 'fraterm', 'email': 'fraterm', 'id': 306, 'real_name': 'Michael S Costello (MiscRat)'}",FIXED,fraterm,2003-02-04T19:42:18Z,High,VERIFIED,,New packages,enhancement,bart,2002-02-25T22:46:23Z,Gentoo Linux
"{'email': 'drobbins', 'name': 'drobbins', 'id': 8, 'real_name': 'Daniel Robbins (RETIRED)'}",855,"{'real_name': 'Seemant Kulleen', 'id': 254, 'name': 'seemantk', 'email': 'seemantk'}",FIXED,seemantk,2003-02-04T19:42:18Z,High,RESOLVED,,Current packages,enhancement,drobbins,2002-02-26T01:04:10Z,Gentoo Linux
"{'email': 'seemant', 'name': 'seemant', 'id': 399, 'real_name': 'Seemant Kulleen (RETIRED)'}",856,"{'name': 'Boehme.Silvio', 'email': 'Boehme.Silvio', 'id': 117, 'real_name': 'Silvio Boehme'}",FIXED,Boehme.Silvio,2002-05-22T06:47:46Z,High,RESOLVED,,New packages,normal,seemant,2002-02-26T02:08:26Z,Gentoo Linux
"{'name': 'azarah', 'email': 'azarah', 'id': 12, 'real_name': 'Martin Schlemmer (RETIRED)'}",857,"{'real_name': 'Erick', 'id': 339, 'email': 'fejta', 'name': 'fejta'}",FIXED,fejta,2003-08-03T10:11:59Z,High,RESOLVED,,[OLD] GNOME,normal,azarah,2002-02-26T04:25:48Z,Gentoo Linux
"{'real_name': 'Karl Trygve Kalleberg (RETIRED)', 'id': 19, 'name': 'karltk', 'email': 'karltk'}",858,"{'email': 'spider.gentoo', 'name': 'spider.gentoo', 'id': 334, 'real_name': 'Spider'}",FIXED,spider.gentoo,2003-02-04T19:42:18Z,High,RESOLVED,,New packages,normal,karltk,2002-02-26T06:01:02Z,Gentoo Linux
"{'email': 'woodchip', 'name': 'woodchip', 'real_name': 'Donny Davies (RETIRED)', 'id': 13}",859,"{'name': 'ace', 'email': 'ace', 'real_name': 'Asbjorn Sannes', 'id': 340}",FIXED,ace,2003-02-04T19:42:18Z,High,RESOLVED,,New packages,enhancement,woodchip,2002-02-26T06:07:43Z,Gentoo Linux
"{'real_name': 'Matthew Kennedy (RETIRED)', 'id': 538, 'name': 'mkennedy', 'email': 'mkennedy'}",860,"{'name': 'spider.gentoo', 'email': 'spider.gentoo', 'real_name': 'Spider', 'id': 334}",FIXED,spider.gentoo,2003-02-04T19:42:18Z,High,RESOLVED,,New packages,enhancement,mkennedy,2002-02-26T07:18:28Z,Gentoo Linux
"{'name': 'g2boojum', 'email': 'g2boojum', 'id': 9, 'real_name': 'Grant Goodyear (RETIRED)'}",861,"{'name': 'spider.gentoo', 'email': 'spider.gentoo', 'id': 334, 'real_name': 'Spider'}",FIXED,spider.gentoo,2003-02-04T19:42:18Z,High,RESOLVED,,New packages,normal,g2boojum,2002-02-26T07:35:00Z,Gentoo Linux
"{'id': 84, 'real_name': 'Tod M. Neidt (RETIRED)', 'email': 'tod', 'name': 'tod'}",862,"{'real_name': 'jochem prins', 'id': 177, 'name': 'j.prins', 'email': 'j.prins'}",FIXED,j.prins,2003-02-04T19:42:18Z,High,RESOLVED,,New packages,blocker,tod,2002-02-26T08:05:35Z,Gentoo Linux
"{'name': 'drobbins', 'email': 'drobbins', 'id': 8, 'real_name': 'Daniel Robbins (RETIRED)'}",863,"{'name': 'spider.gentoo', 'email': 'spider.gentoo', 'real_name': 'Spider', 'id': 334}",FIXED,spider.gentoo,2003-02-04T19:42:18Z,High,RESOLVED,,New packages,trivial,drobbins,2002-02-26T09:06:20Z,Gentoo Linux
"{'id': 14, 'real_name': 'Bart Verwilst', 'name': 'bart', 'email': 'bart'}",864,"{'id': 334, 'real_name': 'Spider', 'email': 'spider.gentoo', 'name': 'spider.gentoo'}",FIXED,spider.gentoo,2003-04-04T01:24:31Z,High,RESOLVED,,New packages,enhancement,bart,2002-02-26T11:26:13Z,Gentoo Linux
"{'name': 'drobbins', 'email': 'drobbins', 'real_name': 'Daniel Robbins (RETIRED)', 'id': 8}",865,"{'email': 'spider.gentoo', 'name': 'spider.gentoo', 'real_name': 'Spider', 'id': 334}",FIXED,spider.gentoo,2011-10-30T22:22:04Z,High,RESOLVED,,Unclassified,enhancement,drobbins,2002-02-26T11:29:28Z,Portage Development
"{'id': 8, 'real_name': 'Daniel Robbins (RETIRED)', 'email': 'drobbins', 'name': 'drobbins'}",866,"{'name': 'spider.gentoo', 'email': 'spider.gentoo', 'real_name': 'Spider', 'id': 334}",FIXED,spider.gentoo,2003-02-04T19:42:18Z,High,RESOLVED,,New packages,enhancement,drobbins,2002-02-26T12:52:37Z,Gentoo Linux
"{'email': 'blocke', 'name': 'blocke', 'id': 171, 'real_name': 'Bruce A. Locke (RETIRED)'}",867,"{'name': 'robm', 'email': 'robm', 'real_name': 'Rob McMullen', 'id': 267}",FIXED,robm,2003-02-04T19:42:18Z,High,RESOLVED,,New packages,enhancement,blocke,2002-02-26T15:08:01Z,Gentoo Linux
"{'id': 8, 'real_name': 'Daniel Robbins (RETIRED)', 'email': 'drobbins', 'name': 'drobbins'}",868,"{'real_name': 'Spider', 'id': 334, 'email': 'spider.gentoo', 'name': 'spider.gentoo'}",FIXED,spider.gentoo,2011-10-30T22:21:45Z,High,RESOLVED,,Unclassified,critical,drobbins,2002-02-26T16:04:06Z,Portage Development
"{'name': 'danarmak', 'email': 'danarmak', 'id': 10, 'real_name': 'Dan Armak (RETIRED)'}",869,"{'real_name': 'Maciek', 'id': 90, 'email': 'MacBerry', 'name': 'MacBerry'}",FIXED,MacBerry,2002-03-15T06:38:40Z,High,RESOLVED,,New packages,enhancement,danarmak,2002-02-26T16:42:58Z,Gentoo Linux
"{'real_name': 'Daniel Robbins (RETIRED)', 'id': 8, 'email': 'drobbins', 'name': 'drobbins'}",870,"{'name': 'tvon', 'email': 'tvon', 'id': 20, 'real_name': 'Tom von Schwerdtner'}",FIXED,tvon,2002-03-15T11:42:03Z,High,RESOLVED,,Current packages,enhancement,drobbins,2002-02-26T18:25:37Z,Gentoo Linux
"{'real_name': 'Daniel Robbins (RETIRED)', 'id': 8, 'email': 'drobbins', 'name': 'drobbins'}",871,"{'name': 'markinho', 'email': 'markinho', 'real_name': 'Markinho', 'id': 327}",FIXED,markinho,2003-02-04T19:42:18Z,High,RESOLVED,,Current packages,normal,drobbins,2002-02-26T18:30:49Z,Gentoo Linux
"{'real_name': 'Martin Schlemmer (RETIRED)', 'id': 12, 'email': 'azarah', 'name': 'azarah'}",872,"{'id': 334, 'real_name': 'Spider', 'name': 'spider.gentoo', 'email': 'spider.gentoo'}",FIXED,spider.gentoo,2003-02-04T19:42:18Z,High,RESOLVED,,New packages,enhancement,azarah,2002-02-26T19:04:16Z,Gentoo Linux
"{'name': 'agriffis', 'email': 'agriffis', 'real_name': 'Aron Griffis (RETIRED)', 'id': 35}",873,"{'email': 'chouser', 'name': 'chouser', 'real_name': 'chouser (RETIRED)', 'id': 11}",FIXED,chouser,2003-02-04T19:42:18Z,High,RESOLVED,,Current packages,normal,agriffis,2002-02-26T21:08:23Z,Gentoo Linux
"{'id': 9, 'real_name': 'Grant Goodyear (RETIRED)', 'name': 'g2boojum', 'email': 'g2boojum'}",874,"{'name': 'dsmdragon', 'email': 'dsmdragon', 'id': 242, 'real_name': 'Michael Kaufman'}",FIXED,dsmdragon,2003-02-04T19:42:18Z,High,RESOLVED,,[OLD] Library,major,g2boojum,2002-02-27T00:23:04Z,Gentoo Linux
"{'real_name': 'Seemant Kulleen', 'id': 254, 'name': 'seemantk', 'email': 'seemantk'}",875,"{'real_name': 'Seemant Kulleen', 'id': 254, 'email': 'seemantk', 'name': 'seemantk'}",FIXED,seemantk,2003-02-04T19:42:18Z,High,RESOLVED,,New packages,enhancement,seemantk,2002-02-27T07:54:40Z,Gentoo Linux
"{'name': 'drobbins', 'email': 'drobbins', 'real_name': 'Daniel Robbins (RETIRED)', 'id': 8}",876,"{'id': 324, 'real_name': 'Thilo Bangert (RETIRED) (RETIRED)', 'name': 'bangert', 'email': 'bangert'}",FIXED,bangert,2003-02-04T19:42:18Z,High,RESOLVED,,New packages,enhancement,drobbins,2002-02-27T09:11:05Z,Gentoo Linux
"{'name': 'drobbins', 'email': 'drobbins', 'real_name': 'Daniel Robbins (RETIRED)', 'id': 8}",877,"{'email': 'msensney', 'name': 'msensney', 'id': 343, 'real_name': 'Mike Sensney'}",FIXED,msensney,2003-02-04T19:42:18Z,High,RESOLVED,,New packages,normal,drobbins,2002-02-27T10:29:22Z,Gentoo Linux
"{'email': 'blocke', 'name': 'blocke', 'real_name': 'Bruce A. Locke (RETIRED)', 'id': 171}",878,"{'real_name': 'Michael M Nazaroff (RETIRED)', 'id': 256, 'name': 'naz', 'email': 'naz'}",FIXED,naz,2002-02-27T18:31:13Z,High,RESOLVED,,New packages,enhancement,blocke,2002-02-27T15:47:19Z,Gentoo Linux
"{'email': 'azarah', 'name': 'azarah', 'real_name': 'Martin Schlemmer (RETIRED)', 'id': 12}",879,"{'id': 346, 'real_name': 'Arnaud de Villèle', 'name': 'arakeis', 'email': 'arakeis'}",FIXED,arakeis,2003-02-04T19:42:18Z,High,RESOLVED,,[OLD] Unspecified,normal,azarah,2002-02-27T16:25:15Z,Gentoo Linux
"{'email': 'tod', 'name': 'tod', 'id': 84, 'real_name': 'Tod M. Neidt (RETIRED)'}",880,"{'email': 'jesse', 'name': 'jesse', 'real_name': 'Jesse', 'id': 164}",FIXED,jesse,2003-04-04T01:25:02Z,High,RESOLVED,,New packages,enhancement,tod,2002-02-27T17:43:56Z,Gentoo Linux
"{'email': 'danarmak', 'name': 'danarmak', 'id': 10, 'real_name': 'Dan Armak (RETIRED)'}",881,"{'email': 'ergodiczone', 'name': 'ergodiczone', 'id': 347, 'real_name': 'AC'}",FIXED,ergodiczone,2003-02-04T19:42:18Z,High,RESOLVED,,New packages,enhancement,danarmak,2002-02-27T18:24:23Z,Gentoo Linux
"{'name': 'karltk', 'email': 'karltk', 'id': 19, 'real_name': 'Karl Trygve Kalleberg (RETIRED)'}",882,"{'email': 'aaron', 'name': 'aaron', 'real_name': 'Aaron Malone', 'id': 123}",FIXED,aaron,2003-02-04T19:42:18Z,Normal,RESOLVED,,New packages,enhancement,karltk,2002-02-27T18:53:31Z,Gentoo Linux
"{'id': 399, 'real_name': 'Seemant Kulleen (RETIRED)', 'email': 'seemant', 'name': 'seemant'}",883,"{'name': 'orkim', 'email': 'orkim', 'real_name': 'Doug Miller', 'id': 252}",FIXED,orkim,2003-02-04T19:42:18Z,High,RESOLVED,,New packages,normal,seemant,2002-02-27T19:18:42Z,Gentoo Linux
"{'real_name': 'Martin Schlemmer (RETIRED)', 'id': 12, 'name': 'azarah', 'email': 'azarah'}",884,"{'real_name': 'Chris Piro', 'id': 331, 'name': 'cpiro', 'email': 'cpiro'}",FIXED,cpiro,2003-02-04T19:42:18Z,High,RESOLVED,,[OLD] GNOME,normal,azarah,2002-02-27T21:36:22Z,Gentoo Linux
"{'real_name': 'Bruce A. Locke (RETIRED)', 'id': 171, 'name': 'blocke', 'email': 'blocke'}",885,"{'real_name': 'JR Boyens', 'id': 125, 'name': 'jboyens', 'email': 'jboyens'}",FIXED,jboyens,2003-02-04T19:42:18Z,High,RESOLVED,,Current packages,major,blocke,2002-02-27T23:00:14Z,Gentoo Linux
"{'name': 'azarah', 'email': 'azarah', 'id': 12, 'real_name': 'Martin Schlemmer (RETIRED)'}",886,"{'id': 314, 'real_name': 'Jacob Perkins', 'name': 'source', 'email': 'source'}",FIXED,source,2003-02-04T19:42:18Z,High,RESOLVED,,Current packages,normal,azarah,2002-02-27T23:13:48Z,Gentoo Linux
"{'email': 'blocke', 'name': 'blocke', 'id': 171, 'real_name': 'Bruce A. Locke (RETIRED)'}",887,"{'email': 'naz', 'name': 'naz', 'id': 256, 'real_name': 'Michael M Nazaroff (RETIRED)'}",FIXED,naz,2002-10-13T03:36:32Z,High,RESOLVED,,New packages,enhancement,blocke,2002-02-28T01:30:46Z,Gentoo Linux
"{'email': 'tod', 'name': 'tod', 'id': 84, 'real_name': 'Tod M. Neidt (RETIRED)'}",888,"{'id': 327, 'real_name': 'Markinho', 'email': 'markinho', 'name': 'markinho'}",FIXED,markinho,2014-02-23T03:58:33Z,High,RESOLVED,,Current packages,normal,tod,2002-02-28T02:38:40Z,Gentoo Linux
"{'email': 'drobbins', 'name': 'drobbins', 'id': 8, 'real_name': 'Daniel Robbins (RETIRED)'}",889,"{'real_name': 'Robert Blyler', 'id': 264, 'email': 'trilliji', 'name': 'trilliji'}",FIXED,trilliji,2003-02-04T19:42:18Z,Highest,RESOLVED,,[OLD] GNOME,blocker,drobbins,2002-02-28T05:14:11Z,Gentoo Linux
"{'id': 5, 'real_name': 'Geert Bevin', 'name': 'gbevin', 'email': 'gbevin'}",890,"{'name': 'awaschb', 'email': 'awaschb', 'real_name': 'Andreas Waschbuesch', 'id': 348}",FIXED,awaschb,2003-02-04T19:42:18Z,High,RESOLVED,,New packages,normal,gbevin,2002-02-28T07:14:49Z,Gentoo Linux
"{'real_name': 'Daniel Robbins (RETIRED)', 'id': 8, 'email': 'drobbins', 'name': 'drobbins'}",891,"{'real_name': 'Cal Evans', 'id': 349, 'email': 'cal', 'name': 'cal'}",FIXED,cal,2003-02-04T19:42:18Z,High,RESOLVED,,New packages,enhancement,drobbins,2002-02-28T08:10:37Z,Gentoo Linux
"{'id': 399, 'real_name': 'Seemant Kulleen (RETIRED)', 'name': 'seemant', 'email': 'seemant'}",892,"{'id': 254, 'real_name': 'Seemant Kulleen', 'name': 'seemantk', 'email': 'seemantk'}",FIXED,seemantk,2003-02-04T19:42:18Z,High,RESOLVED,,Current packages,normal,seemant,2002-02-28T08:38:20Z,Gentoo Linux
"{'email': 'seemant', 'name': 'seemant', 'id': 399, 'real_name': 'Seemant Kulleen (RETIRED)'}",893,"{'email': 'j.prins', 'name': 'j.prins', 'real_name': 'jochem prins', 'id': 177}",FIXED,j.prins,2003-02-04T19:42:18Z,High,RESOLVED,,New packages,normal,seemant,2002-02-28T09:26:09Z,Gentoo Linux
"{'id': 538, 'real_name': 'Matthew Kennedy (RETIRED)', 'name': 'mkennedy', 'email': 'mkennedy'}",894,"{'name': 'mikpolniak', 'email': 'mikpolniak', 'real_name': 'mikepolniak', 'id': 250}",FIXED,mikpolniak,2003-02-04T19:42:18Z,High,RESOLVED,,New packages,enhancement,mkennedy,2002-02-28T11:34:11Z,Gentoo Linux
"{'id': 12, 'real_name': 'Martin Schlemmer (RETIRED)', 'name': 'azarah', 'email': 'azarah'}",895,"{'name': 'spider.gentoo', 'email': 'spider.gentoo', 'real_name': 'Spider', 'id': 334}",FIXED,spider.gentoo,2003-02-04T19:42:18Z,High,RESOLVED,,New packages,minor,azarah,2002-02-28T14:14:42Z,Gentoo Linux
"{'real_name': 'Michael M Nazaroff (RETIRED)', 'id': 256, 'name': 'naz', 'email': 'naz'}",896,"{'id': 256, 'real_name': 'Michael M Nazaroff (RETIRED)', 'email': 'naz', 'name': 'naz'}",FIXED,naz,2002-08-04T23:59:51Z,High,RESOLVED,,New packages,enhancement,naz,2002-02-28T15:37:44Z,Gentoo Linux
"{'id': 900, 'real_name': 'SpanKY (RETIRED)', 'email': 'vapier', 'name': 'vapier'}",897,"{'name': 'kloen', 'email': 'kloen', 'id': 350, 'real_name': 'Hagabard'}",FIXED,kloen,2003-02-04T19:42:18Z,High,RESOLVED,,Current packages,enhancement,vapier,2002-02-28T16:09:42Z,Gentoo Linux
"{'email': 'woodchip', 'name': 'woodchip', 'real_name': 'Donny Davies (RETIRED)', 'id': 13}",898,"{'email': 'bangert', 'name': 'bangert', 'real_name': 'Thilo Bangert (RETIRED) (RETIRED)', 'id': 324}",FIXED,bangert,2013-03-06T02:22:12Z,High,RESOLVED,,New packages,normal,woodchip,2002-02-28T16:09:53Z,Gentoo Linux
"{'real_name': 'Bart Verwilst', 'id': 14, 'email': 'bart', 'name': 'bart'}",899,"{'email': 'naz', 'name': 'naz', 'real_name': 'Michael M Nazaroff (RETIRED)', 'id': 256}",FIXED,naz,2002-08-04T23:58:52Z,High,RESOLVED,,New packages,enhancement,bart,2002-02-28T18:17:32Z,Gentoo Linux
"{'real_name': 'Daniel Robbins (RETIRED)', 'id': 8, 'email': 'drobbins', 'name': 'drobbins'}",900,"{'email': 'seemantk', 'name': 'seemantk', 'real_name': 'Seemant Kulleen', 'id': 254}",FIXED,seemantk,2003-02-04T19:42:18Z,High,RESOLVED,,Current packages,enhancement,drobbins,2002-02-28T20:24:54Z,Gentoo Linux
"{'real_name': 'Michael M Nazaroff (RETIRED)', 'id': 256, 'email': 'naz', 'name': 'naz'}",901,"{'email': 'seemantk', 'name': 'seemantk', 'id': 254, 'real_name': 'Seemant Kulleen'}",FIXED,seemantk,2003-05-06T16:06:46Z,High,RESOLVED,,Current packages,enhancement,naz,2002-02-28T21:29:49Z,Gentoo Linux
"{'email': 'blocke', 'name': 'blocke', 'real_name': 'Bruce A. Locke (RETIRED)', 'id': 171}",902,"{'id': 351, 'real_name': 'Troy Dack', 'name': 'troy', 'email': 'troy'}",FIXED,troy,2003-02-04T19:42:18Z,High,RESOLVED,,New packages,enhancement,blocke,2002-02-28T23:44:34Z,Gentoo Linux
"{'email': 'blocke', 'name': 'blocke', 'id': 171, 'real_name': 'Bruce A. Locke (RETIRED)'}",903,"{'id': 351, 'real_name': 'Troy Dack', 'name': 'troy', 'email': 'troy'}",FIXED,troy,2003-02-04T19:42:18Z,High,RESOLVED,,New packages,enhancement,blocke,2002-02-28T23:50:57Z,Gentoo Linux
"{'name': 'grandmasterlinux', 'email': 'grandmasterlinux', 'real_name': 'Nick Hadaway', 'id': 1668}",904,"{'email': 'nohar', 'name': 'nohar', 'id': 352, 'real_name': 'Arnaud Cornet'}",FIXED,nohar,2003-02-04T19:42:18Z,High,RESOLVED,,New packages,enhancement,grandmasterlinux,2002-03-01T05:03:12Z,Gentoo Linux
"{'email': 'agenkin', 'name': 'agenkin', 'id': 286, 'real_name': 'Arcady Genkin (RETIRED)'}",905,"{'email': 'seemantk', 'name': 'seemantk', 'real_name': 'Seemant Kulleen', 'id': 254}",FIXED,seemantk,2003-02-04T19:42:18Z,High,RESOLVED,,New packages,normal,agenkin,2002-03-01T06:09:42Z,Gentoo Linux
"{'name': 'seemant', 'email': 'seemant', 'id': 399, 'real_name': 'Seemant Kulleen (RETIRED)'}",906,"{'name': 'seemantk', 'email': 'seemantk', 'id': 254, 'real_name': 'Seemant Kulleen'}",FIXED,seemantk,2003-02-04T19:42:18Z,High,RESOLVED,,Current packages,enhancement,seemant,2002-03-01T06:32:59Z,Gentoo Linux
"{'id': 8, 'real_name': 'Daniel Robbins (RETIRED)', 'email': 'drobbins', 'name': 'drobbins'}",907,"{'real_name': 'phoen][x', 'id': 211, 'email': 'fisi.tilman.klar', 'name': 'fisi.tilman.klar'}",FIXED,fisi.tilman.klar,2003-02-04T19:42:18Z,High,RESOLVED,,New packages,normal,drobbins,2002-03-01T11:28:14Z,Gentoo Linux
"{'name': 'mkennedy', 'email': 'mkennedy', 'real_name': 'Matthew Kennedy (RETIRED)', 'id': 538}",908,"{'real_name': 'phoen][x', 'id': 211, 'email': 'fisi.tilman.klar', 'name': 'fisi.tilman.klar'}",FIXED,fisi.tilman.klar,2003-02-04T19:42:18Z,High,RESOLVED,,New packages,normal,mkennedy,2002-03-01T11:32:34Z,Gentoo Linux
"{'email': 'blocke', 'name': 'blocke', 'id': 171, 'real_name': 'Bruce A. Locke (RETIRED)'}",909,"{'real_name': 'Daryl Stimm', 'id': 354, 'name': 'daryl', 'email': 'daryl'}",FIXED,daryl,2003-02-04T19:42:18Z,High,RESOLVED,,Current packages,normal,blocke,2002-03-01T12:09:39Z,Gentoo Linux
"{'real_name': 'Jon Nelson (RETIRED)', 'id': 283, 'name': 'jnelson', 'email': 'jnelson'}",910,"{'email': 'zach', 'name': 'zach', 'real_name': 'Zach Forrest', 'id': 353}",FIXED,zach,2003-02-04T19:42:18Z,High,RESOLVED,,New packages,enhancement,jnelson,2002-03-01T12:58:07Z,Gentoo Linux
"{'email': 'karltk', 'name': 'karltk', 'real_name': 'Karl Trygve Kalleberg (RETIRED)', 'id': 19}",911,"{'id': 353, 'real_name': 'Zach Forrest', 'name': 'zach', 'email': 'zach'}",FIXED,zach,2003-02-04T19:42:18Z,High,RESOLVED,,New packages,normal,karltk,2002-03-01T13:03:26Z,Gentoo Linux
"{'name': 'mkennedy', 'email': 'mkennedy', 'real_name': 'Matthew Kennedy (RETIRED)', 'id': 538}",912,"{'real_name': 'phoen][x', 'id': 211, 'email': 'fisi.tilman.klar', 'name': 'fisi.tilman.klar'}",FIXED,fisi.tilman.klar,2003-02-04T19:42:18Z,High,RESOLVED,,New packages,normal,mkennedy,2002-03-01T13:35:00Z,Gentoo Linux
"{'id': 19, 'real_name': 'Karl Trygve Kalleberg (RETIRED)', 'email': 'karltk', 'name': 'karltk'}",913,"{'real_name': 'Matthew Kennedy', 'id': 228, 'email': 'mbkennedy', 'name': 'mbkennedy'}",FIXED,mbkennedy,2003-02-04T19:42:18Z,High,RESOLVED,,New packages,enhancement,karltk,2002-03-01T14:15:28Z,Gentoo Linux
"{'id': 8, 'real_name': 'Daniel Robbins (RETIRED)', 'name': 'drobbins', 'email': 'drobbins'}",914,"{'real_name': 'Seemant Kulleen', 'id': 254, 'email': 'seemantk', 'name': 'seemantk'}",FIXED,seemantk,2003-02-04T19:42:18Z,High,RESOLVED,,Current packages,enhancement,drobbins,2002-03-01T14:27:34Z,Gentoo Linux
"{'email': 'g2boojum', 'name': 'g2boojum', 'real_name': 'Grant Goodyear (RETIRED)', 'id': 9}",915,"{'name': 'duncan_lissett', 'email': 'duncan_lissett', 'id': 323, 'real_name': ''}",FIXED,duncan_lissett,2003-02-04T19:42:18Z,High,VERIFIED,,Other,enhancement,g2boojum,2002-03-01T15:36:33Z,[OLD] Docs-user
"{'real_name': 'Seemant Kulleen (RETIRED)', 'id': 399, 'name': 'seemant', 'email': 'seemant'}",916,"{'email': 'felix', 'name': 'felix', 'id': 345, 'real_name': 'Felix Kurth'}",FIXED,felix,2003-02-04T19:42:18Z,High,RESOLVED,,Current packages,normal,seemant,2002-03-01T16:21:59Z,Gentoo Linux
"{'id': 19, 'real_name': 'Karl Trygve Kalleberg (RETIRED)', 'email': 'karltk', 'name': 'karltk'}",917,"{'name': 'gentoo', 'email': 'gentoo', 'real_name': 'Tuurlijk!', 'id': 356}",FIXED,gentoo,2004-09-21T10:42:13Z,High,RESOLVED,,New packages,enhancement,karltk,2002-03-01T17:21:58Z,Gentoo Linux
"{'email': 'karltk', 'name': 'karltk', 'id': 19, 'real_name': 'Karl Trygve Kalleberg (RETIRED)'}",918,"{'email': 'gentoo', 'name': 'gentoo', 'id': 356, 'real_name': 'Tuurlijk!'}",FIXED,gentoo,2003-02-04T19:42:18Z,High,RESOLVED,,New packages,enhancement,karltk,2002-03-01T17:35:51Z,Gentoo Linux
"{'name': 'g2boojum', 'email': 'g2boojum', 'real_name': 'Grant Goodyear (RETIRED)', 'id': 9}",919,"{'name': 'duncan_lissett', 'email': 'duncan_lissett', 'id': 323, 'real_name': ''}",FIXED,duncan_lissett,2002-12-15T21:08:36Z,High,VERIFIED,,Other,enhancement,g2boojum,2002-03-01T18:23:42Z,[OLD] Docs-user
"{'email': 'drobbins', 'name': 'drobbins', 'id': 8, 'real_name': 'Daniel Robbins (RETIRED)'}",920,"{'email': 'g2boojum', 'name': 'g2boojum', 'real_name': 'Grant Goodyear (RETIRED)', 'id': 9}",FIXED,g2boojum,2011-10-30T22:20:14Z,High,RESOLVED,,Unclassified,normal,drobbins,2002-03-01T19:23:55Z,Portage Development
"{'id': 8, 'real_name': 'Daniel Robbins (RETIRED)', 'name': 'drobbins', 'email': 'drobbins'}",921,"{'real_name': 'Donny Davies (RETIRED)', 'id': 13, 'name': 'woodchip', 'email': 'woodchip'}",FIXED,woodchip,2003-02-04T19:42:18Z,Normal,RESOLVED,,[OLD] Library,major,drobbins,2002-03-01T20:35:51Z,Gentoo Linux
"{'email': 'drobbins', 'name': 'drobbins', 'id': 8, 'real_name': 'Daniel Robbins (RETIRED)'}",922,"{'name': 'cpiro', 'email': 'cpiro', 'id': 331, 'real_name': 'Chris Piro'}",FIXED,cpiro,2011-10-30T22:18:12Z,High,RESOLVED,,Unclassified,trivial,drobbins,2002-03-01T22:23:58Z,Portage Development
"{'email': 'seemant', 'name': 'seemant', 'id': 399, 'real_name': 'Seemant Kulleen (RETIRED)'}",923,"{'real_name': 'Seemant Kulleen', 'id': 254, 'email': 'seemantk', 'name': 'seemantk'}",FIXED,seemantk,2003-02-04T19:42:18Z,High,RESOLVED,,Current packages,enhancement,seemant,2002-03-02T03:07:41Z,Gentoo Linux
"{'id': 19, 'real_name': 'Karl Trygve Kalleberg (RETIRED)', 'email': 'karltk', 'name': 'karltk'}",924,"{'id': 19, 'real_name': 'Karl Trygve Kalleberg (RETIRED)', 'email': 'karltk', 'name': 'karltk'}",FIXED,karltk,2003-02-04T19:42:18Z,High,RESOLVED,,Current packages,normal,karltk,2002-03-02T03:39:15Z,Gentoo Linux
"{'id': 19, 'real_name': 'Karl Trygve Kalleberg (RETIRED)', 'email': 'karltk', 'name': 'karltk'}",925,"{'email': 'gentoo', 'name': 'gentoo', 'id': 356, 'real_name': 'Tuurlijk!'}",FIXED,gentoo,2003-02-04T19:42:18Z,High,RESOLVED,,New packages,enhancement,karltk,2002-03-02T04:46:17Z,Gentoo Linux
"{'real_name': 'Arcady Genkin (RETIRED)', 'id': 286, 'name': 'agenkin', 'email': 'agenkin'}",926,"{'id': 211, 'real_name': 'phoen][x', 'name': 'fisi.tilman.klar', 'email': 'fisi.tilman.klar'}",FIXED,fisi.tilman.klar,2003-02-04T19:42:18Z,High,RESOLVED,,[OLD] Unspecified,normal,agenkin,2002-03-02T05:00:37Z,Gentoo Linux
"{'id': 171, 'real_name': 'Bruce A. Locke (RETIRED)', 'email': 'blocke', 'name': 'blocke'}",927,"{'email': 'fisi.tilman.klar', 'name': 'fisi.tilman.klar', 'real_name': 'phoen][x', 'id': 211}",FIXED,fisi.tilman.klar,2003-02-04T19:42:18Z,High,RESOLVED,,New packages,major,blocke,2002-03-02T06:02:19Z,Gentoo Linux
"{'email': 'bangert', 'name': 'bangert', 'id': 324, 'real_name': 'Thilo Bangert (RETIRED) (RETIRED)'}",928,"{'id': 324, 'real_name': 'Thilo Bangert (RETIRED) (RETIRED)', 'email': 'bangert', 'name': 'bangert'}",INVALID,bangert,2002-05-06T18:20:11Z,High,RESOLVED,,New packages,normal,bangert,2002-03-02T09:26:05Z,Gentoo Linux
"{'id': 12, 'real_name': 'Martin Schlemmer (RETIRED)', 'email': 'azarah', 'name': 'azarah'}",929,"{'email': 'jnelson', 'name': 'jnelson', 'real_name': 'Jon Nelson (RETIRED)', 'id': 283}",FIXED,jnelson,2003-02-04T19:42:18Z,High,RESOLVED,,Current packages,critical,azarah,2002-03-02T13:28:47Z,Gentoo Linux
"{'real_name': 'Daniel Robbins (RETIRED)', 'id': 8, 'email': 'drobbins', 'name': 'drobbins'}",930,"{'real_name': 'Dan Armak (RETIRED)', 'id': 10, 'email': 'danarmak', 'name': 'danarmak'}",FIXED,danarmak,2024-06-24T06:12:01Z,High,RESOLVED,,Unclassified,trivial,drobbins,2002-03-02T13:33:34Z,Portage Development
"{'id': 8, 'real_name': 'Daniel Robbins (RETIRED)', 'email': 'drobbins', 'name': 'drobbins'}",931,"{'name': 'coder', 'email': 'coder', 'real_name': 'Ilian Zarov', 'id': 25}",FIXED,coder,2003-02-04T19:42:18Z,High,RESOLVED,,New packages,enhancement,drobbins,2002-03-02T14:51:38Z,Gentoo Linux
"{'name': 'azarah', 'email': 'azarah', 'id': 12, 'real_name': 'Martin Schlemmer (RETIRED)'}",932,"{'email': 'jim', 'name': 'jim', 'real_name': 'jim', 'id': 74}",FIXED,jim,2002-03-03T15:26:08Z,High,RESOLVED,,New packages,normal,azarah,2002-03-02T17:41:35Z,Gentoo Linux
"{'real_name': 'Geert Bevin', 'id': 5, 'email': 'gbevin', 'name': 'gbevin'}",933,"{'id': 357, 'real_name': 'Bryce Allen', 'name': 'ballen', 'email': 'ballen'}",FIXED,ballen,2011-10-30T22:18:38Z,High,RESOLVED,,Unclassified,trivial,gbevin,2002-03-02T17:44:25Z,Portage Development
"{'name': 'agriffis', 'email': 'agriffis', 'real_name': 'Aron Griffis (RETIRED)', 'id': 35}",934,"{'email': 'smoynes', 'name': 'smoynes', 'real_name': 'Scott Moynes', 'id': 236}",FIXED,smoynes,2003-02-04T19:42:18Z,High,RESOLVED,,Current packages,major,agriffis,2002-03-02T23:11:06Z,Gentoo Linux
"{'name': 'drobbins', 'email': 'drobbins', 'id': 8, 'real_name': 'Daniel Robbins (RETIRED)'}",935,"{'name': 'pvdabeel', 'email': 'pvdabeel', 'real_name': 'Pieter Van den Abeele', 'id': 358}",FIXED,pvdabeel,2003-02-04T19:42:18Z,High,RESOLVED,,[OLD] Unspecified,normal,drobbins,2002-03-03T03:27:10Z,Gentoo Linux
"{'real_name': 'Bruce A. Locke (RETIRED)', 'id': 171, 'email': 'blocke', 'name': 'blocke'}",936,"{'id': 211, 'real_name': 'phoen][x', 'name': 'fisi.tilman.klar', 'email': 'fisi.tilman.klar'}",FIXED,fisi.tilman.klar,2003-02-04T19:42:18Z,High,RESOLVED,,[OLD] Unspecified,normal,blocke,2002-03-03T04:38:42Z,Gentoo Linux
"{'id': 399, 'real_name': 'Seemant Kulleen (RETIRED)', 'name': 'seemant', 'email': 'seemant'}",937,"{'real_name': 'Seemant Kulleen', 'id': 254, 'name': 'seemantk', 'email': 'seemantk'}",FIXED,seemantk,2003-02-04T19:42:18Z,High,RESOLVED,,Current packages,normal,seemant,2002-03-03T04:45:23Z,Gentoo Linux
"{'email': 'bart', 'name': 'bart', 'id': 14, 'real_name': 'Bart Verwilst'}",938,"{'name': 'ekarttun', 'email': 'ekarttun', 'real_name': 'Einar Karttunen', 'id': 7}",FIXED,ekarttun,2003-01-28T00:30:44Z,High,RESOLVED,,New packages,minor,bart,2002-03-03T05:11:54Z,Gentoo Linux
"{'name': 'drobbins', 'email': 'drobbins', 'id': 8, 'real_name': 'Daniel Robbins (RETIRED)'}",939,"{'name': 'bob.paddock', 'email': 'bob.paddock', 'id': 359, 'real_name': 'Bob Paddock'}",FIXED,bob.paddock,2003-02-04T19:42:18Z,High,VERIFIED,,Other,normal,drobbins,2002-03-03T07:04:53Z,[OLD] Docs-user
"{'id': 9, 'real_name': 'Grant Goodyear (RETIRED)', 'email': 'g2boojum', 'name': 'g2boojum'}",940,"{'id': 359, 'real_name': 'Bob Paddock', 'email': 'bob.paddock', 'name': 'bob.paddock'}",FIXED,bob.paddock,2003-02-04T19:42:18Z,High,VERIFIED,,Other,normal,g2boojum,2002-03-03T07:11:44Z,[OLD] Docs-user
"{'real_name': 'Daniel Robbins (RETIRED)', 'id': 8, 'email': 'drobbins', 'name': 'drobbins'}",941,"{'real_name': 'Lars S. Jensen', 'id': 76, 'name': 'larssj', 'email': 'larssj'}",FIXED,larssj,2003-02-04T19:42:18Z,High,RESOLVED,,[OLD] GNOME,normal,drobbins,2002-03-03T07:24:15Z,Gentoo Linux
"{'email': 'agenkin', 'name': 'agenkin', 'id': 286, 'real_name': 'Arcady Genkin (RETIRED)'}",942,"{'real_name': 'Johannes Findeisen', 'id': 341, 'name': 'you', 'email': 'you'}",FIXED,you,2003-02-04T19:42:18Z,High,RESOLVED,,New packages,normal,agenkin,2002-03-03T08:23:11Z,Gentoo Linux
"{'real_name': 'Karl Trygve Kalleberg (RETIRED)', 'id': 19, 'email': 'karltk', 'name': 'karltk'}",943,"{'email': 'mettlerd', 'name': 'mettlerd', 'real_name': 'Daniel Mettler', 'id': 88}",FIXED,mettlerd,2003-02-04T19:42:18Z,High,RESOLVED,,New packages,normal,karltk,2002-03-03T11:38:44Z,Gentoo Linux
"{'real_name': 'Daniel Robbins (RETIRED)', 'id': 8, 'name': 'drobbins', 'email': 'drobbins'}",944,"{'email': 'cami', 'name': 'cami', 'id': 49, 'real_name': ''}",FIXED,cami,2003-04-04T01:24:44Z,High,RESOLVED,,Current packages,normal,drobbins,2002-03-03T13:25:39Z,Gentoo Linux
"{'real_name': 'Arcady Genkin (RETIRED)', 'id': 286, 'email': 'agenkin', 'name': 'agenkin'}",945,"{'name': 'jesseklee', 'email': 'jesseklee', 'real_name': 'Jesse Lee', 'id': 361}",FIXED,jesseklee,2003-02-04T19:42:18Z,High,RESOLVED,,[OLD] Games,normal,agenkin,2002-03-03T15:44:44Z,Gentoo Linux
"{'real_name': 'Dan Armak (RETIRED)', 'id': 10, 'email': 'danarmak', 'name': 'danarmak'}",946,"{'email': 'MvOstheim', 'name': 'MvOstheim', 'real_name': 'Michael v.Ostheim', 'id': 360}",FIXED,MvOstheim,2003-02-04T19:42:18Z,High,RESOLVED,,New packages,minor,danarmak,2002-03-03T15:45:17Z,Gentoo Linux
"{'id': 10, 'real_name': 'Dan Armak (RETIRED)', 'name': 'danarmak', 'email': 'danarmak'}",947,"{'id': 360, 'real_name': 'Michael v.Ostheim', 'email': 'MvOstheim', 'name': 'MvOstheim'}",FIXED,MvOstheim,2003-02-04T19:42:18Z,High,RESOLVED,,New packages,minor,danarmak,2002-03-03T16:05:19Z,Gentoo Linux
"{'name': 'blocke', 'email': 'blocke', 'real_name': 'Bruce A. Locke (RETIRED)', 'id': 171}",948,"{'id': 360, 'real_name': 'Michael v.Ostheim', 'name': 'MvOstheim', 'email': 'MvOstheim'}",FIXED,MvOstheim,2002-04-16T04:07:39Z,High,RESOLVED,,New packages,normal,blocke,2002-03-03T16:11:44Z,Gentoo Linux
"{'name': 'drobbins', 'email': 'drobbins', 'id': 8, 'real_name': 'Daniel Robbins (RETIRED)'}",949,"{'email': 'seemantk', 'name': 'seemantk', 'real_name': 'Seemant Kulleen', 'id': 254}",FIXED,seemantk,2003-02-04T19:42:18Z,High,RESOLVED,,New packages,enhancement,drobbins,2002-03-03T16:48:36Z,Gentoo Linux
"{'id': 399, 'real_name': 'Seemant Kulleen (RETIRED)', 'email': 'seemant', 'name': 'seemant'}",950,"{'email': 'seemantk', 'name': 'seemantk', 'real_name': 'Seemant Kulleen', 'id': 254}",FIXED,seemantk,2003-02-04T19:42:18Z,High,RESOLVED,,Current packages,enhancement,seemant,2002-03-03T17:29:11Z,Gentoo Linux
"{'email': 'drobbins', 'name': 'drobbins', 'real_name': 'Daniel Robbins (RETIRED)', 'id': 8}",951,"{'email': 'blocke', 'name': 'blocke', 'id': 171, 'real_name': 'Bruce A. Locke (RETIRED)'}",FIXED,blocke,2003-02-04T19:42:18Z,High,RESOLVED,,[OLD] Core system,normal,drobbins,2002-03-04T00:21:54Z,Gentoo Linux
"{'email': 'drobbins', 'name': 'drobbins', 'real_name': 'Daniel Robbins (RETIRED)', 'id': 8}",952,"{'real_name': 'Daniel Robbins (RETIRED)', 'id': 8, 'name': 'drobbins', 'email': 'drobbins'}",FIXED,drobbins,2011-10-30T22:21:44Z,High,RESOLVED,,Unclassified,normal,drobbins,2002-03-04T01:04:38Z,Portage Development
"{'name': 'bart', 'email': 'bart', 'real_name': 'Bart Verwilst', 'id': 14}",953,"{'name': 'tuxie', 'email': 'tuxie', 'id': 218, 'real_name': 'Per Wigren'}",FIXED,tuxie,2003-02-04T19:42:18Z,High,RESOLVED,,New packages,enhancement,bart,2002-03-04T02:09:21Z,Gentoo Linux
"{'real_name': 'Gentoo KDE team', 'id': 2591, 'name': 'kde', 'email': 'kde'}",954,"{'email': 'pauldv', 'name': 'pauldv', 'id': 134, 'real_name': 'Paul de Vrieze (RETIRED)'}",LATER,pauldv,2004-08-19T12:38:38Z,High,VERIFIED,,New packages,enhancement,kde,2002-03-04T04:11:29Z,Gentoo Linux
"{'id': 2591, 'real_name': 'Gentoo KDE team', 'email': 'kde', 'name': 'kde'}",955,"{'real_name': 'Paul de Vrieze (RETIRED)', 'id': 134, 'email': 'pauldv', 'name': 'pauldv'}",FIXED,pauldv,2004-08-19T12:38:48Z,High,VERIFIED,,New packages,enhancement,kde,2002-03-04T04:13:50Z,Gentoo Linux
"{'name': 'drobbins', 'email': 'drobbins', 'id': 8, 'real_name': 'Daniel Robbins (RETIRED)'}",956,"{'real_name': 'Bjarke Sørensen', 'id': 311, 'email': 'bs', 'name': 'bs'}",FIXED,bs,2011-10-30T22:22:15Z,High,RESOLVED,,Unclassified,trivial,drobbins,2002-03-04T04:39:40Z,Portage Development
"{'name': 'karltk', 'email': 'karltk', 'real_name': 'Karl Trygve Kalleberg (RETIRED)', 'id': 19}",957,"{'email': 'peter.maxwell', 'name': 'peter.maxwell', 'real_name': 'Peter Maxwell', 'id': 362}",FIXED,peter.maxwell,2002-04-13T16:55:25Z,High,RESOLVED,,New packages,enhancement,karltk,2002-03-04T06:58:53Z,Gentoo Linux
"{'name': 'karltk', 'email': 'karltk', 'id': 19, 'real_name': 'Karl Trygve Kalleberg (RETIRED)'}",958,"{'real_name': 'Peter Maxwell', 'id': 362, 'name': 'peter.maxwell', 'email': 'peter.maxwell'}",FIXED,peter.maxwell,2002-04-13T16:10:45Z,High,RESOLVED,,New packages,enhancement,karltk,2002-03-04T07:09:35Z,Gentoo Linux
"{'real_name': 'Dan Armak (RETIRED)', 'id': 10, 'name': 'danarmak', 'email': 'danarmak'}",959,"{'name': 'ykoehler', 'email': 'ykoehler', 'id': 137, 'real_name': 'Yannick Koehler (RETIRED)'}",FIXED,ykoehler,2003-02-04T19:42:18Z,Low,RESOLVED,,Current packages,enhancement,danarmak,2002-03-04T08:41:50Z,Gentoo Linux
"{'real_name': 'Donny Davies (RETIRED)', 'id': 13, 'email': 'woodchip', 'name': 'woodchip'}",960,"{'id': 9, 'real_name': 'Grant Goodyear (RETIRED)', 'email': 'g2boojum', 'name': 'g2boojum'}",FIXED,g2boojum,2003-02-04T19:42:18Z,High,RESOLVED,,[OLD] Server,normal,woodchip,2002-03-04T10:23:10Z,Gentoo Linux
"{'email': 'danarmak', 'name': 'danarmak', 'id': 10, 'real_name': 'Dan Armak (RETIRED)'}",961,"{'real_name': 'Thilo Bangert (RETIRED) (RETIRED)', 'id': 324, 'name': 'bangert', 'email': 'bangert'}",FIXED,bangert,2002-03-15T09:27:50Z,High,RESOLVED,,[OLD] KDE,enhancement,danarmak,2002-03-04T12:44:54Z,Gentoo Linux
"{'name': 'jnelson', 'email': 'jnelson', 'id': 283, 'real_name': 'Jon Nelson (RETIRED)'}",962,"{'real_name': '', 'id': 49, 'email': 'cami', 'name': 'cami'}",FIXED,cami,2003-02-04T19:42:18Z,High,RESOLVED,,Current packages,enhancement,jnelson,2002-03-04T13:54:43Z,Gentoo Linux
"{'id': 449, 'real_name': 'Spider (RETIRED)', 'name': 'spider', 'email': 'spider'}",963,"{'email': 'kurisu', 'name': 'kurisu', 'real_name': 'Chris Moore', 'id': 186}",FIXED,kurisu,2003-02-04T19:42:18Z,High,RESOLVED,,Current packages,normal,spider,2002-03-04T15:19:38Z,Gentoo Linux
"{'id': 8, 'real_name': 'Daniel Robbins (RETIRED)', 'name': 'drobbins', 'email': 'drobbins'}",964,"{'id': 171, 'real_name': 'Bruce A. Locke (RETIRED)', 'name': 'blocke', 'email': 'blocke'}",FIXED,blocke,2011-10-30T22:18:05Z,High,RESOLVED,,Unclassified,blocker,drobbins,2002-03-04T15:27:34Z,Portage Development
"{'name': 'azarah', 'email': 'azarah', 'real_name': 'Martin Schlemmer (RETIRED)', 'id': 12}",965,"{'email': 'mbkennedy', 'name': 'mbkennedy', 'id': 228, 'real_name': 'Matthew Kennedy'}",FIXED,mbkennedy,2003-02-04T19:42:18Z,High,RESOLVED,,[OLD] Core system,minor,azarah,2002-03-04T17:58:40Z,Gentoo Linux
"{'real_name': 'Daniel Robbins (RETIRED)', 'id': 8, 'email': 'drobbins', 'name': 'drobbins'}",966,"{'real_name': 'Seemant Kulleen', 'id': 254, 'email': 'seemantk', 'name': 'seemantk'}",FIXED,seemantk,2003-02-04T19:42:18Z,High,RESOLVED,,Current packages,normal,drobbins,2002-03-04T19:56:09Z,Gentoo Linux
"{'real_name': 'Donny Davies (RETIRED)', 'id': 13, 'name': 'woodchip', 'email': 'woodchip'}",967,"{'name': 'avi', 'email': 'avi', 'real_name': 'Avi Schwartz', 'id': 280}",FIXED,avi,2003-02-04T19:42:18Z,High,RESOLVED,,Current packages,normal,woodchip,2002-03-04T22:01:18Z,Gentoo Linux
"{'email': 'drobbins', 'name': 'drobbins', 'id': 8, 'real_name': 'Daniel Robbins (RETIRED)'}",968,"{'name': 'duncan_lissett', 'email': 'duncan_lissett', 'real_name': '', 'id': 323}",FIXED,duncan_lissett,2005-08-28T09:41:09Z,High,RESOLVED,,New packages,major,drobbins,2002-03-04T22:55:58Z,Gentoo Linux
"{'email': 'chouser', 'name': 'chouser', 'real_name': 'chouser (RETIRED)', 'id': 11}",969,"{'email': 'seemantk', 'name': 'seemantk', 'id': 254, 'real_name': 'Seemant Kulleen'}",FIXED,seemantk,2003-02-04T19:42:18Z,High,RESOLVED,,New packages,enhancement,chouser,2002-03-04T23:16:51Z,Gentoo Linux
"{'name': 'drobbins', 'email': 'drobbins', 'id': 8, 'real_name': 'Daniel Robbins (RETIRED)'}",970,"{'real_name': '', 'id': 49, 'name': 'cami', 'email': 'cami'}",FIXED,cami,2003-02-04T19:42:18Z,High,RESOLVED,,Current packages,normal,drobbins,2002-03-05T00:57:43Z,Gentoo Linux
"{'real_name': 'Arcady Genkin (RETIRED)', 'id': 286, 'name': 'agenkin', 'email': 'agenkin'}",971,"{'id': 134, 'real_name': 'Paul de Vrieze (RETIRED)', 'name': 'pauldv', 'email': 'pauldv'}",FIXED,pauldv,2004-08-19T12:39:24Z,High,VERIFIED,,New packages,enhancement,agenkin,2002-03-05T04:48:03Z,Gentoo Linux
"{'name': 'drobbins', 'email': 'drobbins', 'real_name': 'Daniel Robbins (RETIRED)', 'id': 8}",972,"{'real_name': 'Christian Loitsch', 'id': 344, 'email': 'gentoo-bug', 'name': 'gentoo-bug'}",FIXED,gentoo-bug,2003-02-04T19:42:18Z,Normal,RESOLVED,,[OLD] Core system,major,drobbins,2002-03-05T06:14:48Z,Gentoo Linux
"{'id': 9, 'real_name': 'Grant Goodyear (RETIRED)', 'email': 'g2boojum', 'name': 'g2boojum'}",973,"{'email': 'gentoo-bug', 'name': 'gentoo-bug', 'real_name': 'Christian Loitsch', 'id': 344}",FIXED,gentoo-bug,2003-02-04T19:42:18Z,High,VERIFIED,,Other,trivial,g2boojum,2002-03-05T06:32:59Z,[OLD] Docs-user
"{'email': 'azarah', 'name': 'azarah', 'real_name': 'Martin Schlemmer (RETIRED)', 'id': 12}",974,"{'name': 'gentoo-bug', 'email': 'gentoo-bug', 'id': 344, 'real_name': 'Christian Loitsch'}",FIXED,gentoo-bug,2003-02-04T19:42:18Z,High,RESOLVED,,[OLD] Core system,normal,azarah,2002-03-05T08:26:34Z,Gentoo Linux
"{'name': 'drobbins', 'email': 'drobbins', 'id': 8, 'real_name': 'Daniel Robbins (RETIRED)'}",975,"{'name': 'mbkennedy', 'email': 'mbkennedy', 'id': 228, 'real_name': 'Matthew Kennedy'}",FIXED,mbkennedy,2003-02-04T19:42:18Z,High,RESOLVED,,New packages,trivial,drobbins,2002-03-05T10:46:36Z,Gentoo Linux
"{'id': 1668, 'real_name': 'Nick Hadaway', 'name': 'grandmasterlinux', 'email': 'grandmasterlinux'}",976,"{'real_name': 'Nathaniel Pinckney', 'id': 367, 'email': 'nathaniel37', 'name': 'nathaniel37'}",FIXED,nathaniel37,2003-02-04T19:42:18Z,Lowest,RESOLVED,,New packages,enhancement,grandmasterlinux,2002-03-05T14:29:53Z,Gentoo Linux
"{'id': 84, 'real_name': 'Tod M. Neidt (RETIRED)', 'email': 'tod', 'name': 'tod'}",977,"{'id': 362, 'real_name': 'Peter Maxwell', 'name': 'peter.maxwell', 'email': 'peter.maxwell'}",FIXED,peter.maxwell,2002-03-15T16:21:40Z,High,RESOLVED,,[OLD] Development,trivial,tod,2002-03-05T15:59:18Z,Gentoo Linux
"{'real_name': 'Karl Trygve Kalleberg (RETIRED)', 'id': 19, 'name': 'karltk', 'email': 'karltk'}",978,"{'email': 'karltk', 'name': 'karltk', 'real_name': 'Karl Trygve Kalleberg (RETIRED)', 'id': 19}",FIXED,karltk,2003-02-04T19:42:18Z,High,RESOLVED,,[OLD] Development,normal,karltk,2002-03-05T16:12:21Z,Gentoo Linux
"{'email': 'danarmak', 'name': 'danarmak', 'real_name': 'Dan Armak (RETIRED)', 'id': 10}",979,"{'id': 354, 'real_name': 'Daryl Stimm', 'name': 'daryl', 'email': 'daryl'}",FIXED,daryl,2003-02-04T19:42:18Z,High,RESOLVED,,[OLD] KDE,normal,danarmak,2002-03-05T20:09:59Z,Gentoo Linux
"{'id': 19, 'real_name': 'Karl Trygve Kalleberg (RETIRED)', 'name': 'karltk', 'email': 'karltk'}",980,"{'email': 'mbkennedy', 'name': 'mbkennedy', 'real_name': 'Matthew Kennedy', 'id': 228}",FIXED,mbkennedy,2003-02-04T19:42:18Z,High,RESOLVED,,New packages,trivial,karltk,2002-03-05T20:12:17Z,Gentoo Linux
"{'email': 'g2boojum', 'name': 'g2boojum', 'id': 9, 'real_name': 'Grant Goodyear (RETIRED)'}",981,"{'id': 369, 'real_name': 'Jason Brown', 'email': 'gentoo', 'name': 'gentoo'}",FIXED,gentoo,2003-02-04T19:42:18Z,Low,RESOLVED,,New packages,normal,g2boojum,2002-03-05T20:35:25Z,Gentoo Linux
"{'email': 'drobbins', 'name': 'drobbins', 'real_name': 'Daniel Robbins (RETIRED)', 'id': 8}",982,"{'real_name': 'Daniel Robbins (RETIRED)', 'id': 8, 'name': 'drobbins', 'email': 'drobbins'}",FIXED,drobbins,2011-10-30T22:20:10Z,High,RESOLVED,,Unclassified,major,drobbins,2002-03-06T03:05:34Z,Portage Development
"{'name': 'azarah', 'email': 'azarah', 'id': 12, 'real_name': 'Martin Schlemmer (RETIRED)'}",983,"{'real_name': 'Arcady Genkin (RETIRED)', 'id': 286, 'name': 'agenkin', 'email': 'agenkin'}",FIXED,agenkin,2003-02-04T19:42:18Z,High,RESOLVED,,[OLD] Core system,normal,azarah,2002-03-06T07:39:02Z,Gentoo Linux
"{'real_name': 'Daniel Robbins (RETIRED)', 'id': 8, 'name': 'drobbins', 'email': 'drobbins'}",984,"{'email': 'laurent', 'name': 'laurent', 'real_name': 'Laurent Sinitambirivoutin', 'id': 71}",FIXED,laurent,2003-04-04T01:25:55Z,High,RESOLVED,,Current packages,enhancement,drobbins,2002-03-06T11:54:45Z,Gentoo Linux
"{'name': 'karltk', 'email': 'karltk', 'real_name': 'Karl Trygve Kalleberg (RETIRED)', 'id': 19}",985,"{'id': 280, 'real_name': 'Avi Schwartz', 'email': 'avi', 'name': 'avi'}",FIXED,avi,2003-02-04T19:42:18Z,High,RESOLVED,,[OLD] Core system,normal,karltk,2002-03-06T11:59:03Z,Gentoo Linux
"{'id': 399, 'real_name': 'Seemant Kulleen (RETIRED)', 'email': 'seemant', 'name': 'seemant'}",986,"{'name': 'steve_flack', 'email': 'steve_flack', 'real_name': 'Steve Flack', 'id': 237}",FIXED,steve_flack,2003-02-04T19:42:18Z,High,RESOLVED,,New packages,normal,seemant,2002-03-06T13:47:36Z,Gentoo Linux
"{'real_name': 'Grant Goodyear (RETIRED)', 'id': 9, 'email': 'g2boojum', 'name': 'g2boojum'}",987,"{'real_name': 'Geert Bevin', 'id': 5, 'email': 'gbevin', 'name': 'gbevin'}",FIXED,gbevin,2003-02-04T19:42:18Z,High,VERIFIED,,Other,normal,g2boojum,2002-03-06T14:58:06Z,[OLD] Docs-user
"{'id': 8, 'real_name': 'Daniel Robbins (RETIRED)', 'email': 'drobbins', 'name': 'drobbins'}",988,"{'id': 370, 'real_name': 'Sherman Boyd', 'email': 'meekrob', 'name': 'meekrob'}",FIXED,meekrob,2011-10-30T22:22:14Z,High,RESOLVED,,Unclassified,major,drobbins,2002-03-06T16:44:54Z,Portage Development
"{'id': 8, 'real_name': 'Daniel Robbins (RETIRED)', 'name': 'drobbins', 'email': 'drobbins'}",989,"{'id': 9, 'real_name': 'Grant Goodyear (RETIRED)', 'email': 'g2boojum', 'name': 'g2boojum'}",FIXED,g2boojum,2003-02-04T19:42:18Z,High,VERIFIED,,Other,normal,drobbins,2002-03-06T17:20:43Z,[OLD] Docs-user
"{'id': 12, 'real_name': 'Martin Schlemmer (RETIRED)', 'name': 'azarah', 'email': 'azarah'}",990,"{'email': 'Boehme.Silvio', 'name': 'Boehme.Silvio', 'id': 117, 'real_name': 'Silvio Boehme'}",FIXED,Boehme.Silvio,2002-03-10T16:23:01Z,High,RESOLVED,,[OLD] Core system,normal,azarah,2002-03-06T17:34:01Z,Gentoo Linux
"{'name': 'dev-portage', 'email': 'dev-portage', 'real_name': 'Portage team', 'id': 8876}",991,"{'real_name': 'Nathaniel Pinckney', 'id': 367, 'name': 'nathaniel37', 'email': 'nathaniel37'}",FIXED,nathaniel37,2011-10-30T22:18:37Z,Low,RESOLVED,,Unclassified,normal,dev-portage,2002-03-06T17:34:22Z,Portage Development
"{'real_name': 'Seemant Kulleen (RETIRED)', 'id': 399, 'email': 'seemant', 'name': 'seemant'}",992,"{'real_name': 'Seemant Kulleen', 'id': 254, 'email': 'seemantk', 'name': 'seemantk'}",FIXED,seemantk,2003-02-04T19:42:18Z,High,RESOLVED,,Current packages,enhancement,seemant,2002-03-06T20:26:52Z,Gentoo Linux
"{'id': 171, 'real_name': 'Bruce A. Locke (RETIRED)', 'email': 'blocke', 'name': 'blocke'}",993,"{'email': 'blocke', 'name': 'blocke', 'real_name': 'Bruce A. Locke (RETIRED)', 'id': 171}",FIXED,blocke,2003-02-04T19:42:18Z,High,RESOLVED,,[OLD] Core system,critical,blocke,2002-03-07T03:10:52Z,Gentoo Linux
"{'id': 10, 'real_name': 'Dan Armak (RETIRED)', 'name': 'danarmak', 'email': 'danarmak'}",994,"{'email': 'elvisum', 'name': 'elvisum', 'real_name': 'elvis', 'id': 371}",FIXED,elvisum,2003-02-04T19:42:18Z,High,RESOLVED,,[OLD] KDE,normal,danarmak,2002-03-07T03:20:58Z,Gentoo Linux
"{'id': 171, 'real_name': 'Bruce A. Locke (RETIRED)', 'email': 'blocke', 'name': 'blocke'}",995,"{'id': 171, 'real_name': 'Bruce A. Locke (RETIRED)', 'email': 'blocke', 'name': 'blocke'}",FIXED,blocke,2003-02-04T19:42:18Z,High,RESOLVED,,Current packages,major,blocke,2002-03-07T03:26:45Z,Gentoo Linux
"{'id': 12, 'real_name': 'Martin Schlemmer (RETIRED)', 'email': 'azarah', 'name': 'azarah'}",996,"{'id': 344, 'real_name': 'Christian Loitsch', 'email': 'gentoo-bug', 'name': 'gentoo-bug'}",FIXED,gentoo-bug,2003-02-04T19:42:18Z,High,RESOLVED,,Current packages,normal,azarah,2002-03-07T05:34:47Z,Gentoo Linux
"{'email': 'seemant', 'name': 'seemant', 'id': 399, 'real_name': 'Seemant Kulleen (RETIRED)'}",997,"{'email': 'seemantk', 'name': 'seemantk', 'real_name': 'Seemant Kulleen', 'id': 254}",FIXED,seemantk,2003-02-04T19:42:18Z,High,RESOLVED,,New packages,enhancement,seemant,2002-03-07T10:39:53Z,Gentoo Linux
"{'real_name': 'Arcady Genkin (RETIRED)', 'id': 286, 'name': 'agenkin', 'email': 'agenkin'}",998,"{'id': 9, 'real_name': 'Grant Goodyear (RETIRED)', 'email': 'g2boojum', 'name': 'g2boojum'}",FIXED,g2boojum,2003-02-04T19:42:18Z,High,RESOLVED,,[OLD] Unspecified,enhancement,agenkin,2002-03-07T10:49:26Z,Gentoo Linux
"{'email': 'drobbins', 'name': 'drobbins', 'id': 8, 'real_name': 'Daniel Robbins (RETIRED)'}",999,"{'name': 'g2boojum', 'email': 'g2boojum', 'id': 9, 'real_name': 'Grant Goodyear (RETIRED)'}",FIXED,g2boojum,2011-10-30T22:18:09Z,High,RESOLVED,,Unclassified,normal,drobbins,2002-03-07T12:34:32Z,Portage Development
"{'email': 'drobbins', 'name': 'drobbins', 'id': 8, 'real_name': 'Daniel Robbins (RETIRED)'}",1000,"{'name': 'lostlogic', 'email': 'lostlogic', 'id': 290, 'real_name': 'Brandon Low (RETIRED)'}",FIXED,lostlogic,2003-02-04T19:42:18Z,High,RESOLVED,,[OLD] Core system,normal,drobbins,2002-03-07T12:42:44Z,Gentoo Linux
"{'real_name': 'Daniel Robbins (RETIRED)', 'id': 8, 'name': 'drobbins', 'email': 'drobbins'}",1001,"{'email': 'steve_flack', 'name': 'steve_flack', 'id': 237, 'real_name': 'Steve Flack'}",FIXED,steve_flack,2002-03-07T14:01:16Z,High,RESOLVED,,New packages,normal,drobbins,2002-03-07T13:18:28Z,Gentoo Linux
